-- phpMyAdmin SQL Dump
-- version 4.9.7
-- https://www.phpmyadmin.net/
--
-- Host: localhost:3306
-- Generation Time: Jul 05, 2022 at 06:42 AM
-- Server version: 5.7.23-23
-- PHP Version: 7.3.32

SET SQL_MODE = "NO_AUTO_VALUE_ON_ZERO";
SET AUTOCOMMIT = 0;
START TRANSACTION;
SET time_zone = "+00:00";


/*!40101 SET @OLD_CHARACTER_SET_CLIENT=@@CHARACTER_SET_CLIENT */;
/*!40101 SET @OLD_CHARACTER_SET_RESULTS=@@CHARACTER_SET_RESULTS */;
/*!40101 SET @OLD_COLLATION_CONNECTION=@@COLLATION_CONNECTION */;
/*!40101 SET NAMES utf8mb4 */;

--
-- Database: `eoxyslqw_lifetrack`
--

-- --------------------------------------------------------

--
-- Table structure for table `activitys`
--

CREATE TABLE `activitys` (
  `id` bigint(20) UNSIGNED NOT NULL,
  `username` varchar(255) COLLATE utf8mb4_unicode_ci NOT NULL,
  `slug` varchar(255) COLLATE utf8mb4_unicode_ci NOT NULL,
  `parent_id` int(10) UNSIGNED DEFAULT '0',
  `status` varchar(255) COLLATE utf8mb4_unicode_ci NOT NULL,
  `activity` varchar(255) COLLATE utf8mb4_unicode_ci NOT NULL,
  `catgory` varchar(225) COLLATE utf8mb4_unicode_ci DEFAULT NULL,
  `parent_catgory` int(100) DEFAULT NULL,
  `sub_category` int(100) DEFAULT NULL,
  `starttime` varchar(255) COLLATE utf8mb4_unicode_ci NOT NULL,
  `endtime` varchar(255) COLLATE utf8mb4_unicode_ci NOT NULL,
  `selectcolor` varchar(255) COLLATE utf8mb4_unicode_ci DEFAULT NULL,
  `selectprivacy` varchar(255) COLLATE utf8mb4_unicode_ci NOT NULL,
  `created_at` timestamp NULL DEFAULT NULL,
  `updated_at` timestamp NULL DEFAULT NULL
) ENGINE=InnoDB DEFAULT CHARSET=utf8mb4 COLLATE=utf8mb4_unicode_ci;

--
-- Dumping data for table `activitys`
--

INSERT INTO `activitys` (`id`, `username`, `slug`, `parent_id`, `status`, `activity`, `catgory`, `parent_catgory`, `sub_category`, `starttime`, `endtime`, `selectcolor`, `selectprivacy`, `created_at`, `updated_at`) VALUES
(1, '272', 'working', NULL, 'enable', 'Working', NULL, 14, 15, '14:40', '14:45', 'hsv(0, 44%, 79%)', '1', '2022-05-27 09:11:31', '2022-05-27 09:11:31'),
(2, '254', 'Study', 0, '', 'Study', NULL, 14, 15, '12:00', '14:20', '#E5E4E2', '1', '2022-05-27 09:23:08', '2022-05-27 09:23:08'),
(3, '281', '', 0, '', 'work', NULL, 17, 18, '09:00', '12:00', '4294198070', '0', '2022-05-28 18:28:56', '2022-05-28 18:28:56'),
(4, '274', '', 0, '', 'kitchen wash', NULL, NULL, NULL, '', '', NULL, '', '2022-05-30 07:17:49', '2022-06-23 12:11:43'),
(5, '274', '', 0, '', 'runni', NULL, NULL, NULL, '', '', NULL, '', '2022-05-30 07:18:33', '2022-06-28 12:00:32'),
(6, '274', '', 0, '', 'teaching kids', NULL, 19, 23, '19:00', '20:00', '4282682111', '0', '2022-05-30 07:20:28', '2022-05-30 07:20:28'),
(7, '274', '', 0, '', 'meeting', NULL, 19, 20, '13:00', '13:30', '4294961979', '0', '2022-05-30 07:23:16', '2022-05-30 07:23:16'),
(8, '287', '', 0, '', 'GYM1', NULL, NULL, NULL, '', '', NULL, '', '2022-06-10 05:12:22', '2022-06-24 04:22:48'),
(9, '287', '', 0, '', 'flutter', NULL, 17, 18, '13:00', '17:01', '4294961979', '1', '2022-06-10 05:13:08', '2022-06-10 05:13:08'),
(10, '287', '', 0, '', 'lunch', NULL, 14, 15, '14:10', '14:41', '4294961979', '0', '2022-06-10 05:13:58', '2022-06-10 05:13:58'),
(11, '308', '', 0, '', 'gym', NULL, 14, 16, '16:20', '16:50', '4294198070', '0', '2022-06-13 10:51:13', '2022-06-13 10:51:13'),
(12, '308', '', 0, '', 'care', NULL, 19, 20, '18:30', '19:02', '4294961979', '1', '2022-06-13 10:52:28', '2022-06-13 10:52:28'),
(13, '308', '', 0, '', 'cricket', NULL, 19, 20, '00:29', '02:29', '4283215696', '1', '2022-06-13 10:59:48', '2022-06-13 10:59:48'),
(14, '274', '', 0, '', 'help', NULL, 19, 20, '17:00', '17:05', '4294961979', '0', '2022-06-14 11:14:54', '2022-06-14 11:14:54'),
(15, '287', '', 0, '', 'fiod', NULL, 19, 23, '18:14', '18:29', '4294198070', '0', '2022-06-14 11:20:38', '2022-06-14 11:20:38'),
(16, '309', '', 0, '', 'weight', NULL, 14, 16, '04:00', '05:00', '4294961979', '0', '2022-06-14 11:30:13', '2022-06-14 11:30:13'),
(17, '309', '', 0, '', 'weight', NULL, 14, 16, '05:00', '06:00', '4294961979', '0', '2022-06-14 11:31:05', '2022-06-14 11:31:05'),
(18, '309', '', 0, '', 'goals', NULL, 17, 22, '17:00', '18:00', '4294961979', '1', '2022-06-14 11:32:30', '2022-06-14 11:32:30'),
(19, '310', '', 0, '', 'morning exercise', NULL, 14, 16, '09:00', '10:00', '4294961979', '1', '2022-06-14 11:34:35', '2022-06-14 11:34:35'),
(20, '310', '', 0, '', 'thank', NULL, 19, 20, '12:05', '14:05', '4283215696', '1', '2022-06-14 11:35:16', '2022-06-14 11:35:16'),
(21, '311', '', 0, '', 'gym', NULL, 14, 16, '00:00', '00:10', '4280391411', '1', '2022-06-15 06:13:27', '2022-06-15 06:13:27'),
(22, '311', '', 0, '', 'donation', NULL, 19, 23, '00:54', '06:54', '4294940672', '1', '2022-06-15 06:24:37', '2022-06-15 06:24:37'),
(23, '311', '', 0, '', 'save money', NULL, 17, 22, '12:59', '23:59', '4294198070', '0', '2022-06-15 06:30:14', '2022-06-15 06:30:14'),
(24, '311', '', 0, '', 'visit', NULL, 19, 20, '12:00', '13:00', '4293467747', '1', '2022-06-15 06:30:42', '2022-06-15 06:30:42'),
(25, '311', '', 0, '', 'travel', NULL, 17, 22, '10:00', '11:00', '4284513675', '0', '2022-06-15 06:34:02', '2022-06-15 06:34:02'),
(26, '311', '', 0, '', 'lunch', NULL, 14, 15, '12:00', '14:00', '4283215696', '1', '2022-06-15 06:34:47', '2022-06-15 06:34:47'),
(27, '311', '', 0, '', 'meeting', NULL, 17, 18, '15:00', '16:00', '4282682111', '0', '2022-06-15 06:35:14', '2022-06-15 06:35:14'),
(28, '287', '', 0, '', 'hsggs', NULL, 17, 18, '00:06', '01:48', '4294961979', '1', '2022-06-16 13:19:09', '2022-06-16 13:19:09'),
(29, '312', '', 0, '', 'gym', NULL, 17, 22, '12:05', '12:30', '4294961979', '1', '2022-06-17 12:18:04', '2022-06-17 12:18:04'),
(30, '312', '', 0, '', 'donation', NULL, 19, 23, '11:00', '12:48', '4284513675', '0', '2022-06-17 12:18:56', '2022-06-17 12:18:56'),
(31, '312', '', 0, '', 'gym', NULL, 14, 16, '12:49', '18:49', '4294940672', '0', '2022-06-17 12:19:26', '2022-06-17 12:19:26'),
(32, '313', '', 0, '', 'earning', NULL, 17, 22, '07:00', '23:00', '4294961979', '1', '2022-06-18 06:19:57', '2022-06-18 06:19:57'),
(33, '314', '', 0, '', 'donate', NULL, 14, 16, '07:30', '09:25', '4283215696', '1', '2022-06-20 05:13:23', '2022-06-20 05:13:23'),
(34, '314', '', 0, '', 'gym', NULL, 19, 20, '06:40', '08:00', '4294940672', '0', '2022-06-20 05:14:23', '2022-06-20 05:14:23'),
(35, '315', '', 0, '', 'demo', NULL, 19, 20, '06:35', '08:30', '4282682111', '0', '2022-06-20 05:32:46', '2022-06-20 05:32:46'),
(36, '315', '', 0, '', 'demoqq', NULL, 19, 23, '06:35', '08:30', '4283215696', '0', '2022-06-20 05:33:37', '2022-06-20 05:33:37'),
(37, '315', '', 0, '', 'fhv', NULL, 17, 22, '06:04', '07:04', '4283215696', '0', '2022-06-20 05:34:56', '2022-06-20 05:34:56'),
(38, '287', '', 0, '', 'ghvv', NULL, 19, 20, '08:05', '09:05', '4283215696', '1', '2022-06-20 05:36:01', '2022-06-20 05:36:01'),
(39, '315', '', 0, '', 'plok', NULL, 19, 20, '06:08', '08:08', '4283215696', '0', '2022-06-20 05:38:37', '2022-06-20 05:38:37'),
(40, '317', '', 0, '', 'rest', NULL, 17, 22, '06:20', '07:20', '4294940672', '0', '2022-06-20 05:50:46', '2022-06-20 05:50:46'),
(41, '287', '', 0, '', 'tguu', NULL, 17, 18, '15:19', '18:15', '4283215696', '1', '2022-06-21 12:45:30', '2022-06-21 12:45:30'),
(42, '319', '', 0, '', 'donation', NULL, NULL, NULL, '', '', NULL, '', '2022-06-21 13:14:03', '2022-06-24 06:13:23'),
(43, '319', '', 0, '', 'gym', NULL, 14, 16, '04:00', '05:00', '4294961979', '0', '2022-06-21 13:15:48', '2022-06-21 13:15:48'),
(44, '319', '', 0, '', 'heathy food', NULL, NULL, NULL, '', '', NULL, '', '2022-06-21 13:16:22', '2022-06-27 06:14:50'),
(45, '319', '', 0, '', 'meeting', NULL, 17, 18, '17:00', '18:00', '4284513675', '1', '2022-06-21 13:16:50', '2022-06-21 13:16:50'),
(46, '319', '', 0, '', 'testings', NULL, 17, 18, '11:00', '18:00', '4293467747', '1', '2022-06-21 13:18:01', '2022-06-21 13:18:01'),
(47, '274', '', 0, '', 'hruhf', NULL, NULL, NULL, '', '', NULL, '', '2022-06-21 13:50:15', '2022-06-30 13:14:25'),
(48, '274', '', 0, '', 'gg', NULL, 17, 18, '04:57', '06:57', '4294961979', '0', '2022-06-22 03:27:27', '2022-06-22 03:27:27'),
(49, '287', '', 0, '', 'Testing Raja', NULL, 17, 22, '04:10', '07:27', '4284513675', '1', '2022-06-28 09:39:18', '2022-06-28 09:39:18'),
(50, '287', '', 0, '', 'gshhshs', NULL, 19, 23, '14:35', '15:09', '4280391411', '0', '2022-06-28 09:39:55', '2022-06-28 09:39:55'),
(51, '287', '', 0, '', 'eyeheheh', NULL, 19, 20, '11:10', '16:31', '4283215696', '0', '2022-06-28 09:40:43', '2022-06-28 09:40:43'),
(52, '287', '', 0, '', 'hdjfjfj', NULL, 19, 20, '03:43', '10:20', '4294961979', '1', '2022-06-28 09:41:36', '2022-06-28 09:41:36'),
(53, '287', '', 0, '', 'heyey', NULL, 19, 23, '04:15', '15:12', '4294198070', '0', '2022-06-28 09:45:28', '2022-06-28 09:45:28'),
(54, '287', '', 0, '', 'xghf', NULL, 17, 22, '08:23', '15:23', '4280391411', '0', '2022-06-28 09:54:17', '2022-06-28 09:54:17'),
(55, '274', '', 0, '', 'dghkjj', NULL, 17, 18, '15:38', '15:39', '4294940672', '0', '2022-06-28 10:09:10', '2022-06-28 10:09:10'),
(56, '287', '', 0, '', 'gyii', NULL, 19, 23, '15:44', '16:44', '4282682111', '0', '2022-06-28 10:14:37', '2022-06-28 10:14:37'),
(57, '274', '', 0, '', 'vhhbb', NULL, 17, 22, '02:46', '07:46', '4282682111', '0', '2022-06-28 10:17:02', '2022-06-28 10:17:02'),
(58, '274', '', 0, '', 'Abcd', NULL, NULL, NULL, '', '', NULL, '', '2022-06-28 10:44:51', '2022-06-28 10:45:30'),
(59, '322', '', 0, '', 'gym', NULL, 14, 16, '02:15', '02:24', '4294961979', '0', '2022-06-28 11:54:58', '2022-06-28 11:54:58'),
(60, '322', '', 0, '', 'cricket', NULL, 14, 16, '02:10', '02:26', '4283215696', '1', '2022-06-28 11:56:25', '2022-06-28 11:56:25'),
(61, '274', '', 0, '', 'football', NULL, 14, 16, '02:31', '03:31', '4282682111', '1', '2022-06-28 12:01:24', '2022-06-28 12:01:24'),
(62, '322', '', 0, '', 'food', NULL, 17, 22, '01:10', '02:05', '4294940672', '1', '2022-06-28 12:30:18', '2022-06-28 12:30:18'),
(63, '322', '', 0, '', 'office furniture', NULL, 17, 18, '10:01', '10:10', '4282682111', '1', '2022-06-28 12:31:25', '2022-06-28 12:31:25'),
(64, '322', '', 0, '', 'fhjj', NULL, 19, 23, '12:05', '12:10', '4283215696', '1', '2022-06-28 12:35:34', '2022-06-28 12:35:34'),
(65, '323', '', 0, '', 'moon', NULL, 19, 23, '12:30', '12:35', '4294961979', '1', '2022-06-28 12:50:10', '2022-06-28 12:50:10'),
(66, '323', '', 0, '', 'picnic', NULL, 19, 20, '04:30', '04:35', '4283215696', '1', '2022-06-28 12:54:59', '2022-06-28 12:54:59'),
(67, '323', '', 0, '', 'xyz', NULL, 17, 22, '02:27', '02:50', '4294961979', '1', '2022-06-28 12:57:37', '2022-06-28 12:57:37'),
(68, '323', '', 0, '', 'jhuj', NULL, 19, 23, '02:28', '02:40', '4294961979', '1', '2022-06-28 12:59:02', '2022-06-28 12:59:02'),
(69, '323', '', 0, '', 'fiviv', NULL, 17, 22, '01:31', '03:31', '4294940672', '1', '2022-06-28 13:01:09', '2022-06-28 13:01:09'),
(70, '323', '', 0, '', 'qwert', NULL, 14, 15, '08:33', '08:40', '4282682111', '1', '2022-06-28 13:03:31', '2022-06-28 13:03:31'),
(71, '322', '', 0, '', 'fghgg', NULL, 17, 22, '12:41', '12:45', '4283215696', '1', '2022-06-28 13:11:55', '2022-06-28 13:11:55'),
(72, '324', '', 0, '', 'office furniture', NULL, 17, 22, '12:44', '12:55', '4294961979', '1', '2022-06-28 13:14:26', '2022-06-28 13:14:26'),
(73, '325', '', 0, '', 'hhjjjj', NULL, 19, 23, '02:33', '02:45', '4294198070', '1', '2022-06-28 14:03:35', '2022-06-28 14:03:35'),
(74, '326', '', 0, '', 'gym', NULL, 14, 16, '04:30', '06:00', '4294961979', '1', '2022-06-29 05:10:40', '2022-06-29 05:10:40'),
(75, '321', '', 0, '', 'fitnesssss', NULL, NULL, NULL, '', '', NULL, '', '2022-06-29 05:37:15', '2022-06-30 06:34:05'),
(76, '321', '', 0, '', 'gymnastics', NULL, 14, 16, '06:00', '07:00', '4294961979', '1', '2022-06-29 05:37:48', '2022-06-29 05:37:48'),
(77, '321', '', 0, '', 'meetings', NULL, NULL, NULL, '', '', NULL, '', '2022-06-29 05:38:53', '2022-06-30 06:32:36'),
(78, '321', '', 0, '', 'Donation', NULL, NULL, NULL, '', '', NULL, '', '2022-06-29 05:43:09', '2022-06-30 06:32:32'),
(79, '328', '', 0, '', 'family', NULL, 17, 22, '02:30', '02:50', '4294961979', '0', '2022-06-29 05:44:05', '2022-06-29 05:44:05'),
(80, '329', '', 0, '', 'health', NULL, 19, 20, '06:30', '08:00', '4294198070', '0', '2022-06-29 05:56:21', '2022-06-29 05:56:21'),
(81, '319', '', 0, '', 'xdrrd', NULL, 19, 23, '01:00', '04:00', '4283215696', '0', '2022-06-29 06:46:50', '2022-06-29 06:46:50'),
(82, '319', '', 0, '', 'money', NULL, 17, 22, '02:00', '04:00', '4280391411', '0', '2022-06-29 06:49:08', '2022-06-29 06:49:08'),
(83, '321', '', 0, '', 'school', NULL, 17, 18, '04:20', '04:30', '4294198070', '0', '2022-06-29 07:39:43', '2022-06-29 07:39:43'),
(84, '287', '', 0, '', 'sun', NULL, 19, 23, '', '', '4283215696', '1', '2022-06-29 11:57:18', '2022-06-29 11:57:18'),
(85, '287', '', 0, '', 'gymmmm', NULL, 17, 22, '', '', '4294198070', '0', '2022-06-29 12:50:18', '2022-06-29 12:50:18'),
(86, '330', '', 0, '', 'Welcome to Gboard clipboard, any text that you copy will be saved here.', NULL, 19, 23, '', '', '4294198070', '1', '2022-06-29 13:00:00', '2022-06-29 13:00:00'),
(87, '331', '', 0, '', 'work', NULL, 19, 20, '', '', '4294198070', '1', '2022-06-29 13:06:38', '2022-06-29 13:06:38'),
(88, '332', '', 0, '', 'Gym', NULL, 14, 16, '', '', '4294198070', '1', '2022-06-30 04:44:07', '2022-06-30 04:44:07'),
(89, '333', '', 0, '', 'Running', NULL, 14, 16, '', '', '4283215696', '1', '2022-06-30 05:09:50', '2022-06-30 05:09:50'),
(90, '334', '', 0, '', 'fghjk', NULL, 17, 22, '', '', '4294198070', '0', '2022-06-30 05:36:35', '2022-06-30 05:36:35'),
(91, '319', '', 0, '', 'body', NULL, 14, 16, '', '', '4294961979', '1', '2022-06-30 05:39:52', '2022-06-30 05:39:52'),
(92, '334', '', 0, '', 'GYM', NULL, 14, 15, '', '', '4280391411', '1', '2022-06-30 06:43:02', '2022-06-30 06:43:02'),
(93, '334', '', 0, '', 'Breakfast', NULL, 14, 15, '', '', '4294961979', '1', '2022-06-30 06:43:39', '2022-06-30 06:43:39'),
(94, '320', '', 0, '', 'good food', NULL, 14, 15, '', '', '4280391411', '1', '2022-06-30 11:36:02', '2022-06-30 11:36:02'),
(95, '320', '', 0, '', 'daily yoga', NULL, 14, 16, '', '', '4283215696', '1', '2022-06-30 11:36:25', '2022-06-30 11:36:25'),
(96, '320', '', 0, '', 'meeting', NULL, 17, 18, '', '', '4294961979', '1', '2022-06-30 11:36:43', '2022-06-30 11:36:43'),
(97, '320', '', 0, '', 'earn Money', NULL, NULL, NULL, '', '', NULL, '', '2022-06-30 11:37:12', '2022-06-30 11:37:18'),
(98, '320', '', 0, '', 'drop my child to school', NULL, 19, 20, '', '', '4282682111', '0', '2022-06-30 11:37:40', '2022-06-30 11:37:40'),
(99, '320', '', 0, '', 'Donation', NULL, 19, 23, '', '', '4284513675', '1', '2022-06-30 11:38:05', '2022-06-30 11:38:05'),
(100, '274', '', 0, '', 'tapan', NULL, 19, 23, '', '', '4280391411', '0', '2022-06-30 13:24:36', '2022-06-30 13:24:36'),
(101, '319', '', 0, '', 'home', NULL, 17, 22, '', '', '4293467747', '1', '2022-07-05 10:34:46', '2022-07-05 10:34:46');

-- --------------------------------------------------------

--
-- Table structure for table `categories`
--

CREATE TABLE `categories` (
  `id` bigint(20) UNSIGNED NOT NULL,
  `parent_id` int(11) DEFAULT '0',
  `level` bigint(20) NOT NULL DEFAULT '0',
  `discription` longtext COLLATE utf8mb4_unicode_ci NOT NULL,
  `commision` int(11) DEFAULT '0',
  `status` varchar(200) COLLATE utf8mb4_unicode_ci NOT NULL DEFAULT 'enable',
  `title` varchar(255) COLLATE utf8mb4_unicode_ci NOT NULL,
  `slug` varchar(255) COLLATE utf8mb4_unicode_ci DEFAULT NULL,
  `created_at` timestamp NULL DEFAULT CURRENT_TIMESTAMP,
  `updated_at` timestamp NULL DEFAULT CURRENT_TIMESTAMP
) ENGINE=InnoDB DEFAULT CHARSET=utf8mb4 COLLATE=utf8mb4_unicode_ci;

--
-- Dumping data for table `categories`
--

INSERT INTO `categories` (`id`, `parent_id`, `level`, `discription`, `commision`, `status`, `title`, `slug`, `created_at`, `updated_at`) VALUES
(14, 0, 0, 'tyr', NULL, 'enable', 'Health', 'health', '2022-03-04 01:08:17', '2022-03-04 01:08:17'),
(15, 14, 0, 'hj', NULL, 'enable', 'Basic', 'basic', '2022-03-04 01:08:43', '2022-03-04 01:08:50'),
(16, 14, 0, 'ff', NULL, 'enable', 'Exercise', 'exercise', '2022-03-04 01:09:15', '2022-03-04 03:06:48'),
(17, 0, 0, 'gd', NULL, 'enable', 'Responsibility', 'responsibility', '2022-03-04 01:10:20', '2022-03-04 01:10:20'),
(18, 17, 0, 'sg', NULL, 'enable', 'Work', 'work', '2022-03-04 01:10:44', '2022-03-04 01:10:44'),
(19, 0, 0, 'dg', NULL, 'enable', 'Kindness', 'kindness', '2022-03-04 01:11:42', '2022-03-04 01:11:42'),
(20, 19, 0, 'kik', NULL, 'enable', 'Family', 'family', '2022-03-04 01:13:27', '2022-03-04 01:16:18'),
(21, 0, 0, 'ui', NULL, 'enable', 'None', 'none', '2022-03-04 01:16:03', '2022-03-04 01:16:03'),
(22, 17, 0, 'ihio', NULL, 'enable', 'Goals', 'goals', '2022-03-04 01:17:08', '2022-03-04 01:17:08'),
(23, 19, 0, 'uyi', NULL, 'enable', 'Charity', 'charity', '2022-03-04 01:17:34', '2022-03-04 01:17:34');

-- --------------------------------------------------------

--
-- Table structure for table `contactlist`
--

CREATE TABLE `contactlist` (
  `id` bigint(20) UNSIGNED NOT NULL,
  `user_id` bigint(20) UNSIGNED NOT NULL,
  `group_id` bigint(20) UNSIGNED NOT NULL,
  `admin` int(11) NOT NULL,
  `accpet` tinyint(1) NOT NULL,
  `created_at` timestamp NULL DEFAULT NULL,
  `updated_at` timestamp NULL DEFAULT NULL
) ENGINE=InnoDB DEFAULT CHARSET=utf8mb4 COLLATE=utf8mb4_unicode_ci;

--
-- Dumping data for table `contactlist`
--

INSERT INTO `contactlist` (`id`, `user_id`, `group_id`, `admin`, `accpet`, `created_at`, `updated_at`) VALUES
(141, 273, 72, 127, 0, '2022-06-14 12:24:50', '2022-06-14 12:24:50'),
(144, 273, 74, 127, 0, '2022-06-16 13:16:01', '2022-06-16 13:16:01'),
(177, 274, 93, 127, 1, '2022-06-25 09:55:41', '2022-06-25 09:55:41'),
(181, 273, 94, 127, 0, '2022-06-27 05:43:57', '2022-06-27 05:43:57'),
(183, 274, 94, 127, 0, '2022-06-27 05:45:13', '2022-06-27 05:45:13'),
(184, 274, 95, 127, 1, '2022-06-27 06:37:33', '2022-06-27 06:37:33'),
(194, 274, 96, 127, 1, '2022-06-27 10:22:33', '2022-06-27 10:22:33'),
(196, 274, 97, 127, 1, '2022-06-27 10:23:19', '2022-06-27 10:23:19'),
(198, 274, 98, 127, 1, '2022-06-27 10:39:13', '2022-06-27 10:39:13'),
(200, 274, 99, 127, 1, '2022-06-27 10:40:01', '2022-06-27 10:40:01'),
(202, 274, 100, 127, 1, '2022-06-27 10:41:59', '2022-06-27 10:41:59'),
(204, 274, 101, 127, 1, '2022-06-27 10:43:17', '2022-06-27 10:43:17'),
(208, 274, 102, 127, 1, '2022-06-27 11:31:40', '2022-06-27 11:31:40'),
(210, 274, 103, 127, 1, '2022-06-27 11:33:53', '2022-06-27 11:33:53'),
(212, 274, 104, 274, 1, '2022-06-27 11:41:02', '2022-06-27 11:41:02'),
(214, 274, 105, 274, 1, '2022-06-27 11:43:43', '2022-06-27 11:43:43'),
(216, 274, 106, 274, 1, '2022-06-27 11:44:03', '2022-06-27 11:44:03'),
(218, 274, 107, 274, 1, '2022-06-27 11:45:42', '2022-06-27 11:45:42'),
(220, 274, 108, 274, 1, '2022-06-27 11:45:55', '2022-06-27 11:45:55'),
(222, 274, 109, 274, 1, '2022-06-28 12:05:42', '2022-06-28 12:05:42'),
(227, 274, 47, 287, 0, '2022-06-29 11:16:27', '2022-06-29 11:16:27'),
(228, 273, 47, 287, 0, '2022-06-29 11:16:27', '2022-06-29 11:16:27'),
(229, 314, 47, 287, 0, '2022-06-29 11:16:27', '2022-06-29 11:16:27'),
(232, 287, 110, 333, 0, '2022-06-30 05:21:54', '2022-06-30 05:21:54');

-- --------------------------------------------------------

--
-- Table structure for table `fillings`
--

CREATE TABLE `fillings` (
  `id` bigint(20) UNSIGNED NOT NULL,
  `user_id` int(11) NOT NULL,
  `review_massge` varchar(255) COLLATE utf8mb4_unicode_ci NOT NULL,
  `review_date` date NOT NULL,
  `status` tinyint(1) NOT NULL DEFAULT '0',
  `created_at` timestamp NULL DEFAULT NULL,
  `updated_at` timestamp NULL DEFAULT NULL
) ENGINE=InnoDB DEFAULT CHARSET=utf8mb4 COLLATE=utf8mb4_unicode_ci;

--
-- Dumping data for table `fillings`
--

INSERT INTO `fillings` (`id`, `user_id`, `review_massge`, `review_date`, `status`, `created_at`, `updated_at`) VALUES
(1, 165, 'Happy', '2022-03-24', 0, '2022-03-24 05:31:12', '2022-03-24 05:31:12'),
(2, 165, 'Happy', '2022-03-24', 0, '2022-03-24 05:31:14', '2022-03-24 05:31:14'),
(3, 165, 'Happy', '2022-03-24', 0, '2022-03-24 05:31:16', '2022-03-24 05:31:16'),
(4, 287, 'Very Sad', '2022-04-29', 0, '2022-04-29 07:08:39', '2022-06-22 07:22:02'),
(5, 287, 'Happy', '2022-05-27', 0, '2022-05-27 06:45:59', '2022-05-27 06:45:59'),
(6, 274, 'Very Happy', '2022-05-27', 0, '2022-05-27 07:18:27', '2022-06-28 12:12:20'),
(7, 287, 'Happy', '2022-06-02', 0, '2022-06-02 06:11:07', '2022-06-02 06:11:07'),
(8, 310, 'Very Happy', '2022-06-14', 0, '2022-06-14 11:43:51', '2022-06-14 11:44:10'),
(9, 311, 'Happy', '2022-06-15', 0, '2022-06-15 06:17:03', '2022-06-16 09:35:39'),
(10, 312, 'Sad', '2022-06-17', 0, '2022-06-17 12:36:59', '2022-06-17 12:36:59'),
(11, 313, 'Very Sad', '2022-06-18', 0, '2022-06-18 08:54:09', '2022-06-18 08:54:15'),
(12, 319, 'Happy', '2022-06-21', 0, '2022-06-21 13:15:08', '2022-07-05 11:21:25'),
(13, 322, 'Happy', '2022-06-28', 0, '2022-06-28 12:29:05', '2022-06-28 12:29:05'),
(14, 326, 'Very Sad', '2022-06-29', 0, '2022-06-29 05:10:59', '2022-06-29 05:10:59'),
(15, 320, 'Very Happy', '2022-06-30', 0, '2022-06-30 11:34:37', '2022-06-30 11:35:36');

-- --------------------------------------------------------

--
-- Table structure for table `friends`
--

CREATE TABLE `friends` (
  `id` bigint(20) UNSIGNED NOT NULL,
  `friend_from` varchar(255) COLLATE utf8mb4_unicode_ci NOT NULL,
  `friend_to` varchar(225) COLLATE utf8mb4_unicode_ci NOT NULL,
  `status` enum('Send','Accept','Decline') COLLATE utf8mb4_unicode_ci NOT NULL,
  `created_at` timestamp NULL DEFAULT NULL,
  `updated_at` timestamp NULL DEFAULT NULL
) ENGINE=InnoDB DEFAULT CHARSET=utf8mb4 COLLATE=utf8mb4_unicode_ci;

--
-- Dumping data for table `friends`
--

INSERT INTO `friends` (`id`, `friend_from`, `friend_to`, `status`, `created_at`, `updated_at`) VALUES
(1, '151', '151', 'Send', '2022-03-23 00:41:09', '2022-03-23 00:41:09'),
(2, '151', '152', 'Decline', '2022-03-23 00:41:10', '2022-03-23 00:41:10'),
(3, '288', '152', 'Accept', '2022-03-23 00:41:12', '2022-03-23 00:41:12'),
(4, '165', '154', 'Accept', '2022-03-23 00:41:16', '2022-03-23 00:41:16'),
(5, '165', '153', 'Decline', '2022-03-23 00:41:17', '2022-03-23 06:57:22'),
(6, '165', '153', 'Send', '2022-03-23 00:41:18', '2022-03-23 07:37:52'),
(7, '165', '15', 'Decline', '2022-03-23 00:59:30', '2022-03-23 07:59:29'),
(8, '165', '151', 'Decline', '2022-03-23 01:01:16', '2022-03-23 07:40:06'),
(9, '165', '151', 'Decline', '2022-03-23 04:14:50', '2022-03-23 07:51:43'),
(10, '165', '151', 'Decline', '2022-03-23 04:16:43', '2022-03-23 07:52:30'),
(11, '165', '151', 'Send', '2022-03-24 00:50:23', '2022-03-24 00:50:23'),
(12, '165', '151', 'Send', '2022-04-06 07:20:04', '2022-04-06 07:20:04'),
(13, '165', '151', 'Send', '2022-04-06 07:24:12', '2022-04-06 07:24:12'),
(14, '165', '151', 'Send', '2022-04-06 07:30:39', '2022-04-06 07:30:39'),
(15, '165', '151', 'Decline', '2022-04-06 08:41:25', '2022-04-08 13:35:09'),
(16, '165', '151', 'Send', '2022-04-06 08:46:26', '2022-04-06 08:46:26'),
(17, '165', '151', 'Send', '2022-04-06 08:46:59', '2022-04-06 08:46:59'),
(18, '165', '151', 'Send', '2022-04-06 08:47:51', '2022-04-06 08:47:51'),
(19, '290', '287', 'Accept', '2022-04-06 08:48:24', '2022-06-08 10:40:53'),
(21, '273', '287', 'Accept', '2022-04-06 08:49:42', '2022-06-08 13:42:52'),
(22, '165', '151', 'Send', '2022-04-06 08:49:48', '2022-04-06 08:49:48'),
(23, '291', '287', 'Accept', '2022-04-06 08:49:52', '2022-06-07 13:35:23'),
(24, '287', '151', 'Send', '2022-05-27 08:48:47', '2022-05-27 08:48:47'),
(39, '287', '290', 'Send', '2022-06-02 13:24:25', '2022-06-02 13:25:34'),
(40, '287', '291', 'Accept', '2022-06-03 05:27:34', '2022-06-03 05:27:34'),
(41, '287', '274', 'Decline', '2022-06-09 08:44:07', '2022-06-27 10:01:44'),
(43, '287', '292', 'Send', '2022-06-09 09:45:12', '2022-06-09 09:45:12'),
(47, '310', '274', 'Accept', '2022-06-14 11:42:37', '2022-06-14 11:42:58'),
(48, '319', '320', 'Accept', '2022-06-22 11:23:21', '2022-06-30 11:45:34'),
(49, '319', '274', 'Accept', '2022-06-24 07:00:46', '2022-06-24 07:03:01'),
(51, '287', '295', 'Send', '2022-06-24 11:07:49', '2022-06-24 11:07:49'),
(52, '314', '287', 'Accept', '2022-06-24 13:24:16', '2022-06-24 13:25:08'),
(53, '274', '319', 'Accept', '2022-06-25 06:05:21', '2022-06-25 07:53:25'),
(55, '274', '287', 'Accept', '2022-06-28 12:04:06', '2022-06-28 12:04:56'),
(56, '287', '322', 'Accept', '2022-06-28 13:35:48', '2022-06-28 13:35:58'),
(57, '319', '321', 'Accept', '2022-06-29 07:10:15', '2022-06-29 07:15:14'),
(58, '274', '321', 'Accept', '2022-06-29 07:12:34', '2022-06-29 07:15:08'),
(59, '321', '319', 'Accept', '2022-06-29 07:22:55', '2022-06-29 07:23:23'),
(60, '331', '274', 'Accept', '2022-06-29 13:10:55', '2022-06-29 13:11:09'),
(61, '330', '274', 'Decline', '2022-06-29 13:13:29', '2022-06-29 13:36:06'),
(62, '330', '331', 'Decline', '2022-06-29 13:14:09', '2022-06-29 13:14:37'),
(63, '330', '331', 'Decline', '2022-06-29 13:14:58', '2022-06-29 13:15:15'),
(64, '330', '331', 'Decline', '2022-06-29 13:15:26', '2022-06-29 13:18:05'),
(65, '330', '331', 'Decline', '2022-06-29 13:25:37', '2022-06-29 13:26:34'),
(66, '330', '331', 'Accept', '2022-06-29 13:37:16', '2022-06-29 13:37:37'),
(67, '332', '274', 'Decline', '2022-06-30 05:00:03', '2022-06-30 05:01:20'),
(68, '287', '333', 'Decline', '2022-06-30 05:14:04', '2022-06-30 05:14:25'),
(69, '287', '333', 'Send', '2022-06-30 05:14:45', '2022-06-30 05:14:45'),
(70, '333', '287', 'Accept', '2022-06-30 05:15:18', '2022-06-30 05:15:40'),
(71, '287', '274', 'Accept', '2022-06-30 05:25:40', '2022-06-30 05:25:49'),
(72, '274', '334', 'Accept', '2022-06-30 05:40:57', '2022-06-30 05:41:17'),
(73, '319', '334', 'Accept', '2022-06-30 07:03:44', '2022-06-30 07:04:19');

-- --------------------------------------------------------

--
-- Table structure for table `group`
--

CREATE TABLE `group` (
  `id` bigint(20) UNSIGNED NOT NULL,
  `groupname` varchar(255) COLLATE utf8mb4_unicode_ci NOT NULL,
  `descrption` varchar(255) COLLATE utf8mb4_unicode_ci DEFAULT NULL,
  `create_by` varchar(255) COLLATE utf8mb4_unicode_ci NOT NULL,
  `created_at` timestamp NULL DEFAULT NULL,
  `updated_at` timestamp NULL DEFAULT NULL
) ENGINE=InnoDB DEFAULT CHARSET=utf8mb4 COLLATE=utf8mb4_unicode_ci;

--
-- Dumping data for table `group`
--

INSERT INTO `group` (`id`, `groupname`, `descrption`, `create_by`, `created_at`, `updated_at`) VALUES
(25, 'kgf2', NULL, '287', '2022-06-07 10:05:53', '2022-06-07 10:05:53'),
(26, 'group 786', NULL, '287', '2022-06-07 10:12:36', '2022-06-07 10:12:36'),
(27, 'group 7885', NULL, '287', '2022-06-07 10:14:22', '2022-06-07 10:14:22'),
(28, 'test group', NULL, '287', '2022-06-07 12:50:48', '2022-06-07 12:50:48'),
(29, 'Group Updated', NULL, '287', '2022-06-07 12:51:42', '2022-06-07 12:51:42'),
(30, 'Group Updated', NULL, '287', '2022-06-07 12:52:04', '2022-06-07 12:52:04'),
(31, 'Group Updated', 'descrption Updated', '287', '2022-06-07 12:55:19', '2022-06-07 12:55:19'),
(32, 'Group Updated', 'descrption Updated', '287', '2022-06-07 12:58:07', '2022-06-07 12:58:07'),
(33, 'Group Updated', 'descrption Updated', '287', '2022-06-07 12:59:04', '2022-06-07 12:59:04'),
(35, 'ghhhjj+1', NULL, '287', '2022-06-08 04:53:07', '2022-06-08 04:53:07'),
(36, 'ghhhjj+1', NULL, '287', '2022-06-08 04:54:15', '2022-06-08 04:54:15'),
(37, 'ghhhjj+1', NULL, '287', '2022-06-08 04:54:29', '2022-06-08 04:54:29'),
(38, 'testgriup', NULL, '287', '2022-06-08 04:55:47', '2022-06-08 04:55:47'),
(39, 'test123', NULL, '287', '2022-06-08 13:44:42', '2022-06-08 13:44:42'),
(40, 'test123', NULL, '287', '2022-06-08 13:44:53', '2022-06-08 13:44:53'),
(42, 'group 1008', NULL, '287', '2022-06-09 05:19:45', '2022-06-09 05:19:45'),
(47, 'Group Updated2', NULL, '287', '2022-06-09 06:34:59', '2022-06-09 06:34:59'),
(48, 'Group Updatedsss', 'descrption Updated', '287', '2022-06-09 06:35:47', '2022-06-09 06:35:47'),
(49, 'Group Updatedsssx', 'descrption Updated', '287', '2022-06-09 06:38:27', '2022-06-09 06:38:27'),
(50, 'Group Updatessdsssx', 'descrption Updated', '287', '2022-06-09 06:39:29', '2022-06-09 06:39:29'),
(51, 'Group Updatessdsssxs', 'descrption Updated', '287', '2022-06-09 06:39:50', '2022-06-09 06:39:50'),
(52, 'Group Updatessdsssxs', 'descrption Updated', '287', '2022-06-09 06:42:58', '2022-06-09 06:42:58'),
(53, 'Group Updatessdsssxs', 'descrption Updated', '287', '2022-06-09 06:43:02', '2022-06-09 06:43:02'),
(54, 'Group Updatessdsssxs', 'descrption Updated', '287', '2022-06-09 06:43:20', '2022-06-09 06:43:20'),
(55, 'Group Updatessdsssxs', 'descrption Updated', '287', '2022-06-09 06:45:56', '2022-06-09 06:45:56'),
(56, 'Group Updatessdsssxs', 'descrption Updated', '287', '2022-06-09 06:46:32', '2022-06-09 06:46:32'),
(57, 'Group Updatessdsssxss', 'descrption Updated', '287', '2022-06-09 06:46:44', '2022-06-09 06:46:44'),
(58, 'Group Updatessdsssxss', 'descrption Updated', '287', '2022-06-09 06:48:15', '2022-06-09 06:48:15'),
(59, 'Group123', NULL, '287', '2022-06-09 06:49:20', '2022-06-09 06:49:20'),
(60, 'Group1234', NULL, '287', '2022-06-09 06:49:38', '2022-06-09 06:49:38'),
(61, 'Group12345', NULL, '287', '2022-06-09 06:54:39', '2022-06-09 06:54:39'),
(62, 'Group Updatessdsssxsshh', 'descrption Updated', '287', '2022-06-09 07:05:52', '2022-06-09 07:05:52'),
(63, 'Group123456', NULL, '287', '2022-06-09 07:06:02', '2022-06-09 07:06:02'),
(65, 'test987', NULL, '287', '2022-06-09 08:42:09', '2022-06-09 08:42:09'),
(66, 'test850', NULL, '287', '2022-06-09 08:56:37', '2022-06-09 08:56:37'),
(67, 'test800', NULL, '287', '2022-06-09 09:00:20', '2022-06-09 09:00:20'),
(68, 'test8001', NULL, '287', '2022-06-09 09:00:41', '2022-06-09 09:00:41'),
(69, 'mtv', NULL, '287', '2022-06-09 12:59:12', '2022-06-09 12:59:12'),
(70, 'testcustome', NULL, '287', '2022-06-13 13:49:01', '2022-06-13 13:49:01'),
(71, 'testcustomer', NULL, '287', '2022-06-13 13:52:04', '2022-06-13 13:52:04'),
(72, 'lokesh', NULL, '287', '2022-06-14 12:24:50', '2022-06-14 12:24:50'),
(73, 'sudtest', NULL, '287', '2022-06-16 13:15:38', '2022-06-16 13:15:38'),
(74, 'sidhumousewala', NULL, '287', '2022-06-16 13:16:01', '2022-06-16 13:16:01'),
(75, 'sudtest1', NULL, '287', '2022-06-16 13:16:34', '2022-06-16 13:16:34'),
(76, '123', NULL, '287', '2022-06-17 10:07:51', '2022-06-17 10:07:51'),
(77, 'theh', NULL, '287', '2022-06-17 10:38:09', '2022-06-17 10:38:09'),
(78, 'Group Created', 'descrption', '287', '2022-06-20 06:16:55', '2022-06-20 06:16:55'),
(79, 'Group Created', 'descrption', '287', '2022-06-20 06:17:09', '2022-06-20 06:17:09'),
(80, 'ghj', NULL, '287', '2022-06-20 09:29:06', '2022-06-20 09:29:06'),
(86, 'expertwebtechnologies', NULL, '287', '2022-06-20 10:44:53', '2022-06-20 10:44:53'),
(93, 'group testing', NULL, '274', '2022-06-25 09:55:41', '2022-06-25 09:55:41'),
(94, 'test100009', NULL, '287', '2022-06-27 05:43:25', '2022-06-27 05:43:25'),
(95, 'groupzzzz', NULL, '274', '2022-06-27 06:37:33', '2022-06-27 06:37:33'),
(96, 'Group Created123', 'descrption', '274', '2022-06-27 10:22:33', '2022-06-27 10:22:33'),
(97, 'Group Created12', 'descrption', '274', '2022-06-27 10:23:19', '2022-06-27 10:23:19'),
(98, 'Group Created12d', 'descrption', '274', '2022-06-27 10:39:13', '2022-06-27 10:39:13'),
(99, 'Group Created12ds', 'descrption', '274', '2022-06-27 10:40:01', '2022-06-27 10:40:01'),
(100, 'Group Created12ds1', 'descrption', '274', '2022-06-27 10:41:59', '2022-06-27 10:41:59'),
(101, 'Group Created12ds1s', 'descrption', '274', '2022-06-27 10:43:17', '2022-06-27 10:43:17'),
(102, 'Group Created12ds1ss', 'descrption', '274', '2022-06-27 11:31:40', '2022-06-27 11:31:40'),
(103, 'Group Created12ds1ssss', 'descrption', '274', '2022-06-27 11:33:53', '2022-06-27 11:33:53'),
(104, 'Group Created12ds1sssss', 'descrption', '274', '2022-06-27 11:41:02', '2022-06-27 11:41:02'),
(105, 'Group Created12ds1ssssss', 'descrption', '274', '2022-06-27 11:43:43', '2022-06-27 11:43:43'),
(106, 'Group Crsseated12ds1ssssss', 'descrption', '274', '2022-06-27 11:44:03', '2022-06-27 11:44:03'),
(107, 'Group Crsseated12ds1sssssssdf', 'descrption', '274', '2022-06-27 11:45:42', '2022-06-27 11:45:42'),
(108, 'Group Crsseated12ds1sssssssdfad', 'descrption', '274', '2022-06-27 11:45:55', '2022-06-27 11:45:55'),
(109, 'hhjj', NULL, '274', '2022-06-28 12:05:42', '2022-06-28 12:05:42'),
(110, 'Test group 1', NULL, '333', '2022-06-30 05:21:34', '2022-06-30 05:21:34');

-- --------------------------------------------------------

--
-- Table structure for table `journal_managements`
--

CREATE TABLE `journal_managements` (
  `id` bigint(20) UNSIGNED NOT NULL,
  `name` varchar(255) COLLATE utf8mb4_unicode_ci NOT NULL,
  `description` varchar(255) COLLATE utf8mb4_unicode_ci NOT NULL,
  `date` date NOT NULL,
  `user_id` int(11) DEFAULT NULL,
  `status` varchar(255) COLLATE utf8mb4_unicode_ci DEFAULT 'publish',
  `created_at` timestamp NULL DEFAULT NULL,
  `updated_at` timestamp NULL DEFAULT NULL
) ENGINE=InnoDB DEFAULT CHARSET=utf8mb4 COLLATE=utf8mb4_unicode_ci;

--
-- Dumping data for table `journal_managements`
--

INSERT INTO `journal_managements` (`id`, `name`, `description`, `date`, `user_id`, `status`, `created_at`, `updated_at`) VALUES
(13, 'new jnrl', 'uiuiuiuiuiuiuiuiuiuio', '2022-03-22', NULL, 'publish', '2022-02-24 01:11:23', '2022-03-22 03:34:27'),
(15, 'test demo', '<p>sdfsdf ss sd f</p>', '2022-02-25', NULL, 'publish', '2022-02-25 12:51:42', '2022-02-25 12:52:24'),
(16, 'new jnrl', 'ewttttttttttttttt', '2022-03-20', 273, 'publish', '2022-03-22 01:53:14', '2022-03-22 01:53:14'),
(17, 'new jnrl', 'ewttttttttttttttt', '2022-03-22', 163, 'publish', '2022-03-22 01:53:52', '2022-03-22 01:53:52'),
(18, 'dfhstfrt', 'hksjkshkjhys', '2022-03-22', 163, 'publish', '2022-03-22 03:13:44', '2022-03-22 03:44:14'),
(19, 'new jnrl', 'uiuiuiuiuiuiuiuiuiuio', '2022-03-22', 163, 'publish', '2022-03-22 03:23:04', '2022-03-22 03:23:04'),
(20, 'new jnrl', 'uiuiuiuiuiuiuiuiuiuio', '2022-01-22', 273, 'publish', '2022-03-22 03:23:30', '2022-03-22 03:23:30'),
(21, 'new jnrl', 'uiuiuiuiuiuiuiuiuiuio', '2022-03-22', 163, 'publish', '2022-03-22 03:24:02', '2022-03-22 03:24:02'),
(22, 'new jnrl', 'uiuiuiuiuiuiuiuiuiuio', '2022-03-22', 163, 'publish', '2022-03-22 03:25:48', '2022-03-22 03:25:48'),
(23, 'new jnrl', 'uiuiuiuiuiuiuiuiuiuio', '2022-03-22', NULL, 'publish', '2022-03-22 03:34:50', '2022-03-22 03:34:50'),
(24, 'new jnrl', 'uiuiuiuiuiuiuiuiuiuio', '2022-06-22', 273, 'publish', '2022-03-22 03:36:49', '2022-03-22 03:36:49'),
(25, 'dfhstfrt', 'hksjkshkjhys', '2022-03-22', 163, 'publish', '2022-03-22 03:37:51', '2022-03-22 03:38:26'),
(26, 'dfhstfrt', 'hksjkshkjhys', '2022-03-22', 163, 'publish', '2022-03-22 03:38:41', '2022-03-22 03:38:41'),
(27, 'dfhstfrt', 'hksjkshkjhys', '2022-03-22', 163, 'publish', '2022-03-22 03:42:32', '2022-03-22 03:42:32'),
(28, 'dfhstfrt', 'hksjkshkjhys', '2022-03-22', 163, 'publish', '2022-03-22 03:43:34', '2022-03-22 03:43:34'),
(29, 'dfhstfrt', 'hksjkshkjhys', '2022-03-22', 163, 'publish', '2022-03-22 03:44:32', '2022-03-22 03:44:32'),
(30, 'new jnrl', 'ewttttttttttttttt', '2022-03-22', 165, 'publish', '2022-03-23 23:22:03', '2022-03-23 23:22:03'),
(31, 'new jnrl', 'ewttttttttttttttt', '2022-03-22', 165, 'publish', '2022-03-23 23:22:16', '2022-03-23 23:22:16'),
(32, 'tests', 'asdffffff', '2022-03-22', 288, NULL, '2022-04-08 12:49:18', '2022-05-27 08:41:03'),
(33, 'tests', 'Testing journal new', '2022-03-23', 287, NULL, '2022-05-26 06:43:46', '2022-05-26 06:43:46'),
(34, 'TextEditingController#93520(TextEditingValue(text: ┤├, selection: TextSelection.invalid, composing: TextRange(start: -1, end: -1)))', 'TextEditingController#f8695(TextEditingValue(text: ┤├, selection: TextSelection.invalid, composing: TextRange(start: -1, end: -1)))', '2022-03-22', 274, NULL, '2022-05-26 07:17:06', '2022-05-26 07:17:06'),
(35, 'tests', 'dfefc', '2022-03-22', 287, NULL, '2022-05-26 07:24:37', '2022-05-26 07:24:37'),
(36, 'tests', 'dfefc', '2022-03-22', 287, NULL, '2022-05-26 07:26:05', '2022-05-26 07:26:05'),
(37, 'tests', 'dfefc', '2022-03-22', 287, NULL, '2022-05-26 07:26:22', '2022-05-26 07:26:22'),
(38, 'tests', 'dfefc', '2022-03-22', 287, NULL, '2022-05-26 07:26:23', '2022-05-26 07:26:23'),
(39, 'TextEditingController#93520(TextEditingValue(text: ┤├, selection: TextSelection.invalid, composing: TextRange(start: -1, end: -1)))', 'TextEditingController#f8695(TextEditingValue(text: ┤├, selection: TextSelection.invalid, composing: TextRange(start: -1, end: -1)))', '2022-03-22', 274, NULL, '2022-05-26 09:13:27', '2022-05-26 09:13:27'),
(40, 'TextEditingController#6c2b1(TextEditingValue(text: ┤journal one├, selection: TextSelection.collapsed(offset: 11, affinity: TextAffinity.downstream, isDirectional: false), composing: TextRange(start: -1, end: -1)))', 'TextEditingController#aff3a(TextEditingValue(text: ┤testing├, selection: TextSelection.collapsed(offset: 7, affinity: TextAffinity.downstream, isDirectional: false), composing: TextRange(start: -1, end: -1)))', '2022-05-28', 274, NULL, '2022-05-26 10:00:02', '2022-05-26 10:00:02'),
(41, 'TextEditingController#6c2b1(TextEditingValue(text: ┤journal one├, selection: TextSelection.collapsed(offset: 11, affinity: TextAffinity.downstream, isDirectional: false), composing: TextRange(start: -1, end: -1)))', 'TextEditingController#aff3a(TextEditingValue(text: ┤testing├, selection: TextSelection.collapsed(offset: 7, affinity: TextAffinity.downstream, isDirectional: false), composing: TextRange(start: -1, end: -1)))', '2022-05-28', 274, NULL, '2022-05-26 10:01:00', '2022-05-26 10:01:00'),
(42, 'TextEditingController#6c2b1(TextEditingValue(text: ┤journal one├, selection: TextSelection.collapsed(offset: 11, affinity: TextAffinity.downstream, isDirectional: false), composing: TextRange(start: -1, end: -1)))', 'TextEditingController#aff3a(TextEditingValue(text: ┤testing├, selection: TextSelection.collapsed(offset: 7, affinity: TextAffinity.downstream, isDirectional: false), composing: TextRange(start: -1, end: -1)))', '2022-05-28', 274, NULL, '2022-05-26 10:04:02', '2022-05-26 10:04:02'),
(43, 'TextEditingController#21380(TextEditingValue(text: ┤lokesh├, selection: TextSelection.collapsed(offset: 6, affinity: TextAffinity.downstream, isDirectional: false), composing: TextRange(start: -1, end: -1)))', 'TextEditingController#1f277(TextEditingValue(text: ┤test├, selection: TextSelection.collapsed(offset: 4, affinity: TextAffinity.downstream, isDirectional: false), composing: TextRange(start: -1, end: -1)))', '2022-05-28', 274, NULL, '2022-05-26 10:28:10', '2022-05-26 10:28:10'),
(44, 'kartik list', 'for test', '2022-05-31', 274, NULL, '2022-05-27 04:47:01', '2022-05-27 04:47:01'),
(45, 'Rahul list', 'list in descending order', '2022-05-27', 274, NULL, '2022-05-27 05:03:45', '2022-05-27 05:03:45'),
(46, 'deven', 'lifetrack', '2022-05-27', 274, NULL, '2022-05-27 05:05:06', '2022-05-27 05:05:06'),
(47, 'lokesh', 'lifetrack test', '2022-05-27', 274, NULL, '2022-05-27 05:05:56', '2022-05-27 05:05:56'),
(48, 'lokesh 1', 'bhjj', '2022-05-27', 274, NULL, '2022-05-27 05:06:32', '2022-05-27 05:06:32'),
(49, 'lokesh test', 'test', '2022-05-27', 274, NULL, '2022-05-27 05:09:21', '2022-05-27 05:09:21'),
(50, 'demo', 'this is demo text to check journal functionality.', '2022-05-31', 274, NULL, '2022-05-31 05:47:00', '2022-05-31 05:47:00'),
(51, 'test', 'this is test journal', '2022-06-16', 274, NULL, '2022-06-14 11:49:49', '2022-06-14 11:49:49'),
(52, 'fitness', 'need to know the value of fitness', '2022-06-29', 311, NULL, '2022-06-15 06:22:15', '2022-06-15 06:22:15'),
(53, 'journal 1', 'journal 1', '2022-06-18', 313, NULL, '2022-06-18 08:54:52', '2022-06-18 08:54:52'),
(54, 'fitness', 'heath is money', '2022-06-21', 319, NULL, '2022-06-21 13:24:14', '2022-06-21 13:24:14'),
(55, 'work', 'work life balance', '2022-06-22', 319, NULL, '2022-06-21 13:24:39', '2022-06-21 13:24:39'),
(56, 'dr', 'dr', '2022-06-26', 274, NULL, '2022-06-27 12:55:57', '2022-06-27 12:55:57'),
(57, 'rxez', 'dexrd', '2022-04-07', 274, NULL, '2022-06-27 12:56:25', '2022-06-27 12:56:25'),
(58, 'Testing Journal', 'this is the description of', '2022-06-28', 274, NULL, '2022-06-28 12:11:26', '2022-06-28 12:11:26'),
(59, 'food', 'healthy 🍲', '2022-06-30', 319, NULL, '2022-06-29 06:34:29', '2022-06-29 06:34:29'),
(60, 'testing', 'cghjkkjjigjfjcjc chink knick game tomorrow morning long story telling me please note saying it\'s just put my name changes tomorrow morning tomorrow morning', '2022-06-30', 274, NULL, '2022-06-30 10:47:08', '2022-06-30 10:47:08'),
(61, 'journal 1', 'journal description', '2022-07-01', 320, NULL, '2022-06-30 11:49:23', '2022-06-30 11:49:23'),
(62, 'jouranl', 'yuvgiibiiihh', '2022-07-05', 319, NULL, '2022-07-04 05:12:39', '2022-07-04 05:12:39'),
(63, 'tests', 'this summer intensive', '2022-07-04', 274, NULL, '2022-07-04 09:00:26', '2022-07-04 09:00:26'),
(64, 'bybu', 'tcvy', '2022-07-05', 319, NULL, '2022-07-04 11:34:07', '2022-07-04 11:34:07');

-- --------------------------------------------------------

--
-- Table structure for table `mails`
--

CREATE TABLE `mails` (
  `id` bigint(20) UNSIGNED NOT NULL,
  `form_name` varchar(255) COLLATE utf8mb4_unicode_ci NOT NULL,
  `subject` varchar(255) COLLATE utf8mb4_unicode_ci NOT NULL,
  `massage_category` varchar(255) COLLATE utf8mb4_unicode_ci NOT NULL,
  `form_email` varchar(255) COLLATE utf8mb4_unicode_ci NOT NULL,
  `reply_email` varchar(255) COLLATE utf8mb4_unicode_ci NOT NULL,
  `email_to` varchar(255) COLLATE utf8mb4_unicode_ci NOT NULL,
  `massage_content` varchar(255) COLLATE utf8mb4_unicode_ci NOT NULL,
  `created_at` timestamp NULL DEFAULT NULL,
  `updated_at` timestamp NULL DEFAULT NULL
) ENGINE=InnoDB DEFAULT CHARSET=utf8mb4 COLLATE=utf8mb4_unicode_ci;

--
-- Dumping data for table `mails`
--

INSERT INTO `mails` (`id`, `form_name`, `subject`, `massage_category`, `form_email`, `reply_email`, `email_to`, `massage_content`, `created_at`, `updated_at`) VALUES
(2, 'sesetw', 'sesetw', 'Contact us', 'etw@gmail.com', 'xxx@gmail.com', 'User', '<p>dsfsassd</p>', '2022-02-25 06:35:03', '2022-02-25 23:19:15'),
(3, 'fryurt', 'fryurt', 'Singup', 'xyz@gmail.com', 'xyz@gmail.com', 'Admin', '<p>rtfffffffffujtyyyyyy</p>', '2022-02-25 06:38:09', '2022-03-01 05:36:51'),
(5, 'shobha', 'signup78789', 'Singup', 'sho@gmail.com', 'shobha@gmail.com', 'User', '<p>efsaf</p>', '2022-02-28 07:43:39', '2022-03-01 05:36:32'),
(6, 'shobha', 'eergyerdt', 'Singup', 'shobha@gmail.com', 'shobha@gmail.com', 'User', '<p>yugggk</p>', '2022-02-28 07:51:46', '2022-03-01 05:36:24'),
(7, 'shobhaa', 'eergyerdt', 'Singup', 'sho@gmail.com', 'shobha@gmail.com', 'User', '<p>iooou</p>', '2022-02-28 08:25:00', '2022-03-01 05:36:17'),
(8, 'admin', 'forget_password', 'forget_password', 'admin@gmail.com', 'shobha@gmail.com', 'User', '<p>u,iiiiiiiiii</p>', '2022-03-01 04:56:51', '2022-03-01 08:30:42'),
(9, 'user', 'dmin1', 'Contact us', 'user1@gmail.com', 'user1@gmail.com', 'User', '<p>fjfdhjkjkalajf</p>', '2022-03-01 04:59:54', '2022-03-02 01:12:36');

-- --------------------------------------------------------

--
-- Table structure for table `migrations`
--

CREATE TABLE `migrations` (
  `id` int(10) UNSIGNED NOT NULL,
  `migration` varchar(255) COLLATE utf8mb4_unicode_ci NOT NULL,
  `batch` int(11) NOT NULL
) ENGINE=InnoDB DEFAULT CHARSET=utf8mb4 COLLATE=utf8mb4_unicode_ci;

--
-- Dumping data for table `migrations`
--

INSERT INTO `migrations` (`id`, `migration`, `batch`) VALUES
(1, '2014_10_12_000000_create_users_table', 1),
(2, '2014_10_12_100000_create_password_resets_table', 1),
(3, '2019_08_19_000000_create_failed_jobs_table', 1),
(4, '2021_12_10_132848_create_roles_table', 2),
(5, '2021_12_10_134031_create_roles_table', 3),
(6, '2021_12_13_112828_create_categories_table', 4),
(7, '2021_12_13_113732_create_attributes_table', 5),
(8, '2021_12_13_114150_create_attributes_value_table', 6),
(9, '2021_12_13_114531_create_products_table', 7),
(10, '2021_12_13_122039_create_orders_table', 8),
(11, '2021_12_13_123418_create_permissions_table', 8),
(12, '2021_12_14_073209_update_user_table', 9),
(13, '2021_12_14_083707_update_user_table', 10),
(14, '2021_12_16_051552_create_product_meta_table', 11),
(15, '2021_12_16_104104_create_product_attributes_table', 12),
(16, '2021_12_17_045154_create_mail_templete_table', 13),
(17, '2021_12_17_065020_create_gift_card_table', 14),
(18, '2016_06_01_000001_create_oauth_auth_codes_table', 15),
(19, '2016_06_01_000002_create_oauth_access_tokens_table', 15),
(20, '2016_06_01_000003_create_oauth_refresh_tokens_table', 15),
(21, '2016_06_01_000004_create_oauth_clients_table', 15),
(22, '2016_06_01_000005_create_oauth_personal_access_clients_table', 15),
(23, '2021_12_24_092304_create_tax_table', 16),
(24, '2021_12_27_112836_currency_conversion_table', 17),
(25, '2021_12_27_113511_currency_conversion_table', 18),
(26, '2021_12_29_103407_create_settings_table', 19),
(27, '2021_12_29_124648_create_reviews_table', 20),
(28, '2022_01_03_101222_create_user_giftcard_table', 21),
(29, '2022_01_03_104004_create_user_giftcard_log_table', 22),
(30, '2022_01_31_130622_create_stores_table', 23),
(31, '2022_02_01_072645_create_listmanagements_table', 24),
(32, '2022_02_01_121322_create_listmetas_table', 25),
(33, '2022_02_03_063237_create_listitems_table', 26),
(34, '2022_02_09_123856_create_pakages_table', 27),
(35, '2022_02_11_072605_create_pakages_table', 28),
(36, '2022_02_11_061414_create_health_tips_table', 29),
(37, '2022_02_15_114652_create_healths_table', 30),
(38, '2021_12_17_050114_create_orders_table', 31),
(39, '2021_12_21_120518_create_product_ordered_table', 32),
(40, '2021_12_24_084745_create_address_table', 32),
(41, '2022_01_03_061922_create_log_activity_table', 32),
(42, '2022_01_03_122602_create_menus_table', 32),
(43, '2022_02_16_105857_create_products_table', 32),
(44, '2022_02_21_124453_create_plus_icons_table', 33),
(45, '2022_02_22_041522_create__journal_managements_table', 34),
(46, '2022_02_22_044616_create_journal_managements_table', 35),
(47, '2022_02_24_134054_create_pages_table', 36),
(55, '2022_03_15_072920_create_tags_table', 37),
(56, '2022_03_22_042120_create_reviews_table', 38),
(57, '2022_03_22_054436_create_notifications_table', 39),
(60, '2022_03_22_042120_create_fillings_table', 40),
(61, '2022_03_23_053541_create_friends_table', 40),
(83, '2022_03_28_103738_create_group_table', 41),
(84, '2022_03_28_105334_create_groupcreations_table', 41),
(85, '2022_03_28_120026_create_contactlist_table', 41),
(86, '2022_04_05_102951_create_customers_table', 42),
(87, '2022_04_05_105100_create_usercards_table', 43),
(88, '2022_04_05_110050_create_plan_payments_table', 44);

-- --------------------------------------------------------

--
-- Table structure for table `notifications`
--

CREATE TABLE `notifications` (
  `id` bigint(20) UNSIGNED NOT NULL,
  `user_id` int(11) NOT NULL,
  `title` varchar(255) COLLATE utf8mb4_unicode_ci NOT NULL,
  `description` longtext COLLATE utf8mb4_unicode_ci NOT NULL,
  `notice_date` date NOT NULL,
  `status` tinyint(1) NOT NULL DEFAULT '0',
  `created_at` timestamp NULL DEFAULT NULL,
  `updated_at` timestamp NULL DEFAULT NULL
) ENGINE=InnoDB DEFAULT CHARSET=utf8mb4 COLLATE=utf8mb4_unicode_ci;

--
-- Dumping data for table `notifications`
--

INSERT INTO `notifications` (`id`, `user_id`, `title`, `description`, `notice_date`, `status`, `created_at`, `updated_at`) VALUES
(1, 163, 'add new Friends', 'gjjjjuooooooooooooo', '2022-03-22', 0, '2022-03-22 00:54:36', '2022-03-22 00:54:36'),
(2, 163, 'update profile', 'erwszdfffj', '2022-03-22', 1, '2022-03-22 00:55:18', '2022-03-22 00:55:18'),
(3, 163, 'update profile', 'erwszdfffj', '2022-03-22', 0, '2022-03-22 00:55:55', '2022-03-22 00:55:55'),
(4, 165, 'xyz', 'jhtghktjkl', '2022-04-08', 0, '2022-04-08 12:43:11', '2022-04-08 12:43:11'),
(5, 288, 'xyz', 'jhtghktjkl', '2022-05-27', 0, '2022-05-27 07:04:58', '2022-05-27 07:04:58'),
(6, 288, 'test', 'dyrturtu', '2022-05-27', 0, '2022-05-27 07:21:38', '2022-05-27 07:21:38'),
(7, 290, 'Tapan invited to join group', 'You were invited to join group.', '2022-06-06', 0, NULL, NULL),
(8, 290, 'Tapan invited to join group', 'You were invited to join group.', '2022-06-07', 0, NULL, NULL),
(9, 290, 'Tapan invited to join group', 'You were invited to join group.', '2022-06-07', 0, NULL, NULL),
(10, 290, 'Tapan invited to join group', 'You were invited to join group.', '2022-06-07', 0, NULL, NULL),
(11, 290, 'Tapan invited to join group', 'You were invited to join group.', '2022-06-07', 0, NULL, NULL),
(12, 290, 'Tapan invited to join group', 'You were invited to join group.', '2022-06-07', 0, NULL, NULL),
(13, 291, 'Tapan invited to join group', 'You were invited to join group.', '2022-06-07', 0, NULL, NULL),
(14, 290, 'Tapan invited to join group', 'You were invited to join group.', '2022-06-07', 0, NULL, NULL),
(15, 291, 'Tapan invited to join group', 'You were invited to join group.', '2022-06-07', 0, NULL, NULL),
(16, 290, 'Tapan invited to join group', 'You were invited to join group.', '2022-06-07', 0, NULL, NULL),
(17, 291, 'Tapan invited to join group', 'You were invited to join group.', '2022-06-08', 0, NULL, NULL),
(18, 273, 'Tapan invited to join group', 'You were invited to join group.', '2022-06-08', 0, NULL, NULL),
(19, 273, 'Tapan invited to join group', 'You were invited to join group.', '2022-06-08', 0, NULL, NULL),
(20, 291, 'Tapan invited to join group', 'You were invited to join group.', '2022-06-08', 0, NULL, NULL),
(21, 273, 'Tapan invited to join group', 'You were invited to join group.', '2022-06-08', 0, NULL, NULL),
(22, 273, 'Tapan invited to join group', 'You were invited to join group.', '2022-06-08', 0, NULL, NULL),
(23, 273, 'Tapan invited to join group', 'You were invited to join group.', '2022-06-08', 0, NULL, NULL),
(24, 273, 'Tapan invited to join group', 'You were invited to join group.', '2022-06-08', 0, NULL, NULL),
(25, 273, 'Tapan invited to join group', 'You were invited to join group.', '2022-06-08', 0, NULL, NULL),
(26, 291, 'Tapan invited to join group', 'You were invited to join group.', '2022-06-08', 0, NULL, NULL),
(27, 290, 'Tapan invited to join group', 'You were invited to join group.', '2022-06-08', 0, NULL, NULL),
(28, 290, 'Tapan invited to join group', 'You were invited to join group.', '2022-06-08', 0, NULL, NULL),
(29, 273, 'Tapan invited to join group', 'You were invited to join group.', '2022-06-08', 0, NULL, NULL),
(30, 291, 'Tapan invited to join group', 'You were invited to join group.', '2022-06-08', 0, NULL, NULL),
(31, 290, 'Tapan invited to join group', 'You were invited to join group.', '2022-06-09', 0, NULL, NULL),
(32, 273, 'Tapan invited to join group', 'You were invited to join group.', '2022-06-09', 0, NULL, NULL),
(33, 290, 'Tapan invited to join group', 'You were invited to join group.', '2022-06-09', 0, NULL, NULL),
(34, 273, 'Tapan invited to join group', 'You were invited to join group.', '2022-06-09', 0, NULL, NULL),
(35, 254, 'Tapan invited to join group', 'You were invited to join group.', '2022-06-09', 0, NULL, NULL),
(36, 273, 'Tapan invited to join group', 'You were invited to join group.', '2022-06-09', 0, NULL, NULL),
(37, 273, 'Tapan invited to join group', 'You were invited to join group.', '2022-06-09', 0, NULL, NULL),
(38, 290, 'Tapan invited to join group', 'You were invited to join group.', '2022-06-09', 0, NULL, NULL),
(39, 291, 'Tapan invited to join group', 'You were invited to join group.', '2022-06-09', 0, NULL, NULL),
(40, 290, 'Tapan invited to join group', 'You were invited to join group.', '2022-06-09', 0, NULL, NULL),
(41, 291, 'Tapan invited to join group', 'You were invited to join group.', '2022-06-09', 0, NULL, NULL),
(42, 254, 'Tapan invited to join group', 'You were invited to join group.', '2022-06-09', 0, NULL, NULL),
(43, 254, 'Tapan invited to join group', 'You were invited to join group.', '2022-06-09', 0, NULL, NULL),
(44, 254, 'Tapan invited to join group', 'You were invited to join group.', '2022-06-09', 0, NULL, NULL),
(45, 254, 'Tapan invited to join group', 'You were invited to join group.', '2022-06-09', 0, NULL, NULL),
(46, 254, 'Tapan invited to join group', 'You were invited to join group.', '2022-06-09', 0, NULL, NULL),
(47, 254, 'Tapan invited to join group', 'You were invited to join group.', '2022-06-09', 0, NULL, NULL),
(48, 254, 'Tapan invited to join group', 'You were invited to join group.', '2022-06-09', 0, NULL, NULL),
(49, 254, 'Tapan invited to join group', 'You were invited to join group.', '2022-06-09', 0, NULL, NULL),
(50, 254, 'Tapan invited to join group', 'You were invited to join group.', '2022-06-09', 0, NULL, NULL),
(51, 254, 'Tapan invited to join group', 'You were invited to join group.', '2022-06-09', 0, NULL, NULL),
(52, 254, 'Tapan invited to join group', 'You were invited to join group.', '2022-06-09', 0, NULL, NULL),
(53, 254, 'Tapan invited to join group', 'You were invited to join group.', '2022-06-09', 0, NULL, NULL),
(54, 290, 'Tapan invited to join group', 'You were invited to join group.', '2022-06-09', 0, NULL, NULL),
(55, 273, 'Tapan invited to join group', 'You were invited to join group.', '2022-06-09', 0, NULL, NULL),
(56, 273, 'Tapan invited to join group', 'You were invited to join group.', '2022-06-09', 0, NULL, NULL),
(57, 291, 'Tapan invited to join group', 'You were invited to join group.', '2022-06-09', 0, NULL, NULL),
(58, 273, 'Tapan invited to join group', 'You were invited to join group.', '2022-06-09', 0, NULL, NULL),
(59, 290, 'Tapan invited to join group', 'You were invited to join group.', '2022-06-09', 0, NULL, NULL),
(60, 291, 'Tapan invited to join group', 'You were invited to join group.', '2022-06-09', 0, NULL, NULL),
(61, 273, 'Tapan invited to join group', 'You were invited to join group.', '2022-06-09', 0, NULL, NULL),
(62, 287, 'Tapan invited to join group', 'You were invited to join group.', '2022-06-09', 0, NULL, NULL),
(63, 290, 'Tapan invited to join group', 'You were invited to join group.', '2022-06-13', 0, NULL, NULL),
(64, 291, 'Tapan invited to join group', 'You were invited to join group.', '2022-06-13', 0, NULL, NULL),
(65, 273, 'Tapan invited to join group', 'You were invited to join group.', '2022-06-13', 0, NULL, NULL),
(66, 291, 'Tapan invited to join group', 'You were invited to join group.', '2022-06-13', 0, NULL, NULL),
(67, 274, 'Tapan invited to join group', 'You were invited to join group.', '2022-06-13', 0, NULL, NULL),
(68, 273, 'Tapan invited to join group', 'You were invited to join group.', '2022-06-13', 0, NULL, NULL),
(69, 290, 'Tapan invited to join group', 'You were invited to join group.', '2022-06-14', 0, NULL, NULL),
(70, 273, 'Tapan invited to join group', 'You were invited to join group.', '2022-06-14', 0, NULL, NULL),
(71, 273, 'Tapan invited to join group', 'You were invited to join group.', '2022-06-16', 0, NULL, NULL),
(72, 292, 'Tapan invited to join group', 'You were invited to join group.', '2022-06-16', 0, NULL, NULL),
(73, 254, 'Tapan invited to join group', 'You were invited to join group.', '2022-06-20', 0, NULL, NULL),
(74, 254, 'Tapan invited to join group', 'You were invited to join group.', '2022-06-20', 0, NULL, NULL),
(75, 254, 'Tapan invited to join group', 'You were invited to join group.', '2022-06-20', 0, NULL, NULL),
(76, 287, 'Testing 8 invited to join group', 'You were invited to join group.', '2022-06-20', 0, NULL, NULL),
(77, 287, 'Testing 8 invited to join group', 'You were invited to join group.', '2022-06-20', 0, NULL, NULL),
(78, 287, 'Testing 8 invited to join group', 'You were invited to join group.', '2022-06-20', 0, NULL, NULL),
(79, 290, 'Tapan invited to join group', 'You were invited to join group.', '2022-06-20', 0, NULL, NULL),
(80, 287, 'Testing 8 invited to join group', 'You were invited to join group.', '2022-06-20', 0, NULL, NULL),
(81, 287, 'Testing 8 invited to join group', 'You were invited to join group.', '2022-06-21', 0, NULL, NULL),
(82, 274, 'Testing 8 invited to join group', 'You were invited to join group.', '2022-06-21', 0, NULL, NULL),
(83, 319, 'lokesh sm jangid invited to join group', 'You were invited to join group.', '2022-06-24', 0, NULL, NULL),
(84, 287, 'lokesh sm jangid invited to join group', 'You were invited to join group.', '2022-06-24', 0, NULL, NULL),
(85, 319, 'lokesh sm jangid invited to join group', 'You were invited to join group.', '2022-06-24', 0, NULL, NULL),
(86, 319, 'lokesh sm jangid invited to join group', 'You were invited to join group.', '2022-06-24', 0, NULL, NULL),
(87, 319, 'lokesh sm invited to join group', 'You were invited to join group.', '2022-06-25', 0, NULL, NULL),
(88, 290, 'Tapan Ghosh invited to join group', 'You were invited to join group.', '2022-06-27', 0, NULL, NULL),
(89, 273, 'Tapan Ghosh invited to join group', 'You were invited to join group.', '2022-06-27', 0, NULL, NULL),
(90, 291, 'Tapan Ghosh invited to join group', 'You were invited to join group.', '2022-06-27', 0, NULL, NULL),
(91, 274, 'Tapan Ghosh invited to join group', 'You were invited to join group.', '2022-06-27', 0, NULL, NULL),
(92, 319, 'lokesh sm invited to join group', 'You were invited to join group.', '2022-06-27', 0, NULL, NULL),
(93, 319, 'lokesh sm invited to join group', 'You were invited to join group.', '2022-06-27', 0, NULL, NULL),
(94, 319, 'lokesh sm invited to join group', 'You were invited to join group.', '2022-06-27', 0, NULL, NULL),
(95, 287, 'lokesh sm invited to join group', 'You were invited to join group.', '2022-06-27', 0, NULL, NULL),
(96, 319, 'lokesh sm invited to join group', 'You were invited to join group.', '2022-06-27', 0, NULL, NULL),
(97, 287, 'lokesh sm invited to join group', 'You were invited to join group.', '2022-06-27', 0, NULL, NULL),
(98, 319, 'lokesh sm invited to join group', 'You were invited to join group.', '2022-06-27', 0, NULL, NULL),
(99, 319, 'lokesh sm invited to join group', 'You were invited to join group.', '2022-06-27', 0, NULL, NULL),
(100, 287, 'lokesh sm invited to join group', 'You were invited to join group.', '2022-06-27', 0, NULL, NULL),
(101, 287, 'Sophia 9Hrtz invited to join group', 'You were invited to join group.', '2022-06-27', 0, NULL, NULL),
(102, 287, 'Sophia 9Hrtz invited to join group', 'You were invited to join group.', '2022-06-27', 0, NULL, NULL),
(103, 287, 'Sophia 9Hrtz invited to join group', 'You were invited to join group.', '2022-06-27', 0, NULL, NULL),
(104, 287, 'Sophia 9Hrtz invited to join group', 'You were invited to join group.', '2022-06-27', 0, NULL, NULL),
(105, 287, 'Sophia 9Hrtz invited to join group', 'You were invited to join group.', '2022-06-27', 0, NULL, NULL),
(106, 287, 'Sophia 9Hrtz invited to join group', 'You were invited to join group.', '2022-06-27', 0, NULL, NULL),
(107, 287, 'Tapan Ghosh invited to join group', 'You were invited to join group.', '2022-06-27', 0, NULL, NULL),
(108, 319, 'Sophia 9Hrtz11 invited to join group', 'You were invited to join group.', '2022-06-27', 0, NULL, NULL),
(109, 287, 'Sophia 9Hrtz114566 invited to join group', 'You were invited to join group.', '2022-06-27', 0, NULL, NULL),
(110, 287, 'Sophia 9Hrtz114566 invited to join group', 'You were invited to join group.', '2022-06-27', 0, NULL, NULL),
(111, 287, 'Sophia 9Hrtz114566 invited to join group', 'You were invited to join group.', '2022-06-27', 0, NULL, NULL),
(112, 287, 'Sophia 9Hrtz114566 invited to join group', 'You were invited to join group.', '2022-06-27', 0, NULL, NULL),
(113, 287, 'Sophia 9Hrtz114566 invited to join group', 'You were invited to join group.', '2022-06-27', 0, NULL, NULL),
(114, 287, 'Sophia 9Hrtz114566 invited to join group', 'You were invited to join group.', '2022-06-27', 0, NULL, NULL),
(115, 287, 'Sophia 9Hrtz114566 invited to join group', 'You were invited to join group.', '2022-06-27', 0, NULL, NULL),
(116, 319, 'Sophia 9Hrtz114566 invited to join group', 'You were invited to join group.', '2022-06-28', 0, NULL, NULL),
(117, 321, 'marie invited to join group', 'You were invited to join group.', '2022-06-29', 0, NULL, NULL),
(118, 319, 'leo invited to join group', 'You were invited to join group.', '2022-06-29', 0, NULL, NULL),
(119, 287, 'Tapan Ghosh invited to join group', 'You were invited to join group.', '2022-06-29', 0, NULL, NULL),
(120, 274, 'Tapan Ghosh invited to join group', 'You were invited to join group.', '2022-06-29', 0, NULL, NULL),
(121, 273, 'Tapan Ghosh invited to join group', 'You were invited to join group.', '2022-06-29', 0, NULL, NULL),
(122, 314, 'Tapan Ghosh invited to join group', 'You were invited to join group.', '2022-06-29', 0, NULL, NULL),
(123, 287, 'Rahul singh invited to join group', 'You were invited to join group.', '2022-06-30', 0, NULL, NULL),
(124, 287, 'Rahul singh invited to join group', 'You were invited to join group.', '2022-06-30', 0, NULL, NULL),
(125, 321, 'marie invited to join group', 'You were invited to join group.', '2022-06-30', 0, NULL, NULL);

-- --------------------------------------------------------

--
-- Table structure for table `oauth_access_tokens`
--

CREATE TABLE `oauth_access_tokens` (
  `id` varchar(100) COLLATE utf8mb4_unicode_ci NOT NULL,
  `user_id` bigint(20) UNSIGNED DEFAULT NULL,
  `client_id` bigint(20) UNSIGNED NOT NULL,
  `name` varchar(255) COLLATE utf8mb4_unicode_ci DEFAULT NULL,
  `scopes` text COLLATE utf8mb4_unicode_ci,
  `revoked` tinyint(1) NOT NULL,
  `created_at` timestamp NULL DEFAULT NULL,
  `updated_at` timestamp NULL DEFAULT NULL,
  `expires_at` datetime DEFAULT NULL
) ENGINE=InnoDB DEFAULT CHARSET=utf8mb4 COLLATE=utf8mb4_unicode_ci;

--
-- Dumping data for table `oauth_access_tokens`
--

INSERT INTO `oauth_access_tokens` (`id`, `user_id`, `client_id`, `name`, `scopes`, `revoked`, `created_at`, `updated_at`, `expires_at`) VALUES
('00bb51d35e5a7861aa637c9d5575248082c36acf56c58d2fa478f6d5cc3caba2986ec60281727eb8', 311, 5, 'User Token', '[]', 0, '2022-06-15 05:49:52', '2022-06-15 05:49:52', '2023-06-15 05:49:52'),
('00d79c10128609c239ed502a87e024d16803c25f8f9fc829dc0c40cc28ae924de9ad4fecd0cb69f7', 290, 5, 'User Token', '[]', 0, '2022-06-02 13:25:01', '2022-06-02 13:25:01', '2023-06-02 13:25:01'),
('013734dad545c4c379e9aea609ecf1fcba4f580f69c8a1d7814914b2bf892ff196d6a94fc512750f', 254, 5, 'User Token', '[]', 0, '2022-04-18 09:51:15', '2022-04-18 09:51:15', '2023-04-18 09:51:15'),
('016facc991bb31ef80d229f02f9f4f5ea065c469945069143bce6206c7dbe88dd45e4f54b97817b6', 287, 5, 'User Token', '[]', 0, '2022-06-15 05:12:25', '2022-06-15 05:12:25', '2023-06-15 05:12:25'),
('01952736ab256f2b0660113e260c814942310ae2885e893a131dee0dac5209e601601fce26e9499c', 274, 5, 'User Token', '[]', 0, '2022-06-25 07:02:45', '2022-06-25 07:02:45', '2023-06-25 07:02:45'),
('020baafde13260eddb3e71413a2b3e02208369a721732889ceebc71f8fadf2705e153450ceeabc0c', 287, 5, 'User Token', '[]', 0, '2022-05-26 13:29:51', '2022-05-26 13:29:51', '2023-05-26 13:29:51'),
('0287a2508bd137806a70c341f573acf0fad80e6f9cc2b5763988dcd165cbca28c3228043eea0f2ea', 254, 5, 'User Token', '[]', 0, '2022-04-18 10:06:12', '2022-04-18 10:06:12', '2023-04-18 10:06:12'),
('0355a89cd564ace16ac6e3a8b64eceff8c895320c50118967dedec904c833508bc375e1092471575', 322, 5, 'User Token', '[]', 0, '2022-06-28 12:28:52', '2022-06-28 12:28:52', '2023-06-28 12:28:52'),
('03ac54312dc1977fdc53a6becadeb6f1191b983ce262f7d5ca429ae192c0e6a2e4b232aa4e1667a8', 1, 5, NULL, '[]', 0, '2022-02-11 05:35:38', '2022-02-11 05:35:38', '2023-02-11 11:05:38'),
('03ef82036779ebbc81b1e5ddaf53239b8155369cce3db7bdff6b4c2f77ad3fceaf4946f0f66ba53c', 274, 5, 'User Token', '[]', 0, '2022-05-31 05:40:50', '2022-05-31 05:40:50', '2023-05-31 05:40:50'),
('04755a394ff52b2ccf7212643434402758be45734d57b33003feecfb6451be79273cd0acc0f932e4', 325, 5, 'User Token', '[]', 0, '2022-06-28 14:02:26', '2022-06-28 14:02:26', '2023-06-28 14:02:26'),
('04ea524bbce3ed74c59c47c915ec9efc9530750bff7fd2d557929e28dc755a2c776e6509dbee63e4', 327, 5, 'User Token', '[]', 0, '2022-06-29 05:31:10', '2022-06-29 05:31:10', '2023-06-29 05:31:10'),
('04ede2ee5080b07634a19bc9f39914e10dd497e4fd87045c874a8fe191f10a7a59aef283e5e4bc23', 287, 5, 'User Token', '[]', 0, '2022-05-30 14:09:07', '2022-05-30 14:09:07', '2023-05-30 14:09:07'),
('058b324ad30567e3e9248b1a9487e3a441158097f2f0742b48f8e5a0508b0adf52e741d47233ce41', 1, 5, NULL, '[]', 0, '2022-02-11 05:35:40', '2022-02-11 05:35:40', '2023-02-11 11:05:40'),
('06b7b3a698c89ad0f3e7d9dfaa34779c7550bd99fe9dc3b6c5e920b552e0aa9e2708ccaaae9f778e', 308, 5, 'User Token', '[]', 0, '2022-06-16 12:58:19', '2022-06-16 12:58:19', '2023-06-16 12:58:19'),
('06de4cde624a3f53da5e303e0752b6846df2623ebffb9b2dec276305024c52e303215c68b516c285', NULL, 5, 'User Token', '[]', 0, '2022-04-15 07:16:51', '2022-04-15 07:16:51', '2023-04-15 07:16:51'),
('07749b75bb841dd0464ddb41cc847d0460d8d94b05571d7666002c1ad5978a7af694f400df011ec5', 319, 5, 'User Token', '[]', 0, '2022-06-30 06:51:20', '2022-06-30 06:51:20', '2023-06-30 06:51:20'),
('07ea9ddec5329f5b531d22d66ccd2bcb31824db150282df0c9098e987026e547fc3ab87bf11a8bd6', 274, 5, 'User Token', '[]', 0, '2022-06-27 10:23:47', '2022-06-27 10:23:47', '2023-06-27 10:23:47'),
('080957ef02ad8d92ca3bc26b1a04fb98a83519baff49af04a844e69943aaa91102172112ba254d3b', 274, 5, 'User Token', '[]', 0, '2022-06-27 10:23:03', '2022-06-27 10:23:03', '2023-06-27 10:23:03'),
('0883a27bf37b050b6e6f8d1d2dacf6c1912540be7dc66cd3c5ceef67c99d7e1c14a533042d5701c9', 1, 5, NULL, '[]', 0, '2022-02-11 05:57:47', '2022-02-11 05:57:47', '2023-02-11 11:27:47'),
('08bae98bd0ffd8455c0d04aaff61a8b5867f3d1de6a950337c40a71b30995127ed942d2e68836bdb', 151, 5, 'API Token', '[]', 0, '2022-03-21 00:19:24', '2022-03-21 00:19:24', '2023-03-21 05:49:24'),
('091bd322cb48cf00f8727f76fdad5db081ff4095673d2a9acfd6a83d8e633e95dde221529948a874', 287, 5, 'User Token', '[]', 0, '2022-06-14 06:38:08', '2022-06-14 06:38:08', '2023-06-14 06:38:08'),
('0978550e36aa0b60aafddd7bffcb33896fd4711c2fac46e300f7fb9325905d204b169de2fdd542a7', 274, 5, 'User Token', '[]', 0, '2022-05-27 04:46:22', '2022-05-27 04:46:22', '2023-05-27 04:46:22'),
('0a5324d708d71d95ee276b04868271ead6d5701cee2d1339b3900f0319535d0988c843e4962caccf', 323, 5, 'User Token', '[]', 0, '2022-06-28 12:51:39', '2022-06-28 12:51:39', '2023-06-28 12:51:39'),
('0a638ea376748de2991885fc9fcc400848105cf79a89782c0bf6fc8b271e4adea8ede467b8a68163', 274, 5, 'User Token', '[]', 0, '2022-04-25 04:51:59', '2022-04-25 04:51:59', '2023-04-25 04:51:59'),
('0a6e08fa5d2687813e6e6c8c0e7b091e3c8f7d0708f8fdd7db97037fea698caad56469d9512ad249', 274, 5, 'User Token', '[]', 0, '2022-06-30 04:58:17', '2022-06-30 04:58:17', '2023-06-30 04:58:17'),
('0ab6d3ecd6d0088f43115b88278dbcdc399c214da97081adb2a1da2449fc67cfe2886b5f5da5d477', 274, 5, 'User Token', '[]', 0, '2022-06-14 06:23:28', '2022-06-14 06:23:28', '2023-06-14 06:23:28'),
('0ad1021d0fcc30ecbcdcc857fcf9d759479d94d3c46b3c541ab3c273998bfbd5d8e163ba37044c5c', 274, 5, 'User Token', '[]', 0, '2022-06-24 06:04:33', '2022-06-24 06:04:33', '2023-06-24 06:04:33'),
('0aec3a95e38da49c62abb9fbb502628fcd44962b86f032c898d00bfb32ef17668c3e08b4b55992f2', 274, 5, 'User Token', '[]', 0, '2022-06-24 06:11:11', '2022-06-24 06:11:11', '2023-06-24 06:11:11'),
('0be54796dc7cbb710dee21fa41b9ede738b9bd555a52214d3cc62ff9025fdc7a99355413b40b98ef', 331, 5, 'User Token', '[]', 0, '2022-06-29 13:38:22', '2022-06-29 13:38:22', '2023-06-29 13:38:22'),
('0d2c1d0a391b73cad260e234bde1fa96e16c6f7afe58dbdadca522f11d8d749700a0b7d090c6bf57', 274, 5, 'User Token', '[]', 0, '2022-06-27 11:13:31', '2022-06-27 11:13:31', '2023-06-27 11:13:31'),
('0d481d9f28bf9aa3f60203c2ac0a4dadc4a2f006402f80055880bf2850af6536795bf2ecf6904862', 295, 5, 'User Token', '[]', 0, '2022-06-13 09:50:30', '2022-06-13 09:50:30', '2023-06-13 09:50:30'),
('0d87d85d59b730a33685135ed385f1a4a2640fe34848b1d031ec850bdb43cec6c17c6b61aae7ede8', 274, 5, 'User Token', '[]', 0, '2022-06-09 10:09:03', '2022-06-09 10:09:03', '2023-06-09 10:09:03'),
('0dbf27c8842801dc1228406bc16a90d56caf264f472044956f422f9c933cba4cd1ed33d7062aa161', 287, 5, 'User Token', '[]', 0, '2022-06-09 12:39:33', '2022-06-09 12:39:33', '2023-06-09 12:39:33'),
('0dd12da040dbba9c814c1690c09b7412ff95ffc45aa77e59c847d8d8288ba07e31b086ffdcd6c8eb', 151, 5, 'API Token', '[]', 0, '2022-03-17 04:04:52', '2022-03-17 04:04:52', '2023-03-17 09:34:52'),
('0dd992f1a3e11fefc8ccfe4b8f1e7e434eb9d0ef58848908a4b4c6f980c2e35484af45fdd846947d', 274, 5, 'User Token', '[]', 0, '2022-06-28 12:02:56', '2022-06-28 12:02:56', '2023-06-28 12:02:56'),
('0e10cf5f95085abd93ef8ec4390812a34869966819359daff018f4df53110616fc096348a3faa7c1', 282, 5, 'User Token', '[]', 0, '2022-04-25 09:24:40', '2022-04-25 09:24:40', '2023-04-25 09:24:40'),
('0e5e1859be507c6a86386cc18bf8be9cdc56f73f19493b37b92281d62142d6fcb5a64b6b8988c841', 287, 5, 'User Token', '[]', 0, '2022-06-07 09:35:51', '2022-06-07 09:35:51', '2023-06-07 09:35:51'),
('0ecd12968e92e9a5c72260873e3b7bfa2cea11bcf1bfca5577aa5e18216ae3574d62853556ee308d', 165, 5, 'API Token', '[]', 0, '2022-04-05 03:39:05', '2022-04-05 03:39:05', '2023-04-05 09:09:05'),
('101deb668cfc8f2f704b7be9d4809d97e04db22de0fcea6700a2b229d5cd1e1e345472b3e62970f9', 273, 5, 'User Token', '[]', 0, '2022-04-15 23:15:53', '2022-04-15 23:15:53', '2023-04-15 23:15:53'),
('1021a1bfce02689166cd7a6c8bef1be71e9082c5d49d6f35d77af10d0d095f5938f3719ae12a0eaa', 281, 5, 'User Token', '[]', 0, '2022-04-29 04:16:53', '2022-04-29 04:16:53', '2023-04-29 04:16:53'),
('102a9bd0e4015dbc1c56edff8a5e7cf276b26acb514bae63926c2b3f5592f6d056c7001d862c5486', 273, 5, 'User Token', '[]', 0, '2022-04-15 23:13:33', '2022-04-15 23:13:33', '2023-04-15 23:13:33'),
('10fb5f5d5b66d5832e9efbd7ab803198478642b0976ca26519457acb6c4f43a67f4a96b43d9c8f9b', 237, 5, 'API Token', '[]', 0, '2022-04-15 05:23:50', '2022-04-15 05:23:50', '2023-04-15 05:23:50'),
('1125375ff9011a75146f24a93434501d506c5dfabfa2b200484e59d3bbcf9e542db2029961477038', 335, 5, 'User Token', '[]', 0, '2022-07-01 06:41:43', '2022-07-01 06:41:43', '2023-07-01 06:41:43'),
('11c353d98860da1d9a20ca5d2019087c3033ce7ca1938cfd06b1624e45c22987679b303120e398ce', 10, 1, 'API Token', '[]', 0, '2021-12-17 06:35:19', '2021-12-17 06:35:19', '2022-12-17 12:05:19'),
('11c4ecf232f75f9bdea78cde681640df74bd3d0ab7b8d1c2ddc66c955f22aa21c8d1b6fa4caeaac9', 165, 5, 'API Token', '[]', 0, '2022-04-06 05:40:27', '2022-04-06 05:40:27', '2023-04-06 05:40:27'),
('11ffc2913b4609c5fbe2f3bb2f4a8b71969dd11015fa205481a4cee7b976adcabb4d31d024d84ae4', 285, 5, 'User Token', '[]', 0, '2022-05-25 12:05:20', '2022-05-25 12:05:20', '2023-05-25 12:05:20'),
('1213315a1da6c5e57baee4eafc6e2d0359e279992d2bc0f55edf6c854273849e0cc38e477ce9107f', 154, 5, 'API Token', '[]', 0, '2022-03-17 06:11:22', '2022-03-17 06:11:22', '2023-03-17 11:41:22'),
('1257af4fda97ad5ed4617de9dd7ad6cd15c297102a0a86912c104cb260b5ed0f5ed51b17e27c7a79', 274, 5, 'User Token', '[]', 0, '2022-05-30 07:30:06', '2022-05-30 07:30:06', '2023-05-30 07:30:06'),
('1305919a205bd70668dc67ab0c57235fd6acd816706dfaaa0613cf29f6cd99ee654cbe309d92f985', 307, 5, 'User Token', '[]', 0, '2022-06-13 10:39:36', '2022-06-13 10:39:36', '2023-06-13 10:39:36'),
('1338be66d093f6fb21b8931b6c44ee878f12582d38e64bb86977d6b60a7ed68607db2f67fed893c6', 328, 5, 'User Token', '[]', 0, '2022-06-29 05:43:09', '2022-06-29 05:43:09', '2023-06-29 05:43:09'),
('14863f12c6b3da024aa4bfadc738bee60143786c175b23f3b12e2230b7bd8fd1dc2f1ba903e25dd9', 308, 5, 'User Token', '[]', 0, '2022-06-13 10:49:36', '2022-06-13 10:49:36', '2023-06-13 10:49:36'),
('14ad95cf78ce09355d2affdf0ef68aebf3fb8fa35f230712a79e81216edc490a0b80929fce648a54', 165, 5, 'API Token', '[]', 0, '2022-03-23 22:56:23', '2022-03-23 22:56:23', '2023-03-24 04:26:23'),
('14e566358016f0101898c71fa84a806627fe80a74c610e06269e9ffb01b628d6c4c94ca9c0865e20', 274, 5, 'User Token', '[]', 0, '2022-04-16 16:04:14', '2022-04-16 16:04:14', '2023-04-16 16:04:14'),
('1537ba08ea7b2f035b36a36fd4a31f55f37489ad09b19a7e67330ff02b5f1b4e1c5082f123bc4478', 281, 5, 'User Token', '[]', 0, '2022-04-25 04:38:02', '2022-04-25 04:38:02', '2023-04-25 04:38:02'),
('159d146576531bab9cb1d7f58bec9a6f21b5e44f6a422a6856e8ef3eef0a69a56dfd1e1b6450a96a', 149, 5, 'API Token', '[]', 0, '2022-03-12 10:41:09', '2022-03-12 10:41:09', '2023-03-12 10:41:09'),
('162810357d525b2ad34a7b0c444e5bdf108bff3402f20511945fa957fb4ba5aedb3fcc16709942a7', 274, 5, 'User Token', '[]', 0, '2022-06-14 11:53:05', '2022-06-14 11:53:05', '2023-06-14 11:53:05'),
('16b787b103813912ec2e5655629595432a57ee1dcd30fbaf10c0e27e6b1c9851879399521390fe38', 151, 5, 'API Token', '[]', 0, '2022-03-17 04:00:20', '2022-03-17 04:00:20', '2023-03-17 09:30:20'),
('16de158b8d4bf9e500e541676a0583c3d257664b027a46102d01ce0620b298bcfced8887509f45f3', 272, 5, 'User Token', '[]', 0, '2022-04-15 16:19:16', '2022-04-15 16:19:16', '2023-04-15 16:19:16'),
('172eb4deac3993098f356aa5e71e9092beb1328168cde82abb4ae6be87a4ce384fea155db482a3c8', 148, 5, 'API Token', '[]', 0, '2022-03-12 09:49:21', '2022-03-12 09:49:21', '2023-03-12 09:49:21'),
('17543a04dfe59138791b0ac892d631cd47a25fbc09b769b6043db80df461b51a03d1a77d4e5f0886', 274, 5, 'User Token', '[]', 0, '2022-06-16 12:49:17', '2022-06-16 12:49:17', '2023-06-16 12:49:17'),
('17a8ea5ccf15685372da3d41149feed384ceeae0cd5f03cc8785858875b27e0b9f0bfff5b0b9e181', 319, 5, 'User Token', '[]', 0, '2022-07-05 10:28:39', '2022-07-05 10:28:39', '2023-07-05 10:28:39'),
('1849533c99ec49e8140bd4c65be8684d04f3df1e3e1f981aba9d05c42e7369d0f3081ba5001b8f16', 330, 5, 'User Token', '[]', 0, '2022-06-29 12:59:46', '2022-06-29 12:59:46', '2023-06-29 12:59:46'),
('18731eb020ba3fddf4e64cb732d7df428c4c81e5f07b13f82facdbb6beaaa2334965faab1cffd351', 273, 5, 'User Token', '[]', 0, '2022-04-16 16:05:29', '2022-04-16 16:05:29', '2023-04-16 16:05:29'),
('194382497135528f0f07b225438efd34f9255a8bc172c19e6cc4172a9a548d048b5f511531056ad4', 164, 5, 'API Token', '[]', 0, '2022-03-22 04:02:31', '2022-03-22 04:02:31', '2023-03-22 09:32:31'),
('19512badb4eef530c83c29073fca40f9376976b6e351c4c350adf02774ce87183191941434fe4857', 254, 5, 'User Token', '[]', 0, '2022-04-22 08:55:15', '2022-04-22 08:55:15', '2023-04-22 08:55:15'),
('19859542ea64ae7ee7502536fb24d87a077652795c75816bebd9d9889f6b4a026d90d3f62ff81733', 274, 5, 'User Token', '[]', 0, '2022-07-04 08:37:30', '2022-07-04 08:37:30', '2023-07-04 08:37:30'),
('19f6d84a5a0a0a9bd2727dff8e597e14e8d87f876fa56098d355d4df23d36797ff6b093b0395ab42', 287, 5, 'User Token', '[]', 0, '2022-06-21 11:43:34', '2022-06-21 11:43:34', '2023-06-21 11:43:34'),
('1af97d54e8ab4886aa6b4b480c814c09ec0f0a8191303a8d8960fcd86086852dade1db52bb0a5b51', 331, 5, 'User Token', '[]', 0, '2022-06-29 13:25:23', '2022-06-29 13:25:23', '2023-06-29 13:25:23'),
('1b4f40375c4e441bd05700444c84334ff56762a8086c43fccde2cde2d3a387c665affa187dc7bd51', 274, 5, 'User Token', '[]', 0, '2022-04-17 14:42:32', '2022-04-17 14:42:32', '2023-04-17 14:42:32'),
('1bab866a1b50a060be0491e9827d7fda9797b001b998b10f651033a60b460ecf8e12cfa77601dc64', 274, 5, 'User Token', '[]', 0, '2022-05-26 05:49:46', '2022-05-26 05:49:46', '2023-05-26 05:49:46'),
('1c55425001c8cc7c15180f15d0e5c932aae31947d448aa3dd3defc3194188de2effcdb9cf54c3448', 274, 5, 'User Token', '[]', 0, '2022-06-28 07:19:49', '2022-06-28 07:19:49', '2023-06-28 07:19:49'),
('1c92de0e1569fa4623cd753942902879d7939841e06a62c10851e69b2923bb99af09d6988c7ebefc', 317, 5, 'User Token', '[]', 0, '2022-06-24 05:47:43', '2022-06-24 05:47:43', '2023-06-24 05:47:43'),
('1d27c9995fa5fb9b025c04f8f2cb825ed1db77eb47ae8e040b30007b92b0461a334bb16d6474a86b', 273, 5, 'User Token', '[]', 0, '2022-04-16 16:05:15', '2022-04-16 16:05:15', '2023-04-16 16:05:15'),
('1ded29c21e7db582617f47d067f738a917665d2f06cd0158de47dcea5c2c0d7c931c008270f19f55', 1, 5, 'API Token', '[]', 0, '2022-02-11 06:10:43', '2022-02-11 06:10:43', '2023-02-11 11:40:43'),
('1e129f87a0cc3ffbf5e67c10fc4a4ca74ff0537996c776543c9062ad1b55a6942d15072bca3eda58', 301, 5, 'User Token', '[]', 0, '2022-06-13 10:25:12', '2022-06-13 10:25:12', '2023-06-13 10:25:12'),
('1ea870df86e3b3709597832d78f11f7a12fb129f4b2c796a31f069bdf627280cf0c3769e985d10d8', 287, 5, 'User Token', '[]', 0, '2022-06-09 10:31:47', '2022-06-09 10:31:47', '2023-06-09 10:31:47'),
('1f2a473ae053b00351986c0254cfc354007214b75f8d4fb90516bacf4f970f8bb28dc99c6f1b86a9', 274, 5, 'User Token', '[]', 0, '2022-05-26 05:50:01', '2022-05-26 05:50:01', '2023-05-26 05:50:01'),
('1f318494ed0d3d8ea7186b5a7dab7ab7e42930ad89b388cc36dfb998818001bec6168bda0872631e', 330, 5, 'User Token', '[]', 0, '2022-06-29 12:53:39', '2022-06-29 12:53:39', '2023-06-29 12:53:39'),
('1f44e66aae123a0e21b4355b79ad2381b2a627cbb47a4e7fb0ae5251399d223702118db4aa80fd65', 274, 5, 'User Token', '[]', 0, '2022-06-28 13:24:00', '2022-06-28 13:24:00', '2023-06-28 13:24:00'),
('1fe2a6c0e3ec59b0ef116627878e24872f9d70c17ccb03597a940cd66ae815d9edf3416e0e9d80bb', 274, 5, 'User Token', '[]', 0, '2022-05-20 03:45:53', '2022-05-20 03:45:53', '2023-05-20 03:45:53'),
('2000eb246557d67e672c7d1bd28c0528ac95565c7820ac4d7c5aaba6802d40566ff12811f663f347', 134, 5, 'API Token', '[]', 0, '2022-03-09 06:53:47', '2022-03-09 06:53:47', '2023-03-09 06:53:47'),
('21e3fed06155e696dd60555807ca9d0a7eb51fdc03a356199197086934217f0689fd59f60a1cda3f', 322, 5, 'User Token', '[]', 0, '2022-06-28 14:01:01', '2022-06-28 14:01:01', '2023-06-28 14:01:01'),
('2206a108bcd3203acec7ce4cb2046ffa77238077965f0a8e2444c9cd0ffafd304b11934b28a50ba9', 319, 5, 'User Token', '[]', 0, '2022-06-21 13:13:24', '2022-06-21 13:13:24', '2023-06-21 13:13:24'),
('223d31d5c773a49596f9bfc6f761081d7c5bb1cdfdde360c887493fcd23df8547deb693ee1a6c10e', 319, 5, 'User Token', '[]', 0, '2022-06-25 07:01:16', '2022-06-25 07:01:16', '2023-06-25 07:01:16'),
('24675a025291b9a7a464557c6ae348e9252f5d8487bd1788357ae7c81e7209a2ad646298cc2de2e4', 274, 5, 'User Token', '[]', 0, '2022-06-21 12:00:00', '2022-06-21 12:00:00', '2023-06-21 12:00:00'),
('2496444434439b39bc86c4b4f86ae9b5fc2a3d69d88d8ed3e75f2c4aa16c6ddedd6eac896022c94a', 290, 5, 'User Token', '[]', 0, '2022-06-02 13:17:26', '2022-06-02 13:17:26', '2023-06-02 13:17:26'),
('25440e3e59398bf506b701c1e2e3eb5e2b0458e3835b64609fcdd58327e71d3157273ec9756e1fc3', 274, 5, 'User Token', '[]', 0, '2022-04-16 14:39:11', '2022-04-16 14:39:11', '2023-04-16 14:39:11'),
('2547b160c26a4ac06a85b9bb398be7db7ea1b629083893002403666d68068cb8c8eb9c5e8c0a937b', 273, 5, 'User Token', '[]', 0, '2022-05-31 06:02:38', '2022-05-31 06:02:38', '2023-05-31 06:02:38'),
('256a05fc8e0aea5db6a70612d4d4ff719543543cc200ccbe3d32a73121b03482d5b788ef5bbaab1e', 274, 5, 'User Token', '[]', 0, '2022-06-25 06:04:46', '2022-06-25 06:04:46', '2023-06-25 06:04:46'),
('258a04c6193cd8f304793b75a7d12e0e341ff3e3ab2a3b4e5b7002a68fb82516c6a72fc7d19f6d35', 273, 5, 'User Token', '[]', 0, '2022-04-15 23:26:48', '2022-04-15 23:26:48', '2023-04-15 23:26:48'),
('260cb1d8a2503c6f20f16e67eb23d38e1ae45fde71dc65394d879ebb56a69c63c97b1b8fe8e46dce', 1, 5, NULL, '[]', 0, '2022-02-11 05:35:41', '2022-02-11 05:35:41', '2023-02-11 11:05:41'),
('2623b756bba8a0ea9b585e08a0272011b2295f5c4b262601d91a9a13b2007ded633aed0550587aea', 256, 5, 'User Token', '[]', 0, '2022-04-15 07:18:30', '2022-04-15 07:18:30', '2023-04-15 07:18:30'),
('26bedd073cf075c66378a8f267273f4f2b3ace3f89a5127a0773fd414d2877bf5115319430c68992', 334, 5, 'User Token', '[]', 0, '2022-06-30 05:36:19', '2022-06-30 05:36:19', '2023-06-30 05:36:19'),
('2750531dad87f567b6b86fd7e23b0fb5c9fce179ed24e426b9a4aaab1abc1a382c91a269e2e071df', 283, 5, 'User Token', '[]', 0, '2022-04-25 09:53:13', '2022-04-25 09:53:13', '2023-04-25 09:53:13'),
('2867947a8bc0b42ddb21338f119eeb19fc2ae354a3d3a90f798c034134f0d46154bd248dd7c59353', 321, 5, 'User Token', '[]', 0, '2022-06-30 06:31:05', '2022-06-30 06:31:05', '2023-06-30 06:31:05'),
('2893552d871b02a4ca2e344602098abe9e506ec69ea979fd0f4d9a0a8bcc2e227e73d21c66c8a994', 329, 5, 'User Token', '[]', 0, '2022-06-29 05:54:41', '2022-06-29 05:54:41', '2023-06-29 05:54:41'),
('28e18f428a02ec7dc0c25883d90b06c55b2f549040429e3bf5a04ce5f4aae321c83af227a1a0a1b5', 274, 5, 'User Token', '[]', 0, '2022-06-24 05:06:11', '2022-06-24 05:06:11', '2023-06-24 05:06:11'),
('28efb07b672a5ad1561c3fb8d0bc0342f21c57c5b45dcfcb3766d2e0f17f596dda043cbfd3c0bd75', 12, 1, 'API Token', '[]', 0, '2021-12-17 07:02:22', '2021-12-17 07:02:22', '2022-12-17 12:32:22'),
('29385d4b7a0493a019b440e713dfebf88c28da2b709edd1226957865daddf92e4f0d5620acd06ce4', 321, 5, 'User Token', '[]', 0, '2022-06-28 07:07:00', '2022-06-28 07:07:00', '2023-06-28 07:07:00'),
('29461c46cec4dafe0e58ab1ebbdfd1b01db6e793563b37cb940dbc08be945e44e60430398cd2d630', 1, 5, NULL, '[]', 0, '2022-02-11 05:35:39', '2022-02-11 05:35:39', '2023-02-11 11:05:39'),
('295fa6ebe793be67d4c57c973c4686658586ffb82ddc56be1a60c6186dc9005159ca9c1304e5c3d8', 279, 5, 'User Token', '[]', 0, '2022-04-23 14:19:47', '2022-04-23 14:19:47', '2023-04-23 14:19:47'),
('2975a0b697dbdb1fa89d93a36e3f7d95501e2812bf130ccb67c34245ea42052eeec05741725dfa33', 317, 5, 'User Token', '[]', 0, '2022-06-24 12:47:46', '2022-06-24 12:47:46', '2023-06-24 12:47:46'),
('29c55f65d1c298e139c897c9fd2644b34facd8d474617d158ef8800c45dad1ce6abf7301190ce25b', 274, 5, 'User Token', '[]', 0, '2022-06-24 05:11:41', '2022-06-24 05:11:41', '2023-06-24 05:11:41'),
('29dbf78e027bdda8381252dfdf0f25fa0cd97b9daf2b5d9310eac15bd599c5c958185b6d5aa9c09e', 287, 5, 'User Token', '[]', 0, '2022-06-27 06:39:56', '2022-06-27 06:39:56', '2023-06-27 06:39:56'),
('29e6648e1f4008bcfb56e86159ed3810db3e057414f2e321723a382e7896add0a3f9541250b7cbd4', 319, 5, 'User Token', '[]', 0, '2022-06-25 05:48:25', '2022-06-25 05:48:25', '2023-06-25 05:48:25'),
('2a9c10a6faf5b29e816208276787b6af15280b82b2b2130c97a1ec56ba31a5576ec0277f0a5d7f43', 273, 5, 'User Token', '[]', 0, '2022-04-15 22:59:48', '2022-04-15 22:59:48', '2023-04-15 22:59:48'),
('2abd1db1420986cacb426e792fb0ad604e28006e2c0c74e641de43c6c34426f2c677bd734947edf8', 254, 5, 'User Token', '[]', 0, '2022-04-30 23:04:21', '2022-04-30 23:04:21', '2023-04-30 23:04:21'),
('2ada9013d7c53030dcaaffa72af313b3c6293a1f337952332cdf2c892fc6c5ba69f91e32978324d3', 274, 5, 'User Token', '[]', 0, '2022-04-17 11:53:57', '2022-04-17 11:53:57', '2023-04-17 11:53:57'),
('2b3e2e07541b493b3b6fc14da4849fcf78f4478d0fe7fc0242ffa32e857a871505eb4d1e57754222', 274, 5, 'User Token', '[]', 0, '2022-04-16 15:59:43', '2022-04-16 15:59:43', '2023-04-16 15:59:43'),
('2c56b9f53a3413f05ffa5e5140704ec1dd7b07462e0eff5f4b6cd5725a7a670a4efa1b0677680664', 274, 5, 'User Token', '[]', 0, '2022-06-20 10:17:40', '2022-06-20 10:17:40', '2023-06-20 10:17:40'),
('2cab1fc5715cc8748e6c6123e88bd5a58ef7919605c65e425ed28373ffb13393cc949c93829c83e5', 287, 5, 'User Token', '[]', 0, '2022-06-16 13:09:46', '2022-06-16 13:09:46', '2023-06-16 13:09:46'),
('2cb0a002cbd23e76e3c855d41496359ff47a58d99fbc73ebff73905ec4226e6853e63c518d58a919', 273, 5, 'User Token', '[]', 0, '2022-04-25 05:44:58', '2022-04-25 05:44:58', '2023-04-25 05:44:58'),
('2e38634c554927e47eb3cb103fe7df9ce5149976dd7b3c23f97aef4ff5b630160b21a66609109ab7', 165, 5, 'API Token', '[]', 0, '2022-03-28 03:47:36', '2022-03-28 03:47:36', '2023-03-28 09:17:36'),
('2ed02a756358a6d41be1d9d49b02eb9d63dc437e206ce543d13e2d2ad326890170ccb37240f95d6c', 65, 5, 'API Token', '[]', 0, '2022-02-11 06:42:45', '2022-02-11 06:42:45', '2023-02-11 12:12:45'),
('2ef14d7b08d0261025f4ecf874abffc6ef9e4bd61bd9f8cba7f21169ddb1183b3ded2cd9217e3d80', 319, 5, 'User Token', '[]', 0, '2022-06-29 06:13:01', '2022-06-29 06:13:01', '2023-06-29 06:13:01'),
('2f095384a12329d67e89c05626641d2b37d14698719f08ed86a36423b07719c16689e54ec0e07525', 151, 5, 'API Token', '[]', 0, '2022-03-16 05:16:53', '2022-03-16 05:16:53', '2023-03-16 10:46:53'),
('30645adbd3d2e457e811adc171870968e4569eda2b95bb9d7882a1d4ea1f01f79979d9a48d0f60c8', 287, 5, 'User Token', '[]', 0, '2022-06-28 10:24:16', '2022-06-28 10:24:16', '2023-06-28 10:24:16'),
('310a134fe54553961d9dcad0157ea33b8e45ce03d00f94153e2542a252a660ab3d2601daaec12860', 287, 5, 'User Token', '[]', 0, '2022-06-20 09:50:25', '2022-06-20 09:50:25', '2023-06-20 09:50:25'),
('31ba74e17cb095151b57e0fb1f6c39c4f75b2dd6814d07ecfe481768ab58b03f3ef142aad28e0b39', 254, 5, 'User Token', '[]', 0, '2022-04-22 08:56:13', '2022-04-22 08:56:13', '2023-04-22 08:56:13'),
('31bf0e095d72aaf0eaa1b34cae4f17a483d60163dec987f8beda7f87457acc3388c337f21484590c', 321, 5, 'User Token', '[]', 0, '2022-07-01 06:38:21', '2022-07-01 06:38:21', '2023-07-01 06:38:21'),
('31c648c9e379feadfe6bb2f4d2bb2e15bbec2a76dcedafad6df5b8355ab42e6147f9cb7fe0ac0792', 322, 5, 'User Token', '[]', 0, '2022-06-28 11:53:08', '2022-06-28 11:53:08', '2023-06-28 11:53:08'),
('3309bd5921ef724eb5c443227a4e81316028c59c2b9454a0ad2fe003f6c543571bf2d0604454426f', 274, 5, 'User Token', '[]', 0, '2022-06-09 08:43:56', '2022-06-09 08:43:56', '2023-06-09 08:43:56'),
('33989d1041e7f6f16978dae8b0756f332aaacda67019c931552260832996d66e668a467f900f777c', 319, 5, 'User Token', '[]', 0, '2022-07-04 05:08:48', '2022-07-04 05:08:48', '2023-07-04 05:08:48'),
('339916c17d76b77f62bee1716dbea308819ecd296e73e9c19efa2f815820e6060bc6a0fceb4e084d', 319, 5, 'User Token', '[]', 0, '2022-06-22 11:02:52', '2022-06-22 11:02:52', '2023-06-22 11:02:52'),
('33c0d563d10e7a6d65431e5e7384f4630ca3e5fc57e7e667e1ff3a4115438675c67ca94a5080f6db', 274, 5, 'User Token', '[]', 0, '2022-06-28 14:20:53', '2022-06-28 14:20:53', '2023-06-28 14:20:53'),
('33c4c3c8f114fd3d06662a6be38ce53fe7b030110361ad7cfc4dd921837fd4452f8ad9b1e5c95d08', 148, 5, 'API Token', '[]', 0, '2022-03-12 10:08:45', '2022-03-12 10:08:45', '2023-03-12 10:08:45'),
('341cc624711d5cf0d83ecbee8c64b69bc742e34e5f52a57c5ca9787218a5aee25436ae43f493a857', 274, 5, 'User Token', '[]', 0, '2022-04-17 09:16:58', '2022-04-17 09:16:58', '2023-04-17 09:16:58'),
('34aa0f274975d92c2a3bfed89566f71c41ef60f9cd9a7da8dfd6300221e784510cb0a6c56f86845f', 319, 5, 'User Token', '[]', 0, '2022-06-22 05:39:44', '2022-06-22 05:39:44', '2023-06-22 05:39:44'),
('34c2ae76574b8b04f61594b17aaefede088346708296dedcdde642d241a0064f674a603e124f2635', 274, 5, 'User Token', '[]', 0, '2022-06-29 09:22:01', '2022-06-29 09:22:01', '2023-06-29 09:22:01'),
('34c4b365bd8f14c833b2d2f3746ac01ac5b8446a79d86305b8fa1edb819398aad720ed7c463be2c2', 272, 5, 'User Token', '[]', 0, '2022-04-15 13:55:27', '2022-04-15 13:55:27', '2023-04-15 13:55:27'),
('350c338c6cd5fbfe6835b98e2c3ddb200361abd7a2db210cc51bea1224011aca41575fba9a59ba44', 1, 5, NULL, '[]', 0, '2022-02-11 05:30:52', '2022-02-11 05:30:52', '2023-02-11 11:00:52'),
('35698cd74759ac9e87fad3f4b0fba19eac8074a5b0816f70016ff3f726a54d0f4bfd9838879e96a8', 274, 5, 'User Token', '[]', 0, '2022-05-30 14:09:07', '2022-05-30 14:09:07', '2023-05-30 14:09:07'),
('358016aae2d61e75e32ddf96503cec054fcbeaec80836015203d560642375fb42f060d734517734c', 290, 5, 'User Token', '[]', 0, '2022-05-27 12:26:10', '2022-05-27 12:26:10', '2023-05-27 12:26:10'),
('35ae2d86f08bf2268faacb79f448042b9c114454fca1c10d9ef2ce87405187846d8f54c43bdc1ef5', 284, 5, 'User Token', '[]', 0, '2022-04-27 09:23:43', '2022-04-27 09:23:43', '2023-04-27 09:23:43'),
('3685d375d231a587dc948782b9721bfbf4e0c1cdabecda3c5aecf9041804bdde4f95c8bd207e30af', 274, 5, 'User Token', '[]', 0, '2022-06-09 12:18:03', '2022-06-09 12:18:03', '2023-06-09 12:18:03'),
('3699ca0d7e72497e0ff5a53ccb2c2371f45e8d5bc743b41c5ac84f9e4769750593ce42a76b1dfe54', 334, 5, 'User Token', '[]', 0, '2022-06-30 06:11:55', '2022-06-30 06:11:55', '2023-06-30 06:11:55'),
('372f861a7f9c3d533b1bd2b5dc1275e7f20a10b77215871efe4db6fe37c0fd0ea518fbc67e5998ce', 165, 5, 'API Token', '[]', 0, '2022-03-30 04:22:34', '2022-03-30 04:22:34', '2023-03-30 09:52:34'),
('375cb502ac0cf8fab8f215a7d4bd329360f3b6a9a4165eefd634079af66992f7df9fe10ae3852071', 274, 5, 'User Token', '[]', 0, '2022-05-20 03:44:57', '2022-05-20 03:44:57', '2023-05-20 03:44:57'),
('37e5531d570e50bfe03e364f90d1673f7281be6f32df3caf2f7eb78052d2c59c3c0cc0036680d65d', 11, 1, 'API Token', '[]', 0, '2021-12-17 06:37:29', '2021-12-17 06:37:29', '2022-12-17 12:07:29'),
('38023db3b9c0d4a3618d29f0c95469169564a5a5f2313567f1f02fa41e6472ea03c2c35d0453353f', 287, 5, 'User Token', '[]', 0, '2022-06-02 13:21:54', '2022-06-02 13:21:54', '2023-06-02 13:21:54'),
('384d6dc1ef8df3b66cdae5179f3e5a21a4d36a1e78feb1d7e6d25cf7d1ae78b797c6db26a41aff0d', 274, 5, 'User Token', '[]', 0, '2022-04-16 15:58:02', '2022-04-16 15:58:02', '2023-04-16 15:58:02'),
('387f58d51223ce3318f859ad726ba760de92d78cf83284b98c22fbd6826596cc43a436a32f099597', 287, 5, 'User Token', '[]', 0, '2022-06-16 08:51:08', '2022-06-16 08:51:08', '2023-06-16 08:51:08'),
('38b356dd99b1d8c82688d3f514f20f868478066e9faba3a32d85f2a4fb2a62902ac25bb52072eae7', 288, 5, 'User Token', '[]', 0, '2022-05-25 10:33:01', '2022-05-25 10:33:01', '2023-05-25 10:33:01'),
('392098345448fed6fb17c689d49925213818e69b8cf4c38ba60d4b5081031a3b9d10928042ee1884', 287, 5, 'User Token', '[]', 0, '2022-06-14 10:14:43', '2022-06-14 10:14:43', '2023-06-14 10:14:43'),
('3993f8b349548b15080e80886dbb71d6c91d64944e779ed189fed413a785c02761ebcd4537d7a86d', 287, 5, 'User Token', '[]', 0, '2022-06-07 09:36:12', '2022-06-07 09:36:12', '2023-06-07 09:36:12'),
('39f180b2d06d38fc463ec21664aead67ebf6daee6242c48852de6600dec12e6f9ec668e0cb4a03d9', 18, 5, 'API Token', '[]', 0, '2022-01-18 05:01:18', '2022-01-18 05:01:18', '2023-01-18 10:31:18'),
('3b372464d53e31eadd8a70b2a12c632a0893de0a5e59c4786cf7056ec0545cd73e345ce457dbebf0', 166, 5, 'API Token', '[]', 0, '2022-03-22 05:17:10', '2022-03-22 05:17:10', '2023-03-22 10:47:10'),
('3b791300737facdf6d4e35e1f0de103c16f963d87d726a393f2eb9226d47766bd9e59c23d7126c76', 274, 5, 'User Token', '[]', 0, '2022-06-21 14:12:13', '2022-06-21 14:12:13', '2023-06-21 14:12:13'),
('3b82d5995ccaea83b032b84976e693f9e1b350ea89a3ac46b869e9cf82f0606b88b0b6988a7f2dc4', 299, 5, 'User Token', '[]', 0, '2022-06-13 10:01:36', '2022-06-13 10:01:36', '2023-06-13 10:01:36'),
('3be47b7ad273ddd08780ec68bdb6138c38df26847c26f26f4188e81b188d7ac1c6666ba484896009', 287, 5, 'User Token', '[]', 0, '2022-06-27 07:06:24', '2022-06-27 07:06:24', '2023-06-27 07:06:24'),
('3bff5342ecb82f3ad5f7917c45319a912e11b009db836932a186e47a95cbdadd08974c15b2fc02cc', 274, 5, 'User Token', '[]', 0, '2022-06-22 07:20:17', '2022-06-22 07:20:17', '2023-06-22 07:20:17'),
('3c23dd4ce43ca3de225a7c5174df63ef845325a5f552e1513a09e8891077b2646400ca2ac90d27dd', 288, 5, 'User Token', '[]', 0, '2022-05-25 10:32:37', '2022-05-25 10:32:37', '2023-05-25 10:32:37'),
('3d687034c05ea1aa5ee8700960d341fa06cfd12c3121e0b32bbe409e5a85907af62ac86d009aec88', 273, 5, 'User Token', '[]', 0, '2022-05-27 09:22:48', '2022-05-27 09:22:48', '2023-05-27 09:22:48'),
('3df0a31f32f841e2a254a3da446a7a0863a17dcea5db2c46bcd467d223957a71ab92b9f80190bace', 283, 5, 'User Token', '[]', 0, '2022-04-29 09:34:07', '2022-04-29 09:34:07', '2023-04-29 09:34:07'),
('3e2aaeed3990c6897507aa9bea529d9568852be08809c8ecaf8fd784158413eafefeac67a5afe9f1', 319, 5, 'User Token', '[]', 0, '2022-06-21 12:05:09', '2022-06-21 12:05:09', '2023-06-21 12:05:09'),
('3ed4e5232353e22b7e56d69b5125800b21c064a99152f34a3c69a995b2cf60704422b3cac7379efd', 150, 5, 'API Token', '[]', 0, '2022-03-12 13:15:33', '2022-03-12 13:15:33', '2023-03-12 13:15:33'),
('3efedb7685970deee3ff8d993dd0f595cb9865806e27450dfb538001cc821a9be10af8aa665e3247', 319, 5, 'User Token', '[]', 0, '2022-06-27 11:07:27', '2022-06-27 11:07:27', '2023-06-27 11:07:27'),
('3f90f7aa9111b7ce72e6aacaaa3ed5e3373e62d2cd981e86f3e04ea48c8cffd903cb29b970ac7c59', 274, 5, 'User Token', '[]', 0, '2022-06-17 10:03:55', '2022-06-17 10:03:55', '2023-06-17 10:03:55'),
('4010b19b51f89f680c2164b163847078b0e222ae6905abeabcbecf83e5912a21b70578371fa1a14b', 321, 5, 'User Token', '[]', 0, '2022-06-29 05:36:28', '2022-06-29 05:36:28', '2023-06-29 05:36:28'),
('406fdca8d8b3d047ab39c0e4b434c25ee3bcd87dad058e875051e478231a722fee7c55046053d6b3', 319, 5, 'User Token', '[]', 0, '2022-07-05 09:50:09', '2022-07-05 09:50:09', '2023-07-05 09:50:09'),
('40e61e780e05243dcbdf9a6dc0aeb27e366b542e5b54bf44459493e5ad5236f56a761ed01be9ac4c', 274, 5, 'User Token', '[]', 0, '2022-06-27 08:54:18', '2022-06-27 08:54:18', '2023-06-27 08:54:18'),
('41365cc20d2e37f776413b94ef68c8f2362ddb5fe6bfb949b2c5203c34794b9e31b62be1b904d4c3', 319, 5, 'User Token', '[]', 0, '2022-06-25 05:45:06', '2022-06-25 05:45:06', '2023-06-25 05:45:06'),
('415555aa291b969a2f5b50523ed057999f3562f4cb222a8b915a39d7c1c17d739487b15c804ee2d2', 169, 5, 'API Token', '[]', 0, '2022-04-06 05:57:46', '2022-04-06 05:57:46', '2023-04-06 05:57:46'),
('41dbdf74ad020a5eb204d02cc47d9582daf7913c0383fb46fc614d999ca75ab742b1d38e1f05d928', 274, 5, 'User Token', '[]', 0, '2022-06-29 13:30:15', '2022-06-29 13:30:15', '2023-06-29 13:30:15'),
('42116ef6e421416762bd882a26bf773730b2489bad874a604cd8785c521f509b971207235e37592d', 274, 5, 'User Token', '[]', 0, '2022-05-26 05:55:41', '2022-05-26 05:55:41', '2023-05-26 05:55:41'),
('433f691cb4704b86163628197473cdcece3215f2b4c268a3f7cfc47d53ff2b6a3c4cdd2244b87ef7', 274, 5, 'User Token', '[]', 0, '2022-06-20 09:22:31', '2022-06-20 09:22:31', '2023-06-20 09:22:31'),
('43881f09bbe57a710379bc9dd5dce055f5d0b803018acdfa46b80d1b425f133343a96c0f050ad6d2', 165, 5, 'API Token', '[]', 0, '2022-03-30 04:21:16', '2022-03-30 04:21:16', '2023-03-30 09:51:16'),
('43bca356681e51e7a1b8290efbb2f840d7416ecd42be9aed96038f2b05b56419e7a6573aa3b295f6', 1, 5, NULL, '[]', 0, '2022-02-11 06:01:22', '2022-02-11 06:01:22', '2023-02-11 11:31:22'),
('45092f5ef748ca1a38f653249a6d11fe1711e990be67b984af82fdc9d96a048f6caa70e343b15b94', 287, 5, 'User Token', '[]', 0, '2022-05-27 04:53:59', '2022-05-27 04:53:59', '2023-05-27 04:53:59'),
('4515a8a2dc7024207dae73cf69133625de64ab76cadbcffd4e19125928a2ab5c9bfd243371a812f7', 12, 1, 'API Token', '[]', 0, '2021-12-30 07:04:59', '2021-12-30 07:04:59', '2022-12-30 12:34:59'),
('45891f6ec85a437ca8c0ae13214c81c047eb0ae803d251556f7626f42893d92332385835fcb174bf', 331, 5, 'User Token', '[]', 0, '2022-06-29 13:36:47', '2022-06-29 13:36:47', '2023-06-29 13:36:47'),
('45e055c7bfe4248a99469f29d823fe55e4cfc330c69839c37ee355dfbf179e79d12455b8dbf12352', NULL, 5, 'API Token', '[]', 0, '2022-04-15 06:57:02', '2022-04-15 06:57:02', '2023-04-15 06:57:02'),
('464debe7732c15f9c650641c1fc6031c79dccf7a800ebb1bd154ae88646deeb33ddb4799e4e82695', 287, 5, 'User Token', '[]', 0, '2022-06-29 05:19:56', '2022-06-29 05:19:56', '2023-06-29 05:19:56'),
('472020bccc8fbad41fe08760fe4b3601c6bf16b37a1de0a675d50dfe39db66130da55f6b6bf4ebfb', 313, 5, 'User Token', '[]', 0, '2022-06-18 08:51:16', '2022-06-18 08:51:16', '2023-06-18 08:51:16'),
('473b967143ee0ba7574cec6c35c3d8dd6ae930d827a15d611adeefd746323e5047daa05a56bae56b', 281, 5, 'User Token', '[]', 0, '2022-05-05 13:18:06', '2022-05-05 13:18:06', '2023-05-05 13:18:06'),
('479fad04ee500297e3279e8e6a6af824045e1be1840f028eb3dd3c16031ef6583c9eebd100c6e85b', 287, 5, 'User Token', '[]', 0, '2022-06-27 06:53:24', '2022-06-27 06:53:24', '2023-06-27 06:53:24'),
('485bf2fd29134d33edd3d06e20bbdcef7349e489887a4b4d09244a279b3e1dea46cfae91d0ee7e72', 1, 5, 'API Token', '[]', 0, '2022-02-11 06:08:37', '2022-02-11 06:08:37', '2023-02-11 11:38:37'),
('48a6532120a4be047bc92e3b5968a8a7cd3b48c3d3da8478096a6af526a3e2ad12eea135f38732c0', 274, 5, 'User Token', '[]', 0, '2022-06-02 06:05:09', '2022-06-02 06:05:09', '2023-06-02 06:05:09'),
('48c7571ab6d667910f9eb5ccbd56004c093b0d92f037f624b0cde13e80b866b976f82bd80c8fdc34', 287, 5, 'User Token', '[]', 0, '2022-06-16 12:47:32', '2022-06-16 12:47:32', '2023-06-16 12:47:32'),
('4900ebb04ff3a1b4f2b22e59235782040908a29a7d116199b4cd4067e224d42647f6c5d18f8af460', 271, 5, 'User Token', '[]', 0, '2022-04-15 12:11:43', '2022-04-15 12:11:43', '2023-04-15 12:11:43'),
('496fc39028e1a5a1337e612ee492cc2e34e78657e8f47f9d7677fe19c8b4bb20abfa27722d129f43', 274, 5, 'User Token', '[]', 0, '2022-06-21 13:49:27', '2022-06-21 13:49:27', '2023-06-21 13:49:27'),
('49d0df2cf416cfda39db1fa271b54f5fc7fbac076af3a5f74ea433e04efd39ac6e7c52374872f67b', 272, 5, 'User Token', '[]', 0, '2022-04-15 12:23:01', '2022-04-15 12:23:01', '2023-04-15 12:23:01'),
('4ab60e9b2a1e7d20fed8abd0feb7ba55b3dbca0a06b59434a29a47b543f1399bdc8b82436328d940', 308, 5, 'User Token', '[]', 0, '2022-06-16 10:24:46', '2022-06-16 10:24:46', '2023-06-16 10:24:46'),
('4b358e2292b3063d5714a05bc4046ae37a2178452f0318599067cbbd84de8a23aae542bac3c303bc', 1, 5, 'API Token', '[]', 0, '2022-03-02 11:49:58', '2022-03-02 11:49:58', '2023-03-02 11:49:58'),
('4bb1a18fbb6dbd2ce17cd9a5c8ca5d680a32ef9d0631470835719a50b9536a134f0cf545b24c9110', 288, 5, 'User Token', '[]', 0, '2022-05-27 06:38:30', '2022-05-27 06:38:30', '2023-05-27 06:38:30'),
('4cc05b47207acb4fb17b30d850177d785acc1ed9884d01338310a7fece622296f30a7f42ed8eeaf4', 274, 5, 'User Token', '[]', 0, '2022-06-09 12:47:03', '2022-06-09 12:47:03', '2023-06-09 12:47:03'),
('4ce20a1168df7428e32d26f645ca732ccb6d36e775b5936560a19e4b88d9c4df4c91eb27054a9b60', 308, 5, 'User Token', '[]', 0, '2022-06-13 10:53:43', '2022-06-13 10:53:43', '2023-06-13 10:53:43'),
('4cfe77556db23323cf60b0058d151b2f9ecef593b250d00db24acb83a2656d8467dff2a1a198dc90', 273, 5, 'User Token', '[]', 0, '2022-04-15 23:26:19', '2022-04-15 23:26:19', '2023-04-15 23:26:19'),
('4e15a5034cfd4be796ddcc0c9b000332bb4ef0c91936853107179c9585ae51a6b5ce652205ef67b4', 151, 5, 'API Token', '[]', 0, '2022-03-14 01:30:20', '2022-03-14 01:30:20', '2023-03-14 07:00:20'),
('4e3352ecde2945bc9230b39e2a1463007b462cdc2bdd72c16649966746b1f7b46d4f03b75073be83', 274, 5, 'User Token', '[]', 0, '2022-04-20 01:46:38', '2022-04-20 01:46:38', '2023-04-20 01:46:38'),
('4e4f919714a6ffa9550fdf96bce19b0d9c093d024837d21913308fb9c6f8742489a2d19196bace17', 308, 5, 'User Token', '[]', 0, '2022-06-16 10:24:25', '2022-06-16 10:24:25', '2023-06-16 10:24:25'),
('4e76b13e62987c6418188ec8bcc073292407880c3018ce3d3aa23424b5911e1e3d1a0300fff0145e', 274, 5, 'User Token', '[]', 0, '2022-06-22 07:20:18', '2022-06-22 07:20:18', '2023-06-22 07:20:18'),
('4e7d8e96ce42695d5e122103787ff73a88dfeb28b99ba930e4a461ab2e438d28109f7e1e33fffc45', 274, 5, 'User Token', '[]', 0, '2022-06-30 05:06:38', '2022-06-30 05:06:38', '2023-06-30 05:06:38'),
('4e85adfac5aa2258b7fb757e19cede6ff06cf6755bfaeec5764c34fd247683a7806e85c424078574', 334, 5, 'User Token', '[]', 0, '2022-06-30 06:23:13', '2022-06-30 06:23:13', '2023-06-30 06:23:13'),
('4fdf96051401a46c77067259cab39f69c219271b88fd7c1326add7691c7eb00e7398c33a45506c87', 287, 5, 'User Token', '[]', 0, '2022-06-08 05:50:44', '2022-06-08 05:50:44', '2023-06-08 05:50:44'),
('501aa656280d36878afe5ec6fa1cf3fc262ddf322ad6794aacce7ba2352e14e117302ed676861e6a', 287, 5, 'User Token', '[]', 0, '2022-06-20 09:28:52', '2022-06-20 09:28:52', '2023-06-20 09:28:52'),
('50d8cca71ab1ba635f466b158f9a2ad10eb6c1995a1eca99cf81599e05605d6e6a468f4fe77f58dd', 283, 5, 'User Token', '[]', 0, '2022-04-29 09:38:34', '2022-04-29 09:38:34', '2023-04-29 09:38:34'),
('50f913fac89beac33f98676028f018a526acb399582f218f02c0d6a364b43da9e2c9b862dadb980d', 287, 5, 'User Token', '[]', 0, '2022-06-02 12:52:43', '2022-06-02 12:52:43', '2023-06-02 12:52:43'),
('517df8677b429b6eb129e8ca1a3c5dc2310c8038a797970048a8d92a21efa955674efff9b26acf0f', 274, 5, 'User Token', '[]', 0, '2022-06-17 12:11:57', '2022-06-17 12:11:57', '2023-06-17 12:11:57'),
('522e20b073248b5bf9aede283ab7e3938b6ba32eb31fba3ed0a598f7e5e71627949c63ef624ed72b', 274, 5, 'User Token', '[]', 0, '2022-04-19 03:56:14', '2022-04-19 03:56:14', '2023-04-19 03:56:14'),
('523a75d3cf8e358db0c0b7e3b746b0354a64cd049cd72497fb575dc8d1f70c5cbfa4a4821d2dd2a5', 1, 5, NULL, '[]', 0, '2022-02-11 05:31:08', '2022-02-11 05:31:08', '2023-02-11 11:01:08'),
('52cc2a1c65bcc1a348197aa80a54072c23974cb47a612f4cb799961d20bbf7b2d6763e69b5c025d6', 266, 5, 'User Token', '[]', 0, '2022-04-15 08:49:49', '2022-04-15 08:49:49', '2023-04-15 08:49:49'),
('5305bcb437f46e55ce2da80900784180166805c4407bccf1480ff6eda8de917bfd94d3fa291e9c3f', 287, 5, 'User Token', '[]', 0, '2022-05-31 05:01:19', '2022-05-31 05:01:19', '2023-05-31 05:01:19'),
('536913b4811375b3e8ea4e16095b7a79e6e2ea35af13cd7e9fcc3e69fce39138f9c51c3c24a7c59a', 316, 5, 'User Token', '[]', 0, '2022-06-20 05:42:47', '2022-06-20 05:42:47', '2023-06-20 05:42:47'),
('53bc526fc4e8b60a4f041dc0e3c4a9c6ab693ada2845ab6120c3bf9978a77bdebc673569dec72ba4', 287, 5, 'User Token', '[]', 0, '2022-06-14 10:16:48', '2022-06-14 10:16:48', '2023-06-14 10:16:48'),
('53f1835361f89389321b54a20489e4ebbf59ad08bfab59597cc357575c3c7d6b08e3c79662bea639', 322, 5, 'User Token', '[]', 0, '2022-06-28 11:58:22', '2022-06-28 11:58:22', '2023-06-28 11:58:22'),
('545b9acbf7b05c3c377afb25c582b0aea87bda44917f9ef207e1d7fa072439596e5e371eec1516c5', 287, 5, 'User Token', '[]', 0, '2022-06-09 08:35:43', '2022-06-09 08:35:43', '2023-06-09 08:35:43'),
('548a2590aace366b20873005f6e4b2ab571e421f7ba4bb7302d57ed82445bcdf85017b185c4083c2', 331, 5, 'User Token', '[]', 0, '2022-06-29 13:05:10', '2022-06-29 13:05:10', '2023-06-29 13:05:10'),
('54f33eb2de299873ae4b9ee350889cebbecab558fbfc3e1bb29ab855ccaf0810c44677c2925dfd50', NULL, 5, 'API Token', '[]', 0, '2022-04-15 07:03:45', '2022-04-15 07:03:45', '2023-04-15 07:03:45'),
('5509025d7ae32830e7fcf031d7ccffa4ef2b3c3a92829e2f308291e8b259d9d58c81d5a0c32feb89', 257, 5, 'User Token', '[]', 0, '2022-04-15 07:20:29', '2022-04-15 07:20:29', '2023-04-15 07:20:29'),
('5531b2abf628bd6489f1aa5779392bb27c10487d1648b41b844f4f8b2343e9c8c6d08d7453b64170', 308, 5, 'User Token', '[]', 0, '2022-06-16 10:27:44', '2022-06-16 10:27:44', '2023-06-16 10:27:44'),
('55cb25b1915747db8ca9e3e7c6a736415545267284e923b18e48cd82d5639785216fda684c0d8e1c', 287, 5, 'User Token', '[]', 0, '2022-06-27 06:19:28', '2022-06-27 06:19:28', '2023-06-27 06:19:28'),
('56c625425081a2870cb9ed97488ffdb36e36e82bd675d5dc46edfdea8042130ad29a4a84da21704c', 322, 5, 'User Token', '[]', 0, '2022-06-28 13:06:07', '2022-06-28 13:06:07', '2023-06-28 13:06:07'),
('56e2594bef080202c0725c1a4cf65086b84c38119ace291d146dcc2655a7448d32c606e279af51f2', 302, 5, 'User Token', '[]', 0, '2022-06-13 10:25:37', '2022-06-13 10:25:37', '2023-06-13 10:25:37'),
('580d53d921c2dcee2c53d361aef0b1241679de664b2be8606461cdbf921c5012eda164b347d9b48e', 274, 5, 'User Token', '[]', 0, '2022-06-27 10:58:16', '2022-06-27 10:58:16', '2023-06-27 10:58:16'),
('58491a4c61e99c71b4dacf7e51cb001de786b29aa3c0ba5ebdff9fd614e039dddb075ff258f9671a', 319, 5, 'User Token', '[]', 0, '2022-07-05 05:28:24', '2022-07-05 05:28:24', '2023-07-05 05:28:24'),
('584f9f016e126c6db2fa759bf72d00ff07cd3b5a7ef04ea52ea5821f9c8dfe75d7239bdb469492c6', 317, 5, 'User Token', '[]', 0, '2022-06-20 06:15:20', '2022-06-20 06:15:20', '2023-06-20 06:15:20'),
('58a7eb886c2c7d638faf1b004cb218e957bcc052f37f54a9fcb22541739a342150ce9dc4a454e70f', 274, 5, 'User Token', '[]', 0, '2022-04-19 03:59:20', '2022-04-19 03:59:20', '2023-04-19 03:59:20'),
('58b66764edfcc0f06df03df71c02eec56117a8fdacef1c5ae0c764868dd5c1b07c8ea586ef4c6453', 319, 5, 'User Token', '[]', 0, '2022-06-30 05:39:25', '2022-06-30 05:39:25', '2023-06-30 05:39:25'),
('59fcf466cc5743325813b07f051c739fa1af3bb46b19cf03c375977b882461d363c9ab163dc7ecbc', 274, 5, 'User Token', '[]', 0, '2022-06-14 11:47:14', '2022-06-14 11:47:14', '2023-06-14 11:47:14'),
('5a34554fae924d01bc5f617c13141c8826f8e4ac17f17f2cd33b7936f551be74390eae737ea72801', 274, 5, 'User Token', '[]', 0, '2022-06-24 15:03:03', '2022-06-24 15:03:03', '2023-06-24 15:03:03'),
('5a6357bedf58f7484e5fbdc6fedfdad9527493a8f1e8b38ebacc108e23c02727fbab74001ea03eb3', 287, 5, 'User Token', '[]', 0, '2022-05-30 14:09:07', '2022-05-30 14:09:07', '2023-05-30 14:09:07'),
('5aa8e50f329c7b511c51caa685db0747f332a6fddabcb505502c38da490aeda468cad2f574bb2b40', 274, 5, 'User Token', '[]', 0, '2022-04-16 16:09:43', '2022-04-16 16:09:43', '2023-04-16 16:09:43'),
('5bf3e441cb9858b5d73fb062c2f6dd0876196fea63a82393f6842e121b590d37905cc7363d930d8c', 317, 5, 'User Token', '[]', 0, '2022-06-20 05:49:26', '2022-06-20 05:49:26', '2023-06-20 05:49:26'),
('5c0183ce1b6840b6d209b30d776d27e95948752c642cc9b48b439b425e5c79298f16be8549d4b022', 310, 5, 'User Token', '[]', 0, '2022-06-14 11:31:41', '2022-06-14 11:31:41', '2023-06-14 11:31:41'),
('5cb15ef1623b06a295b93fe17d6f5470290238448a421c2c7c45a8d417977e84188d5ef943cb0a55', 319, 5, 'User Token', '[]', 0, '2022-06-21 12:50:01', '2022-06-21 12:50:01', '2023-06-21 12:50:01'),
('5cd1ce7bf1f44441ff24aab856ccaa192d58648b1fa327eef6be23d247ab2baee660bfce3d689348', 294, 5, 'User Token', '[]', 0, '2022-06-13 09:38:14', '2022-06-13 09:38:14', '2023-06-13 09:38:14'),
('5d2682fe79ad06e3257828bfcccbe3e08b6256533f3c60614fd519c440f42e9495baed4b648290f4', 274, 5, 'User Token', '[]', 0, '2022-06-25 07:02:44', '2022-06-25 07:02:44', '2023-06-25 07:02:44'),
('5d634ab152ed242db69870d1f6859408989cfe54978ebf91d82bcf6e599f28efdbb2810b4a0f8c74', 274, 5, 'User Token', '[]', 0, '2022-06-13 11:59:53', '2022-06-13 11:59:53', '2023-06-13 11:59:53'),
('5dca4804f203b3ec6ef8ca70246ddea4a67b280ca30796dde462b4c2b8e96651e1d70a0f0381bc88', 274, 5, 'User Token', '[]', 0, '2022-06-17 16:07:06', '2022-06-17 16:07:06', '2023-06-17 16:07:06'),
('5e0222daa5eee7a041071739e4a5b8c07863e6fd8feef76f25d03022061d2bcc48a2883da50a1fde', 274, 5, 'User Token', '[]', 0, '2022-06-27 10:52:00', '2022-06-27 10:52:00', '2023-06-27 10:52:00'),
('5e972d4a5809569925f828807fc9c44384ae7ab0b2be11a020a833c1d2df841c4a001562dc7f385e', 153, 5, 'API Token', '[]', 0, '2022-03-17 04:08:53', '2022-03-17 04:08:53', '2023-03-17 09:38:53'),
('5e97a614cc39118b9fbff159f7521fbfaf2579e3cbd26661423d6984b2b5bc6fc89905ad69db4e03', 287, 5, 'User Token', '[]', 0, '2022-04-29 06:53:05', '2022-04-29 06:53:05', '2023-04-29 06:53:05'),
('5ea06c2d7902a23965d28ab0afdccb5e7e2e84e40d0ac70593a8c6c0e68f8a6a1f233cc7ba3ab509', 287, 5, 'User Token', '[]', 0, '2022-06-16 12:56:40', '2022-06-16 12:56:40', '2023-06-16 12:56:40'),
('5ea9b04b606a5b648d5613467a0ed95b0e515fdf4741e59f07760e5087efbc0aa553b523bc821e7e', 274, 5, 'User Token', '[]', 0, '2022-06-28 05:31:24', '2022-06-28 05:31:24', '2023-06-28 05:31:24'),
('5f5ebaadb8a6ce77b53bc4861a2c8587f64e11dff5bf0c572801bf702852a7e7e7f9cf23293ddfb8', 287, 5, 'User Token', '[]', 0, '2022-06-09 04:53:57', '2022-06-09 04:53:57', '2023-06-09 04:53:57'),
('5faa8e874cfe2b0569d90187a1deea3d8095923ac2e7b2338f1132dd828bc702267e5f933a3c1c01', 287, 5, 'User Token', '[]', 0, '2022-06-08 13:38:54', '2022-06-08 13:38:54', '2023-06-08 13:38:54'),
('6000ccb9ba35cceaa2f9476d7e9e251ff668b6fe1d2afbd234858b5947d5e6979e660fa94c8f9776', 293, 5, 'User Token', '[]', 0, '2022-06-13 09:37:02', '2022-06-13 09:37:02', '2023-06-13 09:37:02'),
('600fde59ca42a2689954500832e7531428444742473198c1417ec9d7d954fa1073ebbaebcf3abab6', 334, 5, 'User Token', '[]', 0, '2022-06-30 07:23:55', '2022-06-30 07:23:55', '2023-06-30 07:23:55'),
('6064f3592afdc14f55a0bf0b6b73a444f9af5979db6aaf7183cff868e2d25944f02af76744477af2', 151, 5, 'API Token', '[]', 0, '2022-03-17 04:04:43', '2022-03-17 04:04:43', '2023-03-17 09:34:43'),
('60eab5befd1fb5925d2f80f289fbb8fec34c7b3332ef8b7eccaa09462d62c551bf1737179e240664', 1, 5, NULL, '[]', 0, '2022-02-11 05:35:19', '2022-02-11 05:35:19', '2023-02-11 11:05:19'),
('61da40c5afdf4f4d513c1c789f1155163ab31e412db4b9f1256057e0696940188af2fa57d3b1c391', 274, 5, 'User Token', '[]', 0, '2022-06-14 11:36:10', '2022-06-14 11:36:10', '2023-06-14 11:36:10'),
('620f92d20b153667d5f1dbf0c1e45e63bcacb387e8a8a2aff089009f73c72a9fe20f11b5adf6444e', 274, 5, 'User Token', '[]', 0, '2022-06-29 13:10:04', '2022-06-29 13:10:04', '2023-06-29 13:10:04'),
('626e3057f40ee3954d942ba6fb7c8cc3725d1ba9d186f8394661c10bf0311066f92aab2818f1e7d9', 274, 5, 'User Token', '[]', 0, '2022-05-30 07:31:08', '2022-05-30 07:31:08', '2023-05-30 07:31:08'),
('634351e5b1114fc903ee503071c9f29c2f565648362ffc79cb089bbbd74af73da7200bee5fe81941', 168, 5, 'API Token', '[]', 0, '2022-04-06 05:48:29', '2022-04-06 05:48:29', '2023-04-06 05:48:29'),
('63482a7c13645c8be10da82ee6e0a0709c4e909c98c2cc14aef951867be57de906768135147b1934', 287, 5, 'User Token', '[]', 0, '2022-06-24 13:20:33', '2022-06-24 13:20:33', '2023-06-24 13:20:33'),
('638fcc7f0c0a7164e147c15cdb1450146fd69a499ad732b675fad9502c1b2d97d2a39ad86ad09f80', 308, 5, 'User Token', '[]', 0, '2022-06-16 10:17:44', '2022-06-16 10:17:44', '2023-06-16 10:17:44'),
('63deecb9950b257f19a5c378c25d878108a9ff6f93b03e6726c1e026f2341f5ed0cb8c722435dc2e', 272, 5, 'User Token', '[]', 0, '2022-04-16 16:09:59', '2022-04-16 16:09:59', '2023-04-16 16:09:59'),
('648c47bb5ae9b8b242f5467f447932abaea0e141b66330e0f85237a8737fbe355325eca2b80d76d3', 1, 5, 'API Token', '[]', 0, '2022-02-13 23:47:50', '2022-02-13 23:47:50', '2023-02-14 05:17:50'),
('65f23168dcb69c54137476ec45c903589dfb4a7d091c5eed9e86cb11225e880622601f515d8ec159', 287, 5, 'User Token', '[]', 0, '2022-06-09 09:03:09', '2022-06-09 09:03:09', '2023-06-09 09:03:09'),
('6706d02f0e73b7a7b7665b5df949e2d185b99dbb7c5a26be51efc3b1c4ae3986078135b9a90e7d4f', NULL, 5, 'User Token', '[]', 0, '2022-04-15 07:24:47', '2022-04-15 07:24:47', '2023-04-15 07:24:47'),
('673bd40d1aab8358faa25dc440b3cc216dd9e90366750db652152777d4140279efab1b556f88fbbc', 274, 5, 'User Token', '[]', 0, '2022-06-27 10:21:47', '2022-06-27 10:21:47', '2023-06-27 10:21:47'),
('675b55d0ee2b7c19e4c47bf0f6c5317d85d7616e6e1ab8ea09dce18f9daa5e271d98e360fbf7beea', 14, 1, 'API Token', '[]', 0, '2021-12-20 05:31:15', '2021-12-20 05:31:15', '2022-12-20 11:01:15'),
('678bc5d7d35fce8e9faa334d323075bfbfb4d410fa171810b17887be0ce280ce6e537676669a0a72', 274, 5, 'User Token', '[]', 0, '2022-06-30 05:38:13', '2022-06-30 05:38:13', '2023-06-30 05:38:13'),
('68447606b4109a6fc18681b5e22820fe462300b9de0c042c453b2cda111632a1d8c41055386fb50c', 140, 5, 'API Token', '[]', 0, '2022-03-09 11:14:46', '2022-03-09 11:14:46', '2023-03-09 11:14:46'),
('689d0544b7ff47f83e297b02c462c9f255f5e21526d2a92f4e08f2c1ab1a90f2b24f6b8114306591', 163, 5, 'API Token', '[]', 0, '2022-03-22 00:38:50', '2022-03-22 00:38:50', '2023-03-22 06:08:50'),
('68abe2dd142dd7db4c45fc7ae57c9505e6980fb1851d2697d8f60c4aebea299e291fec2b3d68ba53', 272, 5, 'User Token', '[]', 0, '2022-04-16 10:46:32', '2022-04-16 10:46:32', '2023-04-16 10:46:32'),
('68b373681df4bb6db8ba65eeca2a06ff93118c431534e4257c0eac831b170172622bd840f0d812b4', 321, 5, 'User Token', '[]', 0, '2022-06-30 06:51:05', '2022-06-30 06:51:05', '2023-06-30 06:51:05'),
('6902fc0f66651a34943ce689dafecb34787630c1674f9ca3495c14660de13a4b9903b3d4d8991676', 274, 5, 'User Token', '[]', 0, '2022-06-21 06:00:17', '2022-06-21 06:00:17', '2023-06-21 06:00:17'),
('69499711c963e7913845b1d30dc988a423d38fe931f32d10ace1ce0212c111a88acf6f1cf45d7667', 287, 5, 'User Token', '[]', 0, '2022-05-27 09:20:29', '2022-05-27 09:20:29', '2023-05-27 09:20:29'),
('69a14f8516486b55e2882e94dde6cd8672067e1c6f53b5dea6e74051d393e1035f1aa89c71949ec3', 274, 5, 'User Token', '[]', 0, '2022-04-23 12:54:42', '2022-04-23 12:54:42', '2023-04-23 12:54:42'),
('69b4a6627b961184d1e8a5de570a96115d7f2b5a9449aac93a940e3ed278c13189a6f33ed534c4c0', 309, 5, 'User Token', '[]', 0, '2022-06-14 11:26:40', '2022-06-14 11:26:40', '2023-06-14 11:26:40'),
('69f345f85c1ee6e205cbd741a916ac39501eb89bcc516a5302656258266cc4648742681433a98e89', 151, 5, 'API Token', '[]', 0, '2022-03-15 04:25:53', '2022-03-15 04:25:53', '2023-03-15 09:55:53'),
('6abc5eef468f26548e84cddf2685406616452655cfbdb7a5aace6f7ff5949e6092db19c1cf3166d3', 274, 5, 'User Token', '[]', 0, '2022-04-25 04:24:21', '2022-04-25 04:24:21', '2023-04-25 04:24:21'),
('6af4100a59c632ce25eac794052c7df579e518161d507e6a866be01e179a653d15262b5ac103db22', 274, 5, 'User Token', '[]', 0, '2022-06-28 12:02:56', '2022-06-28 12:02:56', '2023-06-28 12:02:56'),
('6bb4e5e55a0b5d67a2d17f2b7e5d5992de3502c11935a96b30e3af98951367563102ce650d2d8e2b', 281, 5, 'User Token', '[]', 0, '2022-05-25 11:45:16', '2022-05-25 11:45:16', '2023-05-25 11:45:16'),
('6c4ab48d8c133ddf67d55a03895cb2fdacedea332989a67efc27a665dd7b911f4b945107bba06ad3', 268, 5, 'User Token', '[]', 0, '2022-04-15 09:15:58', '2022-04-15 09:15:58', '2023-04-15 09:15:58'),
('6cebc117c21b81fcbbdc50f7ec89b56234d2576d7b7ae74e2743f30d355c0475ff598e3ce6a74062', 304, 5, 'User Token', '[]', 0, '2022-06-13 10:29:43', '2022-06-13 10:29:43', '2023-06-13 10:29:43'),
('6d132346b4e292f61d1872334868a4dfdc53e07dbad042e5172a6b1b915998abe877f04a2e4ad3b2', 273, 5, 'User Token', '[]', 0, '2022-04-16 02:37:33', '2022-04-16 02:37:33', '2023-04-16 02:37:33'),
('6d6b1fa7179dac371c0080a27b919b50d3c90abe526e14042df86481aed70942b7b5abf3c3dafb86', 273, 5, 'User Token', '[]', 0, '2022-04-15 23:10:53', '2022-04-15 23:10:53', '2023-04-15 23:10:53');
INSERT INTO `oauth_access_tokens` (`id`, `user_id`, `client_id`, `name`, `scopes`, `revoked`, `created_at`, `updated_at`, `expires_at`) VALUES
('6d92697a91553efbcbbf245c9af254c8e84477489eeb053fbe0d28500b4ebb9d9d7aab6bf944456f', 274, 5, 'User Token', '[]', 0, '2022-05-26 05:57:56', '2022-05-26 05:57:56', '2023-05-26 05:57:56'),
('6dff3f3d40c5b09ab83fba8a8f8105fd001da1950a086ca5e3ea5585893a2816e071ee354a3b63c2', 287, 5, 'User Token', '[]', 0, '2022-06-27 11:45:35', '2022-06-27 11:45:35', '2023-06-27 11:45:35'),
('6e2d9bb56929f518aaaf65b6c20d7f4b8d6977f2fec334ff655c457b5b1e473931ead90789aa39a6', 286, 5, 'User Token', '[]', 0, '2022-04-28 15:56:18', '2022-04-28 15:56:18', '2023-04-28 15:56:18'),
('6e7cff6427075fcf84e0a35b4974bb2e7b5843a85df5a95e542ad47cfa541e8a98a6a054a86a623f', 165, 5, 'API Token', '[]', 0, '2022-04-06 06:55:34', '2022-04-06 06:55:34', '2023-04-06 06:55:34'),
('7044561bea7b5491c730b3cfbaec21d340e81be93effa5164302e37c4b60db6f471e12c867c591bc', 164, 5, 'API Token', '[]', 0, '2022-03-22 04:58:34', '2022-03-22 04:58:34', '2023-03-22 10:28:34'),
('7105625758144f83ab081452798e3f512bc59cc2fd8d69451fd1acc25516f965fa04a74818927042', 151, 5, 'API Token', '[]', 0, '2022-03-13 23:50:31', '2022-03-13 23:50:31', '2023-03-14 05:20:31'),
('7155607ef1b1c0bb2be105517892db3292f484168b576aeaf85d65af3862e2b9c38bafb5ba3bc66c', 280, 5, 'User Token', '[]', 0, '2022-04-25 02:03:25', '2022-04-25 02:03:25', '2023-04-25 02:03:25'),
('71bce58f7d44a15affd699f590cae72a70c95be982bee2b25d1f19c58d64c12907d2652b0d735896', 254, 5, 'User Token', '[]', 0, '2022-04-15 08:39:37', '2022-04-15 08:39:37', '2023-04-15 08:39:37'),
('724a16a423eea439c112401d890b4b9cb3d7a3e6e64fb7138dc0629abd8464bb6d85f43d18dcc944', 274, 5, 'User Token', '[]', 0, '2022-06-17 09:25:12', '2022-06-17 09:25:12', '2023-06-17 09:25:12'),
('726c6d5ad8ffe8e6e30676720904cad33da062102d5bda044e7afac667482364364eb4eda9341725', 323, 5, 'User Token', '[]', 0, '2022-06-28 13:36:42', '2022-06-28 13:36:42', '2023-06-28 13:36:42'),
('728ae10835703e1cec16f8d11eb72c7772c056215da7d63b01523e5f7561d9da103b1101d227b499', NULL, 5, 'API Token', '[]', 0, '2022-04-15 07:13:26', '2022-04-15 07:13:26', '2023-04-15 07:13:26'),
('728ccb7fc3f7f7c23bf527f55ec8b96c3a516cba5d08a731800fd54da086308e0925fdf2e6919161', 146, 5, 'API Token', '[]', 0, '2022-03-11 13:09:37', '2022-03-11 13:09:37', '2023-03-11 13:09:37'),
('72f0c61e3ce571b59082dca801858e6b355d2ee9103c4b0ed3c177f09a3f6483a21d695730f04507', 288, 5, 'User Token', '[]', 0, '2022-05-09 06:21:47', '2022-05-09 06:21:47', '2023-05-09 06:21:47'),
('73ccd113b13f2fe17765ca9cfe8298e41c10c803bba74ab5b9b1602da16954fb256aa8a4aa6d28f7', 287, 5, 'User Token', '[]', 0, '2022-06-09 07:13:03', '2022-06-09 07:13:03', '2023-06-09 07:13:03'),
('73e809e3156c5e5d0d65b32d16d1d416fe1c0196f002e7c958adb8de19e8c0d9cd06081842a80240', 274, 5, 'User Token', '[]', 0, '2022-04-17 12:00:20', '2022-04-17 12:00:20', '2023-04-17 12:00:20'),
('73eeee1af601ff4b2ee0e857ebc071a674d5ba5502c0719769cedc4d48bb59877446a715295e27ce', 319, 5, 'User Token', '[]', 0, '2022-06-24 06:12:52', '2022-06-24 06:12:52', '2023-06-24 06:12:52'),
('74c3f4f6abec718a69688ec558937f4af81b2f85a7c4eacfd79d7f8a58677c3bc9f091caa1572344', 332, 5, 'User Token', '[]', 0, '2022-06-30 04:43:45', '2022-06-30 04:43:45', '2023-06-30 04:43:45'),
('74c87538aa2364dce35ceb440e2d4f020e7ff8ec780777304ba413609618a53debd75be3fca74e33', 288, 5, 'User Token', '[]', 0, '2022-05-25 11:18:47', '2022-05-25 11:18:47', '2023-05-25 11:18:47'),
('755154968a64e7ad19bc5754fb0fa6e505778a0f6d32f17d68c3d6e198689dabaf3fc0d63bb516a6', 287, 5, 'User Token', '[]', 0, '2022-06-07 04:24:45', '2022-06-07 04:24:45', '2023-06-07 04:24:45'),
('75b7e54cd01a9c7b85b52cc875d56fd8264a1ef3c7a35abc833c9f8b98a37c2748dd4b43e672b7cb', 318, 5, 'User Token', '[]', 0, '2022-06-21 12:02:53', '2022-06-21 12:02:53', '2023-06-21 12:02:53'),
('75e78acde322f32b1b0112c231df29ba90211b3e6d8c0cc37ef956c872aed1aed6074b37cd2bde66', 287, 5, 'User Token', '[]', 0, '2022-06-07 12:51:53', '2022-06-07 12:51:53', '2023-06-07 12:51:53'),
('7642fc2928d2959f93bc67c7b95500cacf51de351e0b4cb723a08505ecb0849166c96a1b61d63abf', 273, 5, 'User Token', '[]', 0, '2022-04-15 23:17:18', '2022-04-15 23:17:18', '2023-04-15 23:17:18'),
('76abdc904479c39642133a3fa53b9fa6ab0e1c3b01ff21b7c98afc87ccc53c1d15f7ae2797b80cd1', 274, 5, 'User Token', '[]', 0, '2022-06-27 10:24:25', '2022-06-27 10:24:25', '2023-06-27 10:24:25'),
('76c62fa591187c1e2014c3a4774e36f83600d446d8a0529df6fb835a2d21aed74248632c6161ed9c', 274, 5, 'User Token', '[]', 0, '2022-06-23 08:42:02', '2022-06-23 08:42:02', '2023-06-23 08:42:02'),
('7742c66914011af89e25d1bd501baa717eb82eb4277885588b41ded2248aac54b6cb2846626e5ec1', 333, 5, 'User Token', '[]', 0, '2022-06-30 05:09:14', '2022-06-30 05:09:14', '2023-06-30 05:09:14'),
('776572518dce3c93653716a47366fa27ab71ec5e08eb13cceb23df5d79361f6b5e1d49cb3e92fcdf', 272, 5, 'User Token', '[]', 0, '2022-04-16 02:07:19', '2022-04-16 02:07:19', '2023-04-16 02:07:19'),
('785b42c4e3e186faf65cf69974fa16580a822e76d2162265837ee7806aa64ecb5af10f762b564fcf', 274, 5, 'User Token', '[]', 0, '2022-06-28 13:10:46', '2022-06-28 13:10:46', '2023-06-28 13:10:46'),
('78a80b81b9b4319a74f12594da5b12c02d96a1b0d63ab621e796de9f21a5586c19e97649cab4e0a8', 151, 5, 'API Token', '[]', 0, '2022-03-17 04:18:13', '2022-03-17 04:18:13', '2023-03-17 09:48:13'),
('7a6dfe1a3610bf8a076d3a48b8ade6d7b257c3b156786cd6328ee3a472aeb2503a25359891d7bd9e', 274, 5, 'User Token', '[]', 0, '2022-05-26 05:57:32', '2022-05-26 05:57:32', '2023-05-26 05:57:32'),
('7af7dd4262b8f783321b09b10218861cd2d5b05b90be7c51fb4908e5400d1699bc1b17ac5d5d7cb2', 291, 5, 'User Token', '[]', 0, '2022-05-31 08:56:52', '2022-05-31 08:56:52', '2023-05-31 08:56:52'),
('7cd4e103c48af8b328e4070f76bb8301a074ebc44adc4f8d7d46dea077b2df4cf6b17a31266ff7ac', 285, 5, 'User Token', '[]', 0, '2022-04-27 09:26:16', '2022-04-27 09:26:16', '2023-04-27 09:26:16'),
('7ce414e57a71c19588439135625b08c82ce8508ecf9d5dbba30922a8d6aee7beabd602dd1a2aeb0f', 320, 5, 'User Token', '[]', 0, '2022-06-30 11:34:08', '2022-06-30 11:34:08', '2023-06-30 11:34:08'),
('7ced710805e5f7b353bef8162694b05a4981e634ccfdf09f8956860285f3bc746f5d469283f61b44', 274, 5, 'User Token', '[]', 0, '2022-06-28 11:58:05', '2022-06-28 11:58:05', '2023-06-28 11:58:05'),
('7cf9a6d27f1b02bd4b3ca878135772f8ebf49a3c3d265f2035ee42c67d645c05a5a667fc879a48d6', 254, 5, 'User Token', '[]', 0, '2022-04-30 22:50:20', '2022-04-30 22:50:20', '2023-04-30 22:50:20'),
('7d0d6983ed19e25e5d019685bc67778cfcd0d47b7d4dbe0e4d288a9661d264d892e42975db32b428', 287, 5, 'User Token', '[]', 0, '2022-06-17 04:20:17', '2022-06-17 04:20:17', '2023-06-17 04:20:17'),
('7d3f9f68a20e9317705cc6af2902aaa94d4d6f53eafef93713bdd1648df5ccc73017cf71ada77a10', 165, 5, 'API Token', '[]', 0, '2022-04-05 01:15:00', '2022-04-05 01:15:00', '2023-04-05 06:45:00'),
('7db095a66429100b1079469b24c666cb2162dd0298bb24466f70533fd90f44ed6907e49dfd0869e5', 287, 5, 'User Token', '[]', 0, '2022-06-16 09:11:28', '2022-06-16 09:11:28', '2023-06-16 09:11:28'),
('7dd7805d16768d23fe665a0ad2cd3f45853c34a3121af441d99c06c01dcea97030b63f39b0d04e07', 274, 5, 'User Token', '[]', 0, '2022-04-19 03:58:50', '2022-04-19 03:58:50', '2023-04-19 03:58:50'),
('7eac1a003303d7731a6eae076c8726cb5d4308681840aef6ed10be5c20d3933498fda112c9289484', 287, 5, 'User Token', '[]', 0, '2022-06-09 12:47:34', '2022-06-09 12:47:34', '2023-06-09 12:47:34'),
('7f67526a90d17e98aa00cce3375bcade9ff1db85e6001725ea6e7a39aa6f31f2959456d0322f6be1', 274, 5, 'User Token', '[]', 0, '2022-05-26 13:33:43', '2022-05-26 13:33:43', '2023-05-26 13:33:43'),
('7f6c3fb9b57e0a5c305d2e400bcffd3300a48f142445f407764545629cb3061e6d842d67423f2442', 287, 5, 'User Token', '[]', 0, '2022-06-07 05:02:54', '2022-06-07 05:02:54', '2023-06-07 05:02:54'),
('806b809633cf775d3e113fa0a39bcf2ba2f2ce12f2c35809af373b597ddeb2aa12b33c4610de4496', 331, 5, 'User Token', '[]', 0, '2022-06-29 13:09:26', '2022-06-29 13:09:26', '2023-06-29 13:09:26'),
('81a2d784112dc674d712655d2bf341dcdcaea6aebd79b6a811e6bafeeec72a4672e6a67e0f0d343e', 274, 5, 'User Token', '[]', 0, '2022-06-27 10:17:04', '2022-06-27 10:17:04', '2023-06-27 10:17:04'),
('81a9f7cc88bc6d7f6d02e8ec91e594a328e8364d04e980e3a0a1d7eb734733a860f2bb153860be51', 321, 5, 'User Token', '[]', 0, '2022-06-28 08:47:55', '2022-06-28 08:47:55', '2023-06-28 08:47:55'),
('82118dff22fa2274bba6d3dbfd9b9998dfaadce7ed303ff5bbbd8dd8830f3412625f74904d33857c', 281, 5, 'User Token', '[]', 0, '2022-06-14 12:25:17', '2022-06-14 12:25:17', '2023-06-14 12:25:17'),
('8323cf7be0618defae8c46b45e7382847951c3e96f042eb84c4badfdb15ffd60bbf2eb18a8b39c4f', 270, 5, 'User Token', '[]', 0, '2022-04-15 11:54:49', '2022-04-15 11:54:49', '2023-04-15 11:54:49'),
('83320f0b91ddd00a99c94a8a29aae65a7398c177d51d84b3a69859bd9b5e18a5fb8c80f188746f11', 274, 5, 'User Token', '[]', 0, '2022-05-30 11:55:45', '2022-05-30 11:55:45', '2023-05-30 11:55:45'),
('833bbca7937c69883d03e81b570bc9dc4dd9b496eb9f395afff09b60e27abd39e277900cc92212c8', 274, 5, 'User Token', '[]', 0, '2022-04-18 14:22:27', '2022-04-18 14:22:27', '2023-04-18 14:22:27'),
('834a245e624475dce42fd6f35b8d56d579653752f6a9f5da8d998aae4690fa2ea3fbf399d04fca8b', 274, 5, 'User Token', '[]', 0, '2022-06-28 08:49:38', '2022-06-28 08:49:38', '2023-06-28 08:49:38'),
('836d3ad9f169a558b4e2c60b0283a1c08f03f226a94ae64f300dcef8c49f92ed8b0e7b00aa4f5c2d', 165, 5, 'API Token', '[]', 0, '2022-03-28 00:10:45', '2022-03-28 00:10:45', '2023-03-28 05:40:45'),
('83f8863ebf7a4bd0ac801e17d0464a0359e0fc8d706ae5453bbfa7499578373caa1389cc7c44a26a', 287, 5, 'User Token', '[]', 0, '2022-06-08 06:04:48', '2022-06-08 06:04:48', '2023-06-08 06:04:48'),
('8405ea59eb342fe3822b81e8927c273e3aa8f64687060785fee867f6d562a54c4263d482d5f72dd4', 1, 5, NULL, '[]', 0, '2022-02-11 05:30:31', '2022-02-11 05:30:31', '2023-02-11 11:00:31'),
('843ff35e44b256bb94e4ff9c05b71e52060dcb1b2a914165307bd2d2db2c5773935d2ab01871827f', 274, 5, 'User Token', '[]', 0, '2022-05-24 10:56:49', '2022-05-24 10:56:49', '2023-05-24 10:56:49'),
('84a1bb5399151658bfd7c155d6b5973978ae26cda414e282ea04c3fa1e9811297bd3c32384fab9cb', 274, 5, 'User Token', '[]', 0, '2022-06-20 09:32:24', '2022-06-20 09:32:24', '2023-06-20 09:32:24'),
('8582519341d5bd77d9ac488915968d3a1cd64c4f529ce2e348a816bb21211f56814d9c0dd669e9d9', 306, 5, 'User Token', '[]', 0, '2022-06-13 10:37:49', '2022-06-13 10:37:49', '2023-06-13 10:37:49'),
('85b7464ee898719eec5e729dbc4ca93a824c3e7fa7cf1e82b59bc8373ffda2bfa2b86f8f8898b18a', 274, 5, 'User Token', '[]', 0, '2022-06-23 08:41:24', '2022-06-23 08:41:24', '2023-06-23 08:41:24'),
('85c003d6d2cb38343793fee4969f129dc963d29d4f0600ef3b422e0123da03195b1740af1af82e32', 324, 5, 'User Token', '[]', 0, '2022-06-28 13:13:21', '2022-06-28 13:13:21', '2023-06-28 13:13:21'),
('85eec337e92416caa15659027b13c04c8221cbe61fd54caa3c8915abb3228cda41afef67cb57ae2f', 313, 5, 'User Token', '[]', 0, '2022-06-18 06:18:05', '2022-06-18 06:18:05', '2023-06-18 06:18:05'),
('8601d971feec2982749f58406a25a0b5cd80420d284046b932c7bad1d5e152eda97c1d7289dd306b', 12, 1, 'API Token', '[]', 0, '2021-12-17 07:02:43', '2021-12-17 07:02:43', '2022-12-17 12:32:43'),
('866d0f954ab981d7da3bd73c41e4bfb2c8e54e18044fda32a7f1c938837b28dc7a09c17d74eab45a', 151, 5, 'API Token', '[]', 0, '2022-03-21 00:57:40', '2022-03-21 00:57:40', '2023-03-21 06:27:40'),
('8679f5c35baeae1220cc75309e984fc01909e942c20ddde4dadac544398f2406fea2356cd715383e', 274, 5, 'User Token', '[]', 0, '2022-05-26 05:57:52', '2022-05-26 05:57:52', '2023-05-26 05:57:52'),
('87a9402c643470e90762aaf0a490369e0a330a85e926ee29e11290a243c225cdc52b6f6e17b4f790', 320, 5, 'User Token', '[]', 0, '2022-06-21 12:57:05', '2022-06-21 12:57:05', '2023-06-21 12:57:05'),
('87b59ffc96e27b98bceea096a3b72397ccb06a32c2563ade994017631ebb37f011d1d7f4249a2f67', 18, 3, 'API Token', '[]', 0, '2022-01-17 00:47:08', '2022-01-17 00:47:08', '2023-01-17 06:17:08'),
('87eeecbfd7236f9e85f6c6d2b71f79173390b9db956c3d60ce6bdd1e16f4e2ffec5ef478d90bd72c', 274, 5, 'User Token', '[]', 0, '2022-06-20 06:11:55', '2022-06-20 06:11:55', '2023-06-20 06:11:55'),
('881012785120407c5e1b25aa6b9e6c7d83ed9f08152cf6ac95d310a860d689d118bc57290f338e89', 288, 5, 'User Token', '[]', 0, '2022-05-27 06:46:07', '2022-05-27 06:46:07', '2023-05-27 06:46:07'),
('8885c588335d843025fb34eeb330bc1d9c0382f2fe7385078e4ecae334c9800f9507507ae07f3197', 274, 5, 'User Token', '[]', 0, '2022-06-30 08:55:16', '2022-06-30 08:55:16', '2023-06-30 08:55:16'),
('88b23b49d16ee3727ee84050934098024ee7b30fabe6c5abff68912f452aa0994873702fba7acafa', 274, 5, 'User Token', '[]', 0, '2022-06-30 06:10:43', '2022-06-30 06:10:43', '2023-06-30 06:10:43'),
('88da9dda06ba12b4f17a6a0770b58fa3adc9ff99a63a3a9f22c5a0069333c9a949526f73483e4c82', 287, 5, 'User Token', '[]', 0, '2022-05-26 06:27:56', '2022-05-26 06:27:56', '2023-05-26 06:27:56'),
('89369429807f5a2a3c8b1b1ffeadf1a38eee88c675cb3d61daaf8e053268ca5bd50b3fa90615508e', 151, 5, 'API Token', '[]', 0, '2022-03-17 03:57:06', '2022-03-17 03:57:06', '2023-03-17 09:27:06'),
('8a208af64003347ce35a299f6352b1bac5fb8510dd47ea8a453873326dafdbe3faf5922678c09acd', 287, 5, 'User Token', '[]', 0, '2022-06-29 09:35:09', '2022-06-29 09:35:09', '2023-06-29 09:35:09'),
('8a68d2e231f5e02ec7d381f26e1e86569fde8772a658155208bd3f9d4fde2d716d803e1c4404232a', 319, 5, 'User Token', '[]', 0, '2022-06-29 06:49:52', '2022-06-29 06:49:52', '2023-06-29 06:49:52'),
('8b5d11efbc6b0cd24ae5e0f778d5495b131ce0ddc975ba45cf9cc7123ae130b41e54756bf0714eb8', 274, 5, 'User Token', '[]', 0, '2022-04-16 15:23:07', '2022-04-16 15:23:07', '2023-04-16 15:23:07'),
('8c363233e076a4933659aa4a436e7674e909362d953b09fccd39ed6bb8632cffc6f36e74fbdb66b4', 274, 5, 'User Token', '[]', 0, '2022-04-16 11:44:34', '2022-04-16 11:44:34', '2023-04-16 11:44:34'),
('8c6aa96094a7b5569bee6d612e62c96aadc101f1cb800183c30b576e75061303ed807a5efba0a36c', 164, 5, 'API Token', '[]', 0, '2022-03-22 04:59:17', '2022-03-22 04:59:17', '2023-03-22 10:29:17'),
('8cae4b7b94bd28dbf2447b886d6065b11fe7aee42c120aa1fd89a2424662e24b7e07763924de70cc', 165, 5, 'API Token', '[]', 0, '2022-03-30 04:21:02', '2022-03-30 04:21:02', '2023-03-30 09:51:02'),
('8ce2fd232443a9f6837aadf653fdb2462660beec6371285f9d70fd0d9c1bc89096e58050ed1cfed1', 12, 1, 'API Token', '[]', 0, '2022-01-02 23:46:10', '2022-01-02 23:46:10', '2023-01-03 05:16:10'),
('8cec09006c76ce04fa540f5d5a88f2d2c02662bb5f96885c2e60792a014159a4361fbaba7cadd666', 273, 5, 'User Token', '[]', 0, '2022-04-16 02:33:10', '2022-04-16 02:33:10', '2023-04-16 02:33:10'),
('8d5965a6d9d6d18b32fafb284fd667809aa431348d7482246be79e76c2f7013ec42b82edb752e0f6', 165, 5, 'API Token', '[]', 0, '2022-03-29 23:08:17', '2022-03-29 23:08:17', '2023-03-30 04:38:17'),
('8d61ddfd24c38366873bc060db585a69a6b6063343c951f2e05ce02daba7573882142724fe8fa191', 321, 5, 'User Token', '[]', 0, '2022-06-29 07:13:56', '2022-06-29 07:13:56', '2023-06-29 07:13:56'),
('8dfe0d9c0f7fcb7f21087749bd28b4c527dd8dd7e70499aed389266a3f7001a20c3c50420f21375e', 319, 5, 'User Token', '[]', 0, '2022-06-29 06:14:39', '2022-06-29 06:14:39', '2023-06-29 06:14:39'),
('8e4a8d1fc3c26135d46a2f3b035ba4e31a6d1714abcab22a59463d327ad45c7825732726116a7483', 274, 5, 'User Token', '[]', 0, '2022-04-25 04:01:06', '2022-04-25 04:01:06', '2023-04-25 04:01:06'),
('8e5fa336df2b768c18b058b5ebcfd447717f8ad3d6d3a247f7a5febd99eabe2414f8dea98d795200', 333, 5, 'User Token', '[]', 0, '2022-06-30 05:07:58', '2022-06-30 05:07:58', '2023-06-30 05:07:58'),
('8f20d05eaab3034db39f21f4699c50798decb6741f042902d3ce3aed1e849b211a1c01319dce6260', 274, 5, 'User Token', '[]', 0, '2022-06-25 05:27:03', '2022-06-25 05:27:03', '2023-06-25 05:27:03'),
('90010d540a8426af5cbdba2d08a1970ad045ac764c7544b7cef5a4aef9d4dcab7f36ec6c0ce9a5e8', 274, 5, 'User Token', '[]', 0, '2022-06-07 09:27:13', '2022-06-07 09:27:13', '2023-06-07 09:27:13'),
('903abb8776639a5b812c6ae00c78b4e14d7d5d984b8c314c4b1c4fbbcdd97ba314bea17f31f9bdb8', 254, 5, 'API Token', '[]', 0, '2022-04-15 07:05:17', '2022-04-15 07:05:17', '2023-04-15 07:05:17'),
('90692dc7c336866edd8fd429f719343a4bccbe4a8dd3cdc7ec603f12a81759aff6632400839efc6b', 1, 5, NULL, '[]', 0, '2022-02-11 05:35:39', '2022-02-11 05:35:39', '2023-02-11 11:05:39'),
('9085500f2bffe47482235b7b666c3068fd37b2bd5488efd7970cb90283e9b66dce757a011685df63', 322, 5, 'User Token', '[]', 0, '2022-06-28 13:29:05', '2022-06-28 13:29:05', '2023-06-28 13:29:05'),
('915dc95731862bcb61c5c685d2649b396519137a99a834a16243d9468c05e2fd4a60be1f71f65410', 287, 5, 'User Token', '[]', 0, '2022-06-16 09:02:18', '2022-06-16 09:02:18', '2023-06-16 09:02:18'),
('91842eae9af01dbf03ca096ba669dcf15e997871b1685b8142d5479f7ea708de33f8249a03f05dfc', 274, 5, 'User Token', '[]', 0, '2022-06-29 09:21:18', '2022-06-29 09:21:18', '2023-06-29 09:21:18'),
('922a2915c347e6b622f265368c038ff2fe136e3cdbd7bc95e8048db93bea51cb67ffd3c80b19fcab', 273, 5, 'User Token', '[]', 0, '2022-04-15 23:20:21', '2022-04-15 23:20:21', '2023-04-15 23:20:21'),
('922c2f6f95e0dc731a369f7aef667067fca809d2a9fe7431a3a222d75b26e6859b321cf1ca97d950', 1, 5, NULL, '[]', 0, '2022-02-11 05:35:20', '2022-02-11 05:35:20', '2023-02-11 11:05:20'),
('9231387027ff6f7eadd3b384b3254869f44876feefcc5c76106aeea4786846508b043ea3a351102c', 311, 5, 'User Token', '[]', 0, '2022-06-15 05:57:31', '2022-06-15 05:57:31', '2023-06-15 05:57:31'),
('924e3095e5709760f16f3a4026e20fbce6e419a24aa25510c21675a87bd5f19143a2bd79466faa35', 151, 5, 'API Token', '[]', 0, '2022-03-21 00:17:19', '2022-03-21 00:17:19', '2023-03-21 05:47:19'),
('925885d48b9d9768b351c4b0fbdb400ce86bad0a9b24b330a5d957721f5173852ba63df8d08e87e5', 165, 5, 'API Token', '[]', 0, '2022-03-28 06:23:16', '2022-03-28 06:23:16', '2023-03-28 11:53:16'),
('9274e19e3c4637ad8608864629551adb9ae691e1efa7e270e12e2261b3105a38c92c9bf126b54f32', 252, 5, 'API Token', '[]', 0, '2022-04-15 06:59:34', '2022-04-15 06:59:34', '2023-04-15 06:59:34'),
('930b617b264bfb8a2785ecb5d4d98028d6fc1f0db100bc6845ab0cac9547fa593e0f3ef6b3208d25', 274, 5, 'User Token', '[]', 0, '2022-05-04 12:09:56', '2022-05-04 12:09:56', '2023-05-04 12:09:56'),
('93195dafa5706de37e2f3dc30fda07816dde255eefd81404603b4c2812c93f019b8f83c1c9cc158b', 273, 5, 'User Token', '[]', 0, '2022-04-16 02:36:45', '2022-04-16 02:36:45', '2023-04-16 02:36:45'),
('93383174d0a09298d1837671fab1336355a6ba10a51fd8d8c66d3b162274a2354a76bd4afc5f1496', 328, 5, 'User Token', '[]', 0, '2022-06-29 05:42:15', '2022-06-29 05:42:15', '2023-06-29 05:42:15'),
('934176e8b4249210f9ccbaa8941f7616e8e49f8236a23aea94794e38ed92f5380c8bb256e7e87c01', 287, 5, 'User Token', '[]', 0, '2022-06-07 09:48:12', '2022-06-07 09:48:12', '2023-06-07 09:48:12'),
('9393cf55e8cbdb2255720971b0bc29b12171969cd57cb690318db064ecf7ef54a5d4ceb721bb2752', 276, 5, 'User Token', '[]', 0, '2022-04-21 11:08:21', '2022-04-21 11:08:21', '2023-04-21 11:08:21'),
('93ae83212ed7e769a5f7202f6f76193bc7c0be69012529159086f50b1993f573a21467a5ffae247e', 273, 5, 'User Token', '[]', 0, '2022-04-16 02:37:35', '2022-04-16 02:37:35', '2023-04-16 02:37:35'),
('94922c89f415c4eb58c42c7f6c310a9ef7828b8bdd8e742885186314a67ce7b99b936851898fbe1c', 165, 5, 'API Token', '[]', 0, '2022-03-30 06:37:40', '2022-03-30 06:37:40', '2023-03-30 12:07:40'),
('950f71747f5e0e3ebd588dca59513807f1edcf701189fef062321f832f90aca1e88655ca48d8bc81', 273, 5, 'User Token', '[]', 0, '2022-04-16 16:05:06', '2022-04-16 16:05:06', '2023-04-16 16:05:06'),
('96acca6780b42d800885aa89c5011378c78ce6f88beef0d78ac2678166e8741e3696a58920a89c37', 164, 5, 'API Token', '[]', 0, '2022-03-22 04:33:38', '2022-03-22 04:33:38', '2023-03-22 10:03:38'),
('96c7a3c9f0974b9196c7d9782a42c243facff455dc80a2199a7abedb88f98553e54af7da93e1cc8c', 273, 5, 'User Token', '[]', 0, '2022-04-16 02:32:46', '2022-04-16 02:32:46', '2023-04-16 02:32:46'),
('96ed6e4c447322b01524a9fc1ec10955ccf2b08e95ddb2961e0f8ded3cf6d5eca4bdc7f242d6b765', 274, 5, 'User Token', '[]', 0, '2022-04-23 14:10:45', '2022-04-23 14:10:45', '2023-04-23 14:10:45'),
('97573d7cc27402517bea4024bfe435adf735a8d41fbeacf75c928f0488d734c8440e4a19e7f44c3b', 274, 5, 'User Token', '[]', 0, '2022-05-31 05:43:00', '2022-05-31 05:43:00', '2023-05-31 05:43:00'),
('9807b5dbea44f422dcf4c826e7686e3806edb6455ae210a52068924015a2ba2e26b6d53b75319f18', 323, 5, 'User Token', '[]', 0, '2022-06-28 13:37:49', '2022-06-28 13:37:49', '2023-06-28 13:37:49'),
('9837aa1e8f5a8d9496ef8327cb4e6f06c3d3813d45072285106448446730b7a64128b306b24f50d0', 274, 5, 'User Token', '[]', 0, '2022-04-16 16:01:38', '2022-04-16 16:01:38', '2023-04-16 16:01:38'),
('98ccc3c9ba69de306be71a14adf1b9b188caefed3dae2f8a19dfff49e92bf1ff76129a5cd2c3a0e7', 319, 5, 'User Token', '[]', 0, '2022-06-29 05:54:04', '2022-06-29 05:54:04', '2023-06-29 05:54:04'),
('9982cdb7dd2d3bf79d1adfe33e173cb2879a968a95e8e72a78bc7b1ff1d8f7338293be1908e65873', 273, 5, 'User Token', '[]', 0, '2022-04-16 16:05:00', '2022-04-16 16:05:00', '2023-04-16 16:05:00'),
('9a1a1ab1d8d58dca96400ad7ca4f24eecff54393842d17c58448e34dfff17201b9a6986433a05433', 147, 5, 'API Token', '[]', 0, '2022-03-11 23:53:15', '2022-03-11 23:53:15', '2023-03-11 23:53:15'),
('9a924d30e00a47ed9a778c7837c392f4cc1034939ad65755790855ff50ecd1ffe045a437541608cc', 273, 5, 'User Token', '[]', 0, '2022-05-01 02:07:11', '2022-05-01 02:07:11', '2023-05-01 02:07:11'),
('9bb128dddc2614643968e4ec1b44302d9f23b63aed4a2ed8be066e4802ddd7d0d09d71573f173acf', 321, 5, 'User Token', '[]', 0, '2022-06-29 06:22:33', '2022-06-29 06:22:33', '2023-06-29 06:22:33'),
('9bf46bc625047e24b47ad05137b1eb1e1523c7c00b672e49b475cd42514040559e24998f77db1ad4', 151, 5, 'API Token', '[]', 0, '2022-03-17 01:27:35', '2022-03-17 01:27:35', '2023-03-17 06:57:35'),
('9bf657e02fd7c42594b1da74a60301659fa06ac40b2cee1bb4b0174e989a841a220b46167480252c', 334, 5, 'User Token', '[]', 0, '2022-06-30 06:42:21', '2022-06-30 06:42:21', '2023-06-30 06:42:21'),
('9c07d30d70668355c0ae8d287b1676514e8493113c8a24fb7f0578210264cc4b468cf4276d54eac4', 287, 5, 'User Token', '[]', 0, '2022-05-27 12:35:01', '2022-05-27 12:35:01', '2023-05-27 12:35:01'),
('9c1fbfb4172cc6b32e916662bbfb6229962334a4c928f762547cd86253bfab1ad3f3799da2b0800b', 274, 5, 'User Token', '[]', 0, '2022-04-21 17:37:43', '2022-04-21 17:37:43', '2023-04-21 17:37:43'),
('9e77db577c528ab79ae8e1e7911acbfa58e1b3eb1e4b327cba8c769f6f7ef7700066515896dbb72a', 274, 5, 'User Token', '[]', 0, '2022-06-27 09:08:11', '2022-06-27 09:08:11', '2023-06-27 09:08:11'),
('a00ea9b3655cef077d135448f4fe2dd4dcda8f8e80bdd96b16299f7550923a8b796ecafb4f038194', 287, 5, 'User Token', '[]', 0, '2022-06-14 10:09:38', '2022-06-14 10:09:38', '2023-06-14 10:09:38'),
('a04f8247899ce594e2438cced9330bb22a54f1605ae333968cb32ca0ac3d1476d4bf76b501efd068', 274, 5, 'User Token', '[]', 0, '2022-06-24 04:52:44', '2022-06-24 04:52:44', '2023-06-24 04:52:44'),
('a08fe09e30495565d2190851d0806e27c34d1a0fab3cd4a24c2f55de259726cfb2b4bb81363ee620', 274, 5, 'User Token', '[]', 0, '2022-06-20 06:19:04', '2022-06-20 06:19:04', '2023-06-20 06:19:04'),
('a0a2c9536381aa652b4a4c0b3362391daafeb5bac63afc140f9a18903f67490c91d7da5641ed5381', 12, 1, 'API Token', '[]', 0, '2021-12-30 00:00:21', '2021-12-30 00:00:21', '2022-12-30 05:30:21'),
('a0bbbc84e573dfa0b52f064a18eeb9979be54240fddd98a45fe4d6211e7c6b2c172b0eb673e0c270', 331, 5, 'User Token', '[]', 0, '2022-06-29 13:03:57', '2022-06-29 13:03:57', '2023-06-29 13:03:57'),
('a0f0ad7af03773eb3c6a617a6bcbeb56458a4cafe32c37167ecc89aeb13d59810d10322031c0a046', 134, 5, 'API Token', '[]', 0, '2022-03-09 06:11:45', '2022-03-09 06:11:45', '2023-03-09 06:11:45'),
('a147b1b2b8cf7edc8e2c3a23ee1384f3da39613ec5a9a93261722e62e691974f77a509eb2706a455', 274, 5, 'User Token', '[]', 0, '2022-06-21 00:47:25', '2022-06-21 00:47:25', '2023-06-21 00:47:25'),
('a183c64dcbaed3b7684811d51dccb9ded32ebfd5043443b106b602845cecd82bd7f4fdffb783c693', 151, 5, 'API Token', '[]', 0, '2022-03-15 22:45:59', '2022-03-15 22:45:59', '2023-03-16 04:15:59'),
('a1a6710282677a614c5c13a20dd81a038f78037438723c54c970d1147cae911f7f3c6ac701a3678f', 165, 5, 'API Token', '[]', 0, '2022-04-11 04:58:03', '2022-04-11 04:58:03', '2023-04-11 04:58:03'),
('a2d9b90fbd329b83ac8e99fdf3d974c795f25ade0829ae9cdf04efa9d8d38fef2660cc67a64effd3', 323, 5, 'User Token', '[]', 0, '2022-06-28 12:48:07', '2022-06-28 12:48:07', '2023-06-28 12:48:07'),
('a30f430f7192c48518784db0f4778bf8f330edc6b34ff5d549baee37b9fbdcec4dc6ec61d0472f9e', 165, 5, 'API Token', '[]', 0, '2022-03-30 22:51:58', '2022-03-30 22:51:58', '2023-03-31 04:21:58'),
('a3572ac427e1e3c4bb24d25b99941d7fff4e1dbe57a2d5838d126d02e89d61e364f6a775af0a2ee3', NULL, 5, 'User Token', '[]', 0, '2022-04-15 07:22:46', '2022-04-15 07:22:46', '2023-04-15 07:22:46'),
('a3d4a9e44b67624690d033f7784b47cfd6244da50d3a4c54d1555779f5cadc224d20e4c3d8bacb3f', 254, 5, 'User Token', '[]', 0, '2022-04-30 06:19:01', '2022-04-30 06:19:01', '2023-04-30 06:19:01'),
('a4234877fcd19fd5041903e98fa0a1a59eafa3697d011dcd627596bd03ba168592fe9bc374add5fd', 277, 5, 'User Token', '[]', 0, '2022-04-21 17:26:01', '2022-04-21 17:26:01', '2023-04-21 17:26:01'),
('a43a0ef33f9cbd8e1bd0eb8856a131071d06cbe614eaac70a6db038dc25599c6939929a93189ddd1', 274, 5, 'User Token', '[]', 0, '2022-04-20 13:47:55', '2022-04-20 13:47:55', '2023-04-20 13:47:55'),
('a4892ba3a32ca88c8065323926c1c4e56130597b2e603cf31cdd721ba59fb28e5f9c16c0b28d87fe', 322, 5, 'User Token', '[]', 0, '2022-06-28 13:22:29', '2022-06-28 13:22:29', '2023-06-28 13:22:29'),
('a4bf9ef0ae58082d21ffdec81184f953aa95167d3a97df4bacecaac8b9530336f1bde402a232b9f2', 1, 5, NULL, '[]', 0, '2022-02-11 05:37:03', '2022-02-11 05:37:03', '2023-02-11 11:07:03'),
('a4c6ecc58d7253759e95e80eb3dcdb4c99a363011deb335c41948970cdd4eeb8d0a3ee6d78ceceac', 311, 5, 'User Token', '[]', 0, '2022-06-15 06:12:30', '2022-06-15 06:12:30', '2023-06-15 06:12:30'),
('a504f73b156022322923772f11ffa7a49860784e926b5b7d3f0a4d1a5d7db3f25538b87a848caacf', 287, 5, 'User Token', '[]', 0, '2022-06-27 06:05:05', '2022-06-27 06:05:05', '2023-06-27 06:05:05'),
('a5278a63e11e32a6794baddbd7797524f365bf9c2dda7bd677fe13618ce3111a2b61cce9494159dc', 273, 5, 'User Token', '[]', 0, '2022-04-16 02:38:05', '2022-04-16 02:38:05', '2023-04-16 02:38:05'),
('a5417cd182e2c20cababaeae9f0cdb4fb8cb6b26ac683897ee62ea3ceef07cc1317d85584ed1ea5c', 287, 5, 'User Token', '[]', 0, '2022-06-02 06:10:14', '2022-06-02 06:10:14', '2023-06-02 06:10:14'),
('a5a80a5db92a02a9a0ddc4dba103f5a9af549ed7cf2edd6902b81268878daa31d03c93bbb0656825', 273, 5, 'User Token', '[]', 0, '2022-04-16 16:05:08', '2022-04-16 16:05:08', '2023-04-16 16:05:08'),
('a6378698f8f8035c354124df2552dd989a4ae4e141a22862e6a85f395e40d54875df8fe012afab1e', 308, 5, 'User Token', '[]', 0, '2022-06-16 10:24:53', '2022-06-16 10:24:53', '2023-06-16 10:24:53'),
('a6e8010be98d544cb5b3773a6a72bc5b09bf295c8f1076d0592db7a01eb70b94a268751957ac4d55', 274, 5, 'User Token', '[]', 0, '2022-06-20 09:14:48', '2022-06-20 09:14:48', '2023-06-20 09:14:48'),
('a6f75d45314deb797653ad510ffc0835a235cc1e7866721f5763934ab2e7aef57fa770e722dd81b2', 287, 5, 'User Token', '[]', 0, '2022-06-02 06:07:17', '2022-06-02 06:07:17', '2023-06-02 06:07:17'),
('a6fbe7939d60bb233981186f1092e0bdbf8e614a1890818b039e3da0274a5542ada54a2bd7839742', 274, 5, 'User Token', '[]', 0, '2022-06-24 09:32:25', '2022-06-24 09:32:25', '2023-06-24 09:32:25'),
('a7131b7e5a3a5333fd72aab5e8c23a91a8ec35e7a8528692db3d3526f3412a78b2af9b357f132f69', 287, 5, 'User Token', '[]', 0, '2022-04-29 05:23:50', '2022-04-29 05:23:50', '2023-04-29 05:23:50'),
('a7926b3ba9f04e665277671e9cfeee25ddc5e04c93e79598455875b1e18e8cdf1571f4fac9fa22bd', 274, 5, 'User Token', '[]', 0, '2022-06-09 12:37:03', '2022-06-09 12:37:03', '2023-06-09 12:37:03'),
('a7b2f1598b7d7de9d475e1007b5448abee818829d43b9929b3c1d3a75d540e11ad53883e3d1ae92a', 274, 5, 'User Token', '[]', 0, '2022-05-26 05:40:16', '2022-05-26 05:40:16', '2023-05-26 05:40:16'),
('a8e372978931742f330c1dbc88b0fe2c1d723e78885b309a282e37fb8a731d0695120005acf8c8ac', 274, 5, 'User Token', '[]', 0, '2022-06-27 10:40:52', '2022-06-27 10:40:52', '2023-06-27 10:40:52'),
('aa1d9920ded1f2e333e0fdda0ef418f09335b2524d6f481074806776e73125ba954d0df6aa7e4d44', 287, 5, 'User Token', '[]', 0, '2022-06-24 05:54:01', '2022-06-24 05:54:01', '2023-06-24 05:54:01'),
('aac7060074e092597356bc09c7f775e120373e48210d486ea0c83afac354521e26052d1d1511fff2', 322, 5, 'User Token', '[]', 0, '2022-06-28 13:28:55', '2022-06-28 13:28:55', '2023-06-28 13:28:55'),
('aaceae89af847d0bf793799c3532bad9ff709c2ccfd4b6c46bb5a93c7c9c280c6b127520b0b35eae', 288, 5, 'User Token', '[]', 0, '2022-05-09 04:24:19', '2022-05-09 04:24:19', '2023-05-09 04:24:19'),
('aaee08bb292490c53b97116030c70b6b5085c1a268948f3b675bde79ead0d0ecca5efd6f43269fa9', 274, 5, 'User Token', '[]', 0, '2022-06-27 11:46:21', '2022-06-27 11:46:21', '2023-06-27 11:46:21'),
('ab2ab62375c2c7f2398adb0f9f604ad870426ee007c37873f873b631dced68fe5127a75b0a698c42', 287, 5, 'User Token', '[]', 0, '2022-06-13 12:26:10', '2022-06-13 12:26:10', '2023-06-13 12:26:10'),
('ab857be7d340cc02a486c29ce07ee42e6d9b4c611d5022150b849f006a0e690a265666b94ab3e319', 274, 5, 'User Token', '[]', 0, '2022-06-21 14:26:40', '2022-06-21 14:26:40', '2023-06-21 14:26:40'),
('ab938b4f1eb16f0d70fee2094e8e22b95a77d3098acf1a62b220f90692d57dc9bb3c1fce75bf35d0', 66, 5, 'API Token', '[]', 0, '2022-02-11 06:44:06', '2022-02-11 06:44:06', '2023-02-11 12:14:06'),
('abae7e5307c5a00db712b176602b3ab8e7cf3fdbfae935e737fe34a6465d5db941a794470fb35558', 322, 5, 'User Token', '[]', 0, '2022-06-28 13:11:15', '2022-06-28 13:11:15', '2023-06-28 13:11:15'),
('ac31223edd291cc50ed2db13b484ff529ae8e46816bdf1be5b2fed0f5eb40fd72989f529cd3fc62b', 274, 5, 'User Token', '[]', 0, '2022-07-05 09:41:37', '2022-07-05 09:41:37', '2023-07-05 09:41:37'),
('ad224b32c0cd63ef806f24d036c5abe494a6d749a4718b7a77dce6c5f84593c45064fd85967cd7be', 281, 5, 'User Token', '[]', 0, '2022-04-25 05:29:22', '2022-04-25 05:29:22', '2023-04-25 05:29:22'),
('ad48fe1a319e7f996bbca7cac5363f33018989eafee7abc0032f9a8ab406d666e252297f3f44d32a', 319, 5, 'User Token', '[]', 0, '2022-07-01 08:51:39', '2022-07-01 08:51:39', '2023-07-01 08:51:39'),
('ad87ac249147d67a3a743a91527ab116ab0d8aa1e67a11369aab70cde95de02cdfa5f7a32cef1cfb', 274, 5, 'User Token', '[]', 0, '2022-05-26 07:18:43', '2022-05-26 07:18:43', '2023-05-26 07:18:43'),
('ae165238a5d2aaf1bf1e9139cfec7811e19bc159b95a44543112605950aacff05dbc45391da30855', 325, 5, 'User Token', '[]', 0, '2022-06-28 14:05:43', '2022-06-28 14:05:43', '2023-06-28 14:05:43'),
('ae283564b9862bd09a65bf728ec14af00546c98991854475e4f50c47c32820ede0a7eddc567da7a6', 314, 5, 'User Token', '[]', 0, '2022-06-24 13:22:24', '2022-06-24 13:22:24', '2023-06-24 13:22:24'),
('ae89bc124fc1d35e6221208805cf1234dbb6a19aba44579130cca1b57bb8877fa19fb911bf9147c3', 326, 5, 'User Token', '[]', 0, '2022-06-29 05:08:56', '2022-06-29 05:08:56', '2023-06-29 05:08:56'),
('afd1973a035fa810c48bf26e01168cef8caac860cba9a302aff76d2b0867bd90bc7c8c2c5601eba0', 319, 5, 'User Token', '[]', 0, '2022-06-29 06:47:56', '2022-06-29 06:47:56', '2023-06-29 06:47:56'),
('afdeba366e007e2b1d61b30e7205b945569d05f774bbc44e695aced81e772653d4a6301b7f0299f4', 297, 5, 'User Token', '[]', 0, '2022-06-13 09:55:06', '2022-06-13 09:55:06', '2023-06-13 09:55:06'),
('aff3874f01275342ae3a875efa1da5c9b7e1ddb85d2d04b9b85ec8fc9b07b3c7a40dbc1ac9e4726c', 312, 5, 'User Token', '[]', 0, '2022-06-17 12:29:20', '2022-06-17 12:29:20', '2023-06-17 12:29:20'),
('b02ab72a01d3666b353db122330555d8af0a6db2585233371f295d3dbbd7ba1ba41813a2ec478073', 287, 5, 'User Token', '[]', 0, '2022-06-07 09:51:32', '2022-06-07 09:51:32', '2023-06-07 09:51:32'),
('b10320427f74941c9f7fbebc981c324a882a956d61d3a30116a0a13855c174138356879bfd1b674d', 274, 5, 'User Token', '[]', 0, '2022-06-02 11:45:28', '2022-06-02 11:45:28', '2023-06-02 11:45:28'),
('b17f790cfc42ed2794b28fb50a47eed0b389775fa2f1e67640076d463aa797cb5ce0d4af0539360a', NULL, 5, 'User Token', '[]', 0, '2022-04-15 07:29:59', '2022-04-15 07:29:59', '2023-04-15 07:29:59'),
('b18e77feb30fe037ee491a953d00f37c534aa5c43e5bbc1b7c06267fb760dd4ff675a3c7fea78658', 273, 5, 'User Token', '[]', 0, '2022-04-16 02:24:05', '2022-04-16 02:24:05', '2023-04-16 02:24:05'),
('b22722ad51a160da0b36a39b4e1b6e8ce509d9b046261e2755e94663bf18f9961baf5eb238f6c992', 319, 5, 'User Token', '[]', 0, '2022-06-28 05:38:27', '2022-06-28 05:38:27', '2023-06-28 05:38:27'),
('b26cf347ddc3385637074d819cf029d2eb3fcc40eb644925cfc75ab033a8a446a98b265b5010b130', NULL, 5, 'User Token', '[]', 0, '2022-04-15 07:14:42', '2022-04-15 07:14:42', '2023-04-15 07:14:42'),
('b34530c7db7bbf1d74588476ca65ccb246c7a8ae4500d9c0981e77025407033ff78a71dbe55ee400', 310, 5, 'User Token', '[]', 0, '2022-06-14 11:37:19', '2022-06-14 11:37:19', '2023-06-14 11:37:19'),
('b362788161c45c611aa8acc048233e80d89286d26e8885cc1c1cc430b10bbe66256fc7320cbda59b', 274, 5, 'User Token', '[]', 0, '2022-06-14 11:17:59', '2022-06-14 11:17:59', '2023-06-14 11:17:59'),
('b391ab303d1934892d658c63bb0a9734671b5561f2bb212214ac24ef6102b34eedcf6c804a0ec91e', 273, 5, 'User Token', '[]', 0, '2022-04-15 22:56:16', '2022-04-15 22:56:16', '2023-04-15 22:56:16'),
('b39f7a6ba4b987d32a8164a92f1f35bf837210a6753ab587e97a6892358474728601daceb4141b3a', 12, 1, 'API Token', '[]', 0, '2021-12-30 07:53:35', '2021-12-30 07:53:35', '2022-12-30 13:23:35'),
('b455e8b364dafa9574511e6060a9a8f91968a1b91fe5baa16c858c2495796a02d7e91c40b196222a', 287, 5, 'User Token', '[]', 0, '2022-06-27 09:26:29', '2022-06-27 09:26:29', '2023-06-27 09:26:29'),
('b47f5b9e06bdc529be25222e16c6c71e989ff155eacb005d5b953874a4a31250876d592bf188bd46', 274, 5, 'User Token', '[]', 0, '2022-04-18 15:02:07', '2022-04-18 15:02:07', '2023-04-18 15:02:07'),
('b61d789922afddf12a88b9eec2638bb50a414af0efbe8351470c9cd33cb4cba85c82a01773f3f7ba', 281, 5, 'User Token', '[]', 0, '2022-05-27 04:40:24', '2022-05-27 04:40:24', '2023-05-27 04:40:24'),
('b661064f8d28fdee9264bf0e6c6a27d064a49c4d7274e278d5302c0f4c7961287697be67403c138d', 275, 5, 'User Token', '[]', 0, '2022-04-18 04:57:51', '2022-04-18 04:57:51', '2023-04-18 04:57:51'),
('b6ac7750314270b48b51c7abea190113f0013da605bf1c963182a554d1e71bf53312eb1708fcea0d', 274, 5, 'User Token', '[]', 0, '2022-04-16 15:57:38', '2022-04-16 15:57:38', '2023-04-16 15:57:38'),
('b6fb39b27b5e2d9e7337a0bac0a4d1d300c4bb7af33cfdb56c08e5b4724b9b58428ba96806cbe2e5', 274, 5, 'User Token', '[]', 0, '2022-05-31 05:42:41', '2022-05-31 05:42:41', '2023-05-31 05:42:41'),
('b7ec304dd7e5f42435353dc5373ab1eefd1a160a8367ac43fc1fbeab5cd779fd67764e91dce31d2d', 329, 5, 'User Token', '[]', 0, '2022-06-29 05:57:11', '2022-06-29 05:57:11', '2023-06-29 05:57:11'),
('b8008cf541dcfe8a771e1daf835b96b93e104144b498ce389272629014dd76f1e57839e3fa9d34a2', 282, 5, 'User Token', '[]', 0, '2022-04-25 09:19:36', '2022-04-25 09:19:36', '2023-04-25 09:19:36'),
('b8d5a366173f42fd3c353fcb2aafbaa724fafde375924215029c509f6acbccfcb110474d24e95335', 274, 5, 'User Token', '[]', 0, '2022-05-30 07:16:31', '2022-05-30 07:16:31', '2023-05-30 07:16:31'),
('b90c0a4290bbd71f297ca23fdf47698e97d707b778a522dffa7e57a5cc5df1be1b3afee1b30f7635', 289, 5, 'User Token', '[]', 0, '2022-05-25 11:59:20', '2022-05-25 11:59:20', '2023-05-25 11:59:20'),
('b95724c93be8e583b998a2f37180a17733f339de81ecbd18e8f9985552a22688e1f03eac6be62503', 18, 3, 'API Token', '[]', 0, '2022-01-17 00:46:59', '2022-01-17 00:46:59', '2023-01-17 06:16:59'),
('b96cc4d45701875267924f5a4246449052f4f0a9e24e274dd7f1f15e53502981c06097877b1404a0', 287, 5, 'User Token', '[]', 0, '2022-06-02 06:04:58', '2022-06-02 06:04:58', '2023-06-02 06:04:58'),
('b9ad880019ef8c914e292690f8dece3a0c4cd66ed50a18845768eaead37940d46585f5443f70b97f', 319, 5, 'User Token', '[]', 0, '2022-06-24 07:32:46', '2022-06-24 07:32:46', '2023-06-24 07:32:46'),
('b9d6a8564f30d02d01cc00306c3db31337645652e61d51d173de77de8205c3b360b358d6cfc2d76f', 274, 5, 'User Token', '[]', 0, '2022-05-25 11:57:00', '2022-05-25 11:57:00', '2023-05-25 11:57:00'),
('b9dce0d8e274111c001d1f4b657d1b2aa1d4a62756529ffd72763661399b8dc112697924454c74de', 287, 5, 'User Token', '[]', 0, '2022-05-27 11:14:55', '2022-05-27 11:14:55', '2023-05-27 11:14:55'),
('ba2df08313d03c94660d8c2a2bc3f261dccf9db430bd09aeb7cee36bcdd124dd642a25a80b8a2401', 287, 5, 'User Token', '[]', 0, '2022-06-16 13:12:38', '2022-06-16 13:12:38', '2023-06-16 13:12:38'),
('bada18fd1cdee99637261507abd21095bb1653b423c899776e11cbed696d3ddf85d5e78812680b03', 320, 5, 'User Token', '[]', 0, '2022-06-30 11:35:27', '2022-06-30 11:35:27', '2023-06-30 11:35:27'),
('bafccac57359101758013c6051d67e98348786b26ec6299557f4872b9465f902ebff1493a0d95e81', 287, 5, 'User Token', '[]', 0, '2022-06-16 13:09:11', '2022-06-16 13:09:11', '2023-06-16 13:09:11'),
('bbbf97d8de821c69f65a58df51c522f3ab48caf728b86092749725192d82f6312abf30fec8150b28', 334, 5, 'User Token', '[]', 0, '2022-06-30 08:56:57', '2022-06-30 08:56:57', '2023-06-30 08:56:57'),
('bbc56eccbbd5bfd093c1e293c43de2cdf842d3074aabd5920c9f9623ef8d9a70fb197c204b1ab640', 278, 5, 'User Token', '[]', 0, '2022-04-22 03:57:27', '2022-04-22 03:57:27', '2023-04-22 03:57:27'),
('bc4be584f6e3a47efe726cb3f2eb5ddc6a6048972ad0c47afcecb2a31a6089024fb4020a38a6586f', 18, 5, 'API Token', '[]', 0, '2022-01-17 01:28:37', '2022-01-17 01:28:37', '2023-01-17 06:58:37'),
('bc7f2dce06b84245438d449dd0abdc36972a1442e8dd59a77a12bce40665c3bd697a75cadc8d4a44', 274, 5, 'User Token', '[]', 0, '2022-04-16 11:46:21', '2022-04-16 11:46:21', '2023-04-16 11:46:21'),
('bcb3dd26ee5cb8cbd9d749b6f95b23462a3fc754ddfc3829c33ff13fd4fbbcb42baeec072fa9d35a', 274, 5, 'User Token', '[]', 0, '2022-06-20 09:03:00', '2022-06-20 09:03:00', '2023-06-20 09:03:00'),
('bcd051af15787fa92620122ae5050c2ba8d2f1fcceb3636fadf604e7da5477239cdac4d69cdfcb65', 274, 5, 'User Token', '[]', 0, '2022-06-24 05:01:23', '2022-06-24 05:01:23', '2023-06-24 05:01:23'),
('be04a4fd28f19cb83e8cf368675de6c35da0d5d1042d983a80ca81042932d94a0e4b1e5e0c5ec690', 287, 5, 'User Token', '[]', 0, '2022-06-24 04:55:06', '2022-06-24 04:55:06', '2023-06-24 04:55:06'),
('be281607b38671695d511ecec5b4cd23afcd1576b7a360ae9c4d1c081e2691b1072a8e3911f591f7', 287, 5, 'User Token', '[]', 0, '2022-05-09 11:02:29', '2022-05-09 11:02:29', '2023-05-09 11:02:29'),
('be4310b2cbe200393c05b97cc5e9cfb8587ddc64b5fad148aa3e04ce4245fd237e60750a76cdc823', NULL, 5, 'User Token', '[]', 0, '2022-04-15 07:26:40', '2022-04-15 07:26:40', '2023-04-15 07:26:40'),
('bebe35248fee42ada4ca0a9e27611bbecd387e3ffa13b69a93c2929a23a1dccce09a7546ef21b70f', 287, 5, 'User Token', '[]', 0, '2022-06-07 09:27:48', '2022-06-07 09:27:48', '2023-06-07 09:27:48'),
('beca617bcb30559bd406f666ea765529c137257f4db68aa89fc72b070d4406568266c5fb2c698e74', 274, 5, 'User Token', '[]', 0, '2022-04-17 16:00:02', '2022-04-17 16:00:02', '2023-04-17 16:00:02'),
('bff3e5e356b41e2ed3ce3a8635b5f10e569498278e3b8becc74f7f719737e687773e05af78113ed5', NULL, 5, 'API Token', '[]', 0, '2022-04-15 07:02:59', '2022-04-15 07:02:59', '2023-04-15 07:02:59'),
('c10ad0804b4166e7917cd209462d6392d3f242727c1d7e2420408816a218d0e1bbfbfb895064be70', 274, 5, 'User Token', '[]', 0, '2022-04-28 16:14:19', '2022-04-28 16:14:19', '2023-04-28 16:14:19'),
('c2109f8a09a8a392c7e03b9145aada41dcfa12b5cf82a2f1e446ffe2d12366c0ec629a1f3f33cfac', 153, 5, 'API Token', '[]', 0, '2022-03-17 04:31:20', '2022-03-17 04:31:20', '2023-03-17 10:01:20'),
('c3229f586ae0e0e5c3583c45790dfa3dfb329204abe377da99a58030e5182017d578efb63184c05c', 319, 5, 'User Token', '[]', 0, '2022-06-29 05:23:21', '2022-06-29 05:23:21', '2023-06-29 05:23:21'),
('c3fb30475d065e6144aa4ec21fc5913042904c5e28ef0cbf057fdc7cca88ec5af27c16db8aedcc5c', 305, 5, 'User Token', '[]', 0, '2022-06-13 10:32:58', '2022-06-13 10:32:58', '2023-06-13 10:32:58'),
('c459be7b22444a09cc27bbdd10c61559d2124b9367d4e3b2cf1c66fd5df9e0566f22256659fe2f0a', 287, 5, 'User Token', '[]', 0, '2022-06-02 06:05:23', '2022-06-02 06:05:23', '2023-06-02 06:05:23'),
('c4e0e4d47a90bcf5680a33c0c8ce25eafda3c1361d70e4accda555b9f6d9342d59efa5e99f290e49', 296, 5, 'User Token', '[]', 0, '2022-06-13 09:54:17', '2022-06-13 09:54:17', '2023-06-13 09:54:17'),
('c5206e866d49e32bdeda16f6c526865390ac65eb36724a45089ec9409f7cb140f873c09753f7f2ca', 315, 5, 'User Token', '[]', 0, '2022-06-20 05:31:16', '2022-06-20 05:31:16', '2023-06-20 05:31:16'),
('c59e659349e2ec804770c5fa895d1f777aaaefdcadfcbdc0b91f765781fa9c093c841d6aa6973e18', 273, 5, 'User Token', '[]', 0, '2022-04-16 02:37:27', '2022-04-16 02:37:27', '2023-04-16 02:37:27'),
('c5f117b613ffcd3e808101dc96232a8db20b3bfd44ef4f9ccd080e38120d1787e9dee8a6192c60ad', 281, 5, 'User Token', '[]', 0, '2022-05-25 11:56:38', '2022-05-25 11:56:38', '2023-05-25 11:56:38'),
('c683e9cad9adead68fafa94ec2e34a4d7edaab84709ae87795e70d03094e36ad6589a9aa1c7eca91', 274, 5, 'User Token', '[]', 0, '2022-06-28 12:05:05', '2022-06-28 12:05:05', '2023-06-28 12:05:05'),
('c6d257a4e5b0f00ec72aa0c8324c591990f1cfd677a37142754f04d41772393b624312bc75c69369', 287, 5, 'User Token', '[]', 0, '2022-06-28 12:04:37', '2022-06-28 12:04:37', '2023-06-28 12:04:37'),
('c7237879883c0cac6eeadc0a19786cb596c9e117136cc2ad424893b28e8ab079e2ffcdf23f32fade', 165, 5, 'API Token', '[]', 0, '2022-04-08 11:24:05', '2022-04-08 11:24:05', '2023-04-08 11:24:05'),
('c7693f3ecb9e43354dc8014aef29d993b6e530c7d150e9546f182bdf99293a93af5a7b56a9e2609b', 151, 5, 'API Token', '[]', 0, '2022-03-21 00:16:20', '2022-03-21 00:16:20', '2023-03-21 05:46:20'),
('c7eb8a2d9548d5020fc6ecd6d66cc2775587fc5aecb18929d240fc49268962bd11ec1f6de0dea84a', 12, 1, 'API Token', '[]', 0, '2021-12-17 06:39:19', '2021-12-17 06:39:19', '2022-12-17 12:09:19'),
('c89ada71eb387c993da2d84d5686e475f6e587aff2c34ed9115f8e02c13077d8daf562ae47d7e146', 287, 5, 'User Token', '[]', 0, '2022-04-28 15:59:30', '2022-04-28 15:59:30', '2023-04-28 15:59:30'),
('c8a3ba6d8accbe003dade1c50256689909a8995d225e4231d69eac19d40f1f9b184ce48842440756', 274, 5, 'User Token', '[]', 0, '2022-05-31 05:43:45', '2022-05-31 05:43:45', '2023-05-31 05:43:45'),
('c8fd84b7cb543368639a2afc04e22e34dff2eaf94b7898092d6f7dc26536e56c42a5c74ba4abd029', 274, 5, 'User Token', '[]', 0, '2022-06-17 09:25:44', '2022-06-17 09:25:44', '2023-06-17 09:25:44'),
('c984f9d1b867a83ea186eb43102ebb8135684c6fb193fe157934b054588eb5b4d43199a81fce158c', 274, 5, 'User Token', '[]', 0, '2022-05-26 05:30:08', '2022-05-26 05:30:08', '2023-05-26 05:30:08'),
('c9d957e480d5a8131ae9690aea5ae2e96e3e3bfdaeaf41ef608b3852efd40cfd8281199540615f89', 274, 5, 'User Token', '[]', 0, '2022-06-29 13:37:52', '2022-06-29 13:37:52', '2023-06-29 13:37:52'),
('ca571dfc943f95cb06037ebe3d836e97e5b10a217cfe8ab262a5d7116a92f7ecff4a57b853524d46', 317, 5, 'User Token', '[]', 0, '2022-06-24 12:48:22', '2022-06-24 12:48:22', '2023-06-24 12:48:22'),
('cb4dc885e99adacb2dbf4bea60402f234818fb5d460e1baeee1c357eb64d7881b19a783b14da4cc8', 254, 5, 'User Token', '[]', 0, '2022-04-15 07:24:28', '2022-04-15 07:24:28', '2023-04-15 07:24:28'),
('cb59c3150a5310069fd3321bd683e55663bcddfaba964b12e1d7a2070326fa6b184e1f82ac56fba6', 274, 5, 'User Token', '[]', 0, '2022-04-23 14:10:56', '2022-04-23 14:10:56', '2023-04-23 14:10:56'),
('cbc9efdfd4ed0f21939311eff0b3853b7faa790b0cadd55adf75bb49e5674df5a8bf8826e405a430', 287, 5, 'User Token', '[]', 0, '2022-05-25 09:54:45', '2022-05-25 09:54:45', '2023-05-25 09:54:45'),
('cbf7230d34755af954ca24f8b01b11e477786c2cbfa5894914636ed575ed7f885119abf5af76ec2e', 274, 5, 'User Token', '[]', 0, '2022-06-24 05:04:17', '2022-06-24 05:04:17', '2023-06-24 05:04:17'),
('ccfbc1c23dd2acf0300c302db317c9620966bf21dde114c666d7ae579f55247d14335eea286541bc', 274, 5, 'User Token', '[]', 0, '2022-06-30 06:13:30', '2022-06-30 06:13:30', '2023-06-30 06:13:30'),
('cd643720481072dad30acbc9e8241d116012df04692fe11c31eeb198cea53f0773bb671804b9009b', 151, 5, 'API Token', '[]', 0, '2022-03-21 00:19:47', '2022-03-21 00:19:47', '2023-03-21 05:49:47'),
('cdb3f4b48f6bf16165fa54a122563f48df4618c3b8f8d5e8efd7fbd290e60b50806c033f6934e088', 287, 5, 'User Token', '[]', 0, '2022-06-16 09:19:17', '2022-06-16 09:19:17', '2023-06-16 09:19:17'),
('ce24ecf14b2e8d281937d1c5ffa7c3098bf0375bdf6723107dedeaf4cead2bd5f2dc5194c65a43b3', 326, 5, 'User Token', '[]', 0, '2022-06-29 05:14:26', '2022-06-29 05:14:26', '2023-06-29 05:14:26'),
('ce826f34576962ce83d198eb8e53cfbc365b629a2a09174b5e509cca9ba5b85fd6ac34879dbff0c6', NULL, 5, 'User Token', '[]', 0, '2022-04-15 08:44:07', '2022-04-15 08:44:07', '2023-04-15 08:44:07'),
('ce9e4b79cceabd16e6735d14aa9b01c86a809240fcbf078c1ad097c11b1a4d92608a519f4a328758', 274, 5, 'User Token', '[]', 0, '2022-06-29 09:40:39', '2022-06-29 09:40:39', '2023-06-29 09:40:39'),
('cea312ade583afbd044d6411580db89986268066d3e3d2155ad0b4b2b6dc803a145b9f79d608eb4a', 274, 5, 'User Token', '[]', 0, '2022-06-21 14:18:25', '2022-06-21 14:18:25', '2023-06-21 14:18:25'),
('cea33791762674ab49a425f0ce1058acd536449dcd30980a199c985185a7f86b0a90eeff5dc17a4a', 287, 5, 'User Token', '[]', 0, '2022-06-17 10:35:23', '2022-06-17 10:35:23', '2023-06-17 10:35:23'),
('cf4240bafa0c35067b23d94e9fe9f98e30d14be5d3e5679eebc0d25f2c00e2150bb670dfa40c495a', 314, 5, 'User Token', '[]', 0, '2022-06-20 05:11:20', '2022-06-20 05:11:20', '2023-06-20 05:11:20'),
('cf7cb8470abb47dceb7b7fe8bb2d3532d09231915ab3aba0ba56fe910dfbbe93abdacc7bf1210544', 300, 5, 'User Token', '[]', 0, '2022-06-13 10:05:58', '2022-06-13 10:05:58', '2023-06-13 10:05:58'),
('cfc07a0058c5c3e7db6dfbddccb0e155a994b3cd349cbe550a80e8cc245287406e93a5d453881184', 274, 5, 'User Token', '[]', 0, '2022-06-21 13:00:12', '2022-06-21 13:00:12', '2023-06-21 13:00:12'),
('d0f720e669b3d78c9b14fe71eed6d9c27416f0d0e47afcaf119dae7a6ad4e7cf47ba35e09d1f60b7', 312, 5, 'User Token', '[]', 0, '2022-06-17 12:16:08', '2022-06-17 12:16:08', '2023-06-17 12:16:08'),
('d0fced858f2fa73540ad457c529b4694d8c69b0f2c3dffa6f6d6d9a1aa6d24dcab3dca3b5358506b', 1, 5, NULL, '[]', 0, '2022-02-11 06:02:16', '2022-02-11 06:02:16', '2023-02-11 11:32:16'),
('d12659009427c99d1f2bf50c38e1ecfdf55dbfb47746cd42348569ea0a4412ee43ebf6ed9bacc4b7', 287, 5, 'User Token', '[]', 0, '2022-05-30 09:09:17', '2022-05-30 09:09:17', '2023-05-30 09:09:17'),
('d12726619df004bbee0f7cdcb1c2bc34f7a4f9924221f69c849834fd202f28c6ecf0866f2e53c964', 273, 5, 'User Token', '[]', 0, '2022-04-16 02:37:39', '2022-04-16 02:37:39', '2023-04-16 02:37:39'),
('d21e929bdf7d4436436f72705470fbcf4351504660fcd16f3766cc8ed901ec9f9af2d58403dc0636', 274, 5, 'User Token', '[]', 0, '2022-05-26 07:19:22', '2022-05-26 07:19:22', '2023-05-26 07:19:22'),
('d28c7b320b25740eb72a2f84397f78a008865fdc60c9219265e9609e6b33100fd0ac5aa8538b709b', 320, 5, 'User Token', '[]', 0, '2022-06-30 11:29:54', '2022-06-30 11:29:54', '2023-06-30 11:29:54'),
('d3452ea43eb8d1d0a15ff3724fbd9a5072caca956bb8ebf77aa704451a98649ec255f1cb2c07e18f', 165, 5, 'API Token', '[]', 0, '2022-03-22 05:46:16', '2022-03-22 05:46:16', '2023-03-22 11:16:16'),
('d3be925152a672df1d7f14f108d1dc26fb170fffb8dcda9faa4b855e99e728d3ab9b8f864ccec94d', 287, 5, 'User Token', '[]', 0, '2022-06-16 11:21:00', '2022-06-16 11:21:00', '2023-06-16 11:21:00'),
('d3e3bb1a1f5c2e8bb25f373c58956e438eb222cae3f16a4206fc0f05d44a947e584afa7107b7bcbf', 274, 5, 'User Token', '[]', 0, '2022-06-30 13:14:21', '2022-06-30 13:14:21', '2023-06-30 13:14:21'),
('d4922e7b5737ea57a8d0750f4af21eda2ba48cd726a0fc179b933b0f982155da1d2ff40d2c6b2838', 274, 5, 'User Token', '[]', 0, '2022-05-30 11:54:18', '2022-05-30 11:54:18', '2023-05-30 11:54:18'),
('d53ba81aa23dcd90619ac1498c14add4f68cbd567c74923b6df354c75ba229dea5c5e38debd8d7bc', 274, 5, 'User Token', '[]', 0, '2022-06-08 12:59:58', '2022-06-08 12:59:58', '2023-06-08 12:59:58'),
('d64e68904083510717d38974b77132ba3fca33c8ad295e2261ec5ee6b5b1af5a855e30e580b8ec51', 273, 5, 'User Token', '[]', 0, '2022-04-16 02:37:29', '2022-04-16 02:37:29', '2023-04-16 02:37:29'),
('d75ef298fb86d60d613cb73d24cf6e55289e9c4d8a4211517708ba6998493261955760becc09b6db', 287, 5, 'User Token', '[]', 0, '2022-06-14 06:26:15', '2022-06-14 06:26:15', '2023-06-14 06:26:15'),
('d763101f07a325eaa5b1da0d18238cd821183bbd39e5a2adb9e01e7449c4771d51ae057c31d24109', 12, 1, 'API Token', '[]', 0, '2021-12-17 07:02:19', '2021-12-17 07:02:19', '2022-12-17 12:32:19'),
('d7839f42f29d222aa985907a7dd0b2546f504c10e22a81da9e4216ba6d403fcada69155a6df1a710', 274, 5, 'User Token', '[]', 0, '2022-06-22 12:21:13', '2022-06-22 12:21:13', '2023-06-22 12:21:13'),
('d82c6ff2f5e95d003d6fef657d179254358379ef00e9c5050be7fdb3254fbf1cc9daa92239f42f39', 274, 5, 'User Token', '[]', 0, '2022-06-17 09:25:43', '2022-06-17 09:25:43', '2023-06-17 09:25:43'),
('d83b13ac14d9fb41515b017249fe10dda88387f8e2f20bcdbac0ba05d8fc04ec44235782f3e92e72', 287, 5, 'User Token', '[]', 0, '2022-06-17 10:58:02', '2022-06-17 10:58:02', '2023-06-17 10:58:02'),
('d84f2af291ce55b93f3e7bb1b4fdb7c2c5ea0ca17378919fa689629e401310c56040954342fcc9b1', 274, 5, 'User Token', '[]', 0, '2022-04-24 15:33:15', '2022-04-24 15:33:15', '2023-04-24 15:33:15'),
('d8ede9139a77ce58211fdde308e736a588e7d7a884d86ce8e3cc69c2b3cf7f254d2fa16431314515', 334, 5, 'User Token', '[]', 0, '2022-06-30 05:34:02', '2022-06-30 05:34:02', '2023-06-30 05:34:02'),
('d8ee052f6dacc25fa48dd4c67e6941b1a6e40d76631a5a59ff6f3f13544f169d02211b4e6ae92bb8', 273, 5, 'User Token', '[]', 0, '2022-04-15 23:23:35', '2022-04-15 23:23:35', '2023-04-15 23:23:35'),
('db933e0e71054bc5c252e067d8381a756a0504447d27d4aae54b4b75e6319fe76f13d7bf934677a6', 274, 5, 'User Token', '[]', 0, '2022-06-20 09:29:52', '2022-06-20 09:29:52', '2023-06-20 09:29:52'),
('dbb4754d6ee668013ab9923bb7f79181894ea96dd77163f1e692cef2cbf69daeb885d10af4a33ff1', 281, 5, 'User Token', '[]', 0, '2022-04-25 05:33:30', '2022-04-25 05:33:30', '2023-04-25 05:33:30'),
('dbf1bbecc3ae625cd16121fcb7b5307b6d7dc2a47efabc395e21cca1bc2ae8accdc4df245f3ab0f3', 274, 5, 'User Token', '[]', 0, '2022-06-15 05:43:55', '2022-06-15 05:43:55', '2023-06-15 05:43:55'),
('dcc506d6f8b7b147e70f229754a55301ddceaf429750c828449aa42b8c9ce66499d4ead9f2218822', 287, 5, 'User Token', '[]', 0, '2022-06-07 05:13:40', '2022-06-07 05:13:40', '2023-06-07 05:13:40'),
('dd07e63912ab27386d280a8e8aa6c053bc4cccbdaed5a59b59331bd5ae1bd4ce059cc0460f5c7c54', 274, 5, 'User Token', '[]', 0, '2022-06-28 12:09:43', '2022-06-28 12:09:43', '2023-06-28 12:09:43'),
('dd0958cbfe39bb7a9e723817a51e79fb364d7795639f316868ef0dbd21a6c9629441af296e65e6b0', 265, 5, 'User Token', '[]', 0, '2022-04-15 08:48:28', '2022-04-15 08:48:28', '2023-04-15 08:48:28'),
('dd469136ad49e916495f0cde919b118015796856336f3c19f8bd212e1a2f97d3c3e910b29156ee73', 287, 5, 'User Token', '[]', 0, '2022-06-27 11:18:30', '2022-06-27 11:18:30', '2023-06-27 11:18:30'),
('dd4e1ecb36e9e5a5cd51b9c089fe2f8f9ebd9f2abe38102ee86ad9ab6190f5feda8ba75342e8343c', 274, 5, 'User Token', '[]', 0, '2022-06-20 09:27:02', '2022-06-20 09:27:02', '2023-06-20 09:27:02'),
('ddecaad46cf042f66da7111109bbd48a0f81113f9b5e6fbf6d79c38013a181131442683c25a899e2', 330, 5, 'User Token', '[]', 0, '2022-06-29 13:12:56', '2022-06-29 13:12:56', '2023-06-29 13:12:56');
INSERT INTO `oauth_access_tokens` (`id`, `user_id`, `client_id`, `name`, `scopes`, `revoked`, `created_at`, `updated_at`, `expires_at`) VALUES
('de77bd2f629cc698b24b36824c660e0c4c97fa25b1e3763196c3d0d700848a4ccbd6ed4c82a37a69', 308, 5, 'User Token', '[]', 0, '2022-06-13 10:41:55', '2022-06-13 10:41:55', '2023-06-13 10:41:55'),
('def3c3cd2b8a6b0a788b43592baa4e7a530b167db8d771cadbfe40b0ce3be5060a45eb4647544ca0', 269, 5, 'User Token', '[]', 0, '2022-04-15 11:05:56', '2022-04-15 11:05:56', '2023-04-15 11:05:56'),
('df5ba5036d76ebfa2c4caae2b9d7ec59b0dac0d9fcf8e6bad9d77e2cead789c3f2891f99bf966714', 153, 5, 'API Token', '[]', 0, '2022-03-17 04:00:38', '2022-03-17 04:00:38', '2023-03-17 09:30:38'),
('df7b8154afe0cc7232509ca458253649c9b21e4225f69522ff70d67121797bb2ab661b47565dbbfe', 274, 5, 'User Token', '[]', 0, '2022-04-17 11:36:46', '2022-04-17 11:36:46', '2023-04-17 11:36:46'),
('dfcfc7b2acfda45e3631e3a3461b002af79456446edae82224dbdc6aa70abc0e7548b2fc431e7851', 267, 5, 'User Token', '[]', 0, '2022-04-15 08:52:12', '2022-04-15 08:52:12', '2023-04-15 08:52:12'),
('e0a489d2b1010a3552b03bfc27fb41c7897fd039f7e2155f0c1c2a96381fc9cf8412fa4dfc7569d0', 273, 5, 'User Token', '[]', 0, '2022-04-16 02:23:03', '2022-04-16 02:23:03', '2023-04-16 02:23:03'),
('e0c50e989f1aceb7fa76a59ae743d21102433b3d153545723c17494354d28a22e237f7501de7bc2d', 288, 5, 'User Token', '[]', 0, '2022-05-09 04:27:38', '2022-05-09 04:27:38', '2023-05-09 04:27:38'),
('e0fec3564490fa0c7946a0591b5486a16d66db81b01fe90067ca17f9585f0b232a3c530aae2bb57e', 254, 5, 'User Token', '[]', 0, '2022-04-30 06:27:01', '2022-04-30 06:27:01', '2023-04-30 06:27:01'),
('e114bc9381ea7af38bbbe3fd13c70950b535331b9653339df70d945eac314c5c221c6b8c2f178326', 1, 5, NULL, '[]', 0, '2022-02-11 05:44:05', '2022-02-11 05:44:05', '2023-02-11 11:14:05'),
('e1681108210359547af7a88446ca49848c3ac1579729c07fa3964ab274009b21852d7b11fa4f01f5', 274, 5, 'User Token', '[]', 0, '2022-06-30 06:39:33', '2022-06-30 06:39:33', '2023-06-30 06:39:33'),
('e1a46640c161cd6b527c91e3daae605cf706a76020463ad610389734be3698b5894bdefca10ac895', 319, 5, 'User Token', '[]', 0, '2022-06-21 12:51:46', '2022-06-21 12:51:46', '2023-06-21 12:51:46'),
('e2301ec32f554c9fbe99f37c2ee4562c758bdfc16b40281bae122bd0f74a406bb6aa903440ae70bc', 274, 5, 'User Token', '[]', 0, '2022-06-27 06:18:22', '2022-06-27 06:18:22', '2023-06-27 06:18:22'),
('e293685f1383b5ec53ad7f0df2095ba21701ef462dc09197518ebfd3205e90f8e71f3029d33e2b9f', 272, 5, 'User Token', '[]', 0, '2022-04-16 16:05:38', '2022-04-16 16:05:38', '2023-04-16 16:05:38'),
('e29fb080f7fe743e478bf25bf4d3e584034b85da717005411003331cff50c84e0f0f6f13cba308e6', 274, 5, 'User Token', '[]', 0, '2022-06-24 13:12:20', '2022-06-24 13:12:20', '2023-06-24 13:12:20'),
('e335d71e60ae5d0ebd8c6a07b75115230f1fb1ee23cafc8e370ce57c6075517acbdd1538fd1354c3', 274, 5, 'User Token', '[]', 0, '2022-04-25 04:45:15', '2022-04-25 04:45:15', '2023-04-25 04:45:15'),
('e34933800ad096025812e65c5d981dabc184907777d3c06e5deafd1b78a587af3ddd75c8bab3f9f6', 274, 5, 'User Token', '[]', 0, '2022-06-21 14:09:05', '2022-06-21 14:09:05', '2023-06-21 14:09:05'),
('e355b9378a2e16650d164be7473b17b6c497e6e0d0ce077f64cb5e1e220f9d47958cc9480e80a16b', 287, 5, 'User Token', '[]', 0, '2022-06-07 06:51:12', '2022-06-07 06:51:12', '2023-06-07 06:51:12'),
('e3a860d3f7bb69e88dcc257658eab793fd414b3dc13490078461ae190f908839f4aed74fb65a8499', 148, 5, 'API Token', '[]', 0, '2022-03-12 09:46:28', '2022-03-12 09:46:28', '2023-03-12 09:46:28'),
('e3c87f674e2e82bdd094a939280fde1ccaa4e7e95ef22416e8336f7eae24e96d6c7a8178b12eb635', 274, 5, 'User Token', '[]', 0, '2022-06-24 06:59:36', '2022-06-24 06:59:36', '2023-06-24 06:59:36'),
('e402518902feb1ec4a15c58f0913e854a7db286a34be82cdbea3055d069f955e755ac13fd529099a', 146, 5, 'API Token', '[]', 0, '2022-03-11 13:29:44', '2022-03-11 13:29:44', '2023-03-11 13:29:44'),
('e429cfefa6a784a2808648e845a9c4ac175d7f2651f43f34de3a250c1d2dfef5f632568edb3a80cc', 332, 5, 'User Token', '[]', 0, '2022-06-30 04:42:22', '2022-06-30 04:42:22', '2023-06-30 04:42:22'),
('e49199244b34d172a9407546d1bb2c2c911ca713b0270200c92476fd2280d2d77862c74ace8f0272', 165, 5, 'API Token', '[]', 0, '2022-03-27 23:59:38', '2022-03-27 23:59:38', '2023-03-28 05:29:38'),
('e61f70b729869dd7b61491396520972502462134330c4cdef90ffe2867ea7533f93130f1c894d3ba', 1, 5, NULL, '[]', 0, '2022-02-11 05:43:47', '2022-02-11 05:43:47', '2023-02-11 11:13:47'),
('e6250c2c29a8265d33a1961a3befa10888877426f107dcf36914ed1f8de6e25629025f71e7c84901', 287, 5, 'User Token', '[]', 0, '2022-06-02 13:26:04', '2022-06-02 13:26:04', '2023-06-02 13:26:04'),
('e63aeac5cd539e651f74ad95eaaaaad71181e4964988a5d4e76b00633de58906c960de29278a38d5', 274, 5, 'User Token', '[]', 0, '2022-04-25 04:26:01', '2022-04-25 04:26:01', '2023-04-25 04:26:01'),
('e6b24707093d10a8f856fc8cd26710761e4e9cba1bae87c05f6780b82d544dcbf8b52c2b9fdc7936', 303, 5, 'User Token', '[]', 0, '2022-06-13 10:26:51', '2022-06-13 10:26:51', '2023-06-13 10:26:51'),
('e745ba8c8ccf55a478d3ea11e8b0f5b9f7a2ecc71e250364fa3e00555ab1f1775cf6e1397283a8bb', 146, 5, 'API Token', '[]', 0, '2022-03-09 12:59:07', '2022-03-09 12:59:07', '2023-03-09 12:59:07'),
('e74ede43811cb568278a41a8c7dbf77c2ca4fef9f9cfb4534bb5c0f1f8ae09d95de82b5f56dede89', 1, 5, NULL, '[]', 0, '2022-02-11 05:41:36', '2022-02-11 05:41:36', '2023-02-11 11:11:36'),
('e7651a16fe2c7f83d6c387e27cf79403b24e3eec7eb24732619a8635a52f52e35d46b37878aadb3d', 274, 5, 'User Token', '[]', 0, '2022-06-22 08:53:48', '2022-06-22 08:53:48', '2023-06-22 08:53:48'),
('e76a10be73a56849c7a4749ad677c63b6e3ec1177eb23c3f31159fb91c4a94d73657a8b88086bed6', 274, 5, 'User Token', '[]', 0, '2022-06-28 12:00:01', '2022-06-28 12:00:01', '2023-06-28 12:00:01'),
('e7f4ffb223c925fe3711c671aba8973a3a6d2b969f6e8a23ce15795459da85dae901903eee73e6e9', 287, 5, 'User Token', '[]', 0, '2022-06-27 06:55:14', '2022-06-27 06:55:14', '2023-06-27 06:55:14'),
('e8156b5565171d1d68f5473bafb713d6dbda1419f19abfc7bcbdc485aade8480f8a36c0add016f83', 287, 5, 'User Token', '[]', 0, '2022-06-08 06:15:28', '2022-06-08 06:15:28', '2023-06-08 06:15:28'),
('e88a7073e42cb3163dd2576f2397bcfe5f2cbb55eb73454282978af251617a54e74b7b544ccf8d2d', 165, 5, 'API Token', '[]', 0, '2022-03-28 00:24:11', '2022-03-28 00:24:11', '2023-03-28 05:54:11'),
('e9bacf748c7a6482a6df0e7b5c747b4402b9ddd908695336bdd7bade12611c719ffe035869213685', 292, 5, 'User Token', '[]', 0, '2022-06-07 09:40:11', '2022-06-07 09:40:11', '2023-06-07 09:40:11'),
('e9c1ff55aaf859d0861239daa98aa77a90165357a478536d3b1bf6eb5b24001307060dc434bfa30c', 165, 5, 'API Token', '[]', 0, '2022-04-06 07:04:51', '2022-04-06 07:04:51', '2023-04-06 07:04:51'),
('eaba22f3faa4ef56822426aa566191df05d8fb08cba421a34a04606a67f73dfe071318ceeccec74e', 254, 5, 'User Token', '[]', 0, '2022-04-18 04:23:38', '2022-04-18 04:23:38', '2023-04-18 04:23:38'),
('eb835976632dae2de64749568aaea61a76c400fc45ba5254f35298c67df6d7a305bfc422e3a8c4d4', 287, 5, 'User Token', '[]', 0, '2022-06-27 06:20:27', '2022-06-27 06:20:27', '2023-06-27 06:20:27'),
('eb9ec4d25c93b86ae7ae22db66b605ec360bb5fbf4c3bede65dba9e47610e471965005f4b8ed6151', 290, 5, 'User Token', '[]', 0, '2022-05-27 12:29:06', '2022-05-27 12:29:06', '2023-05-27 12:29:06'),
('eba54ee1e3094d8a2c9e600da7e250728db1aff06263660b21ab1b196f004a74e9e9e6054e672b63', 273, 5, 'User Token', '[]', 0, '2022-04-30 23:02:10', '2022-04-30 23:02:10', '2023-04-30 23:02:10'),
('ebe38cd762e6354b85f81dd95cee3d7a252c2dd450a9d9a95a4d8d49e792b2825f98c7bb2766661f', 273, 5, 'User Token', '[]', 0, '2022-04-15 23:25:23', '2022-04-15 23:25:23', '2023-04-15 23:25:23'),
('ebef8d110c10752dbb013796af4ebc57713a12e8ff502cfe8a2034fd28051a5c05d166a0e05b95cb', 274, 5, 'User Token', '[]', 0, '2022-06-24 05:19:34', '2022-06-24 05:19:34', '2023-06-24 05:19:34'),
('ebf26bb59c8d7181bb14e73d7e192bb922f32df31db8f443bbfbe36f0b1c88a3ea27bc0a3f9fb7c0', 146, 5, 'API Token', '[]', 0, '2022-03-11 13:20:08', '2022-03-11 13:20:08', '2023-03-11 13:20:08'),
('ec60c647a8674199392e9dd684739e8bc92673e26106511852d3be892ee1f0977508693590f38201', 273, 5, 'User Token', '[]', 0, '2022-04-16 02:34:54', '2022-04-16 02:34:54', '2023-04-16 02:34:54'),
('ed27baf2f7b7628f9b30307d5667f30ae66f5ee16866e43d661ef27842b962f99384309ae473ae10', 163, 5, 'API Token', '[]', 0, '2022-03-21 23:40:09', '2022-03-21 23:40:09', '2023-03-22 05:10:09'),
('edb7e0b9f603d9e0c480c9297cb16b016c658b2cba115265e1dbf7ff1dc69f17dc9393dfd4733201', 319, 5, 'User Token', '[]', 0, '2022-06-30 11:34:31', '2022-06-30 11:34:31', '2023-06-30 11:34:31'),
('edcb5dfaf8dc0c6a4ea79787926b29b9dbd9c9a4eecb84b7a9507f9b118773308621b5205b323355', 314, 5, 'User Token', '[]', 0, '2022-06-20 09:19:54', '2022-06-20 09:19:54', '2023-06-20 09:19:54'),
('ee0f89ad62162e1d6a3a2ccaac01f4e8c26f0187c4b60301a0799e37a3cf7c249beed0c5fb3f6843', 314, 5, 'User Token', '[]', 0, '2022-06-20 09:09:47', '2022-06-20 09:09:47', '2023-06-20 09:09:47'),
('ee86aa30d7d7ae1fc943768087a3de6e0b51ecf30586aac4f209073a0b9699cf1dada9cbd21328ac', 287, 5, 'User Token', '[]', 0, '2022-06-20 10:35:33', '2022-06-20 10:35:33', '2023-06-20 10:35:33'),
('ee9b8e12acee8543567b08e7cf77533b038d924ad09acc9aa34cc8d78eec5e8703fac81382892b11', 151, 5, 'API Token', '[]', 0, '2022-03-16 22:40:54', '2022-03-16 22:40:54', '2023-03-17 04:10:54'),
('eeb72bf3ac70fbcb5c377ad97a3f12c60742252511a59b239b0faebeebae7ee7acbd202c487024d8', 12, 1, 'API Token', '[]', 0, '2021-12-17 07:02:28', '2021-12-17 07:02:28', '2022-12-17 12:32:28'),
('eed5b3b2a2883e6e5fa8912cab0f6ee452fd7b9dde17f3e35541b1455c19941a5f2367fffd50cfce', 274, 5, 'User Token', '[]', 0, '2022-06-21 14:02:10', '2022-06-21 14:02:10', '2023-06-21 14:02:10'),
('eee562d79d0f44862473c6672fb7080d0b5582cb666c898b6097a10d05e869008e5c4b7ce592a659', 166, 5, 'API Token', '[]', 0, '2022-03-22 05:19:51', '2022-03-22 05:19:51', '2023-03-22 10:49:51'),
('ef5a7210ea7cdc8f624494e8a6122bed7584f1f6c04e1be351155aa245165a3cb623ae4a64a2b8e5', 274, 5, 'User Token', '[]', 0, '2022-06-27 08:33:37', '2022-06-27 08:33:37', '2023-06-27 08:33:37'),
('f01f2b527a02a9bee4f5f2c06fd9c76922ed00ff7e0b108c54833bea3911ab113fd0d0a33b7f0b6a', 153, 5, 'API Token', '[]', 0, '2022-03-20 23:41:24', '2022-03-20 23:41:24', '2023-03-21 05:11:24'),
('f08e9009bd3549b5cbb8cbe533f5277b189fa5ba7d6106c4699e9e7bb772c8acf981d1b4472f6596', 165, 5, 'API Token', '[]', 0, '2022-03-22 05:16:44', '2022-03-22 05:16:44', '2023-03-22 10:46:44'),
('f0fa5a541755a363a1285c4462b7e80dbdde2b3c04b643dd942eae1ba96ff1643d31a9cc90614c86', 274, 5, 'User Token', '[]', 0, '2022-06-27 10:23:03', '2022-06-27 10:23:03', '2023-06-27 10:23:03'),
('f12b92ab41bf854197c358d273bc62c7e36d049840146cdcc0fe26f736c100dc7195c05354b699e0', 274, 5, 'User Token', '[]', 0, '2022-04-25 04:42:52', '2022-04-25 04:42:52', '2023-04-25 04:42:52'),
('f2971c31abfe6d22fd22ef9e6725491587b3f17d9efb51df89dac2fc980dc4541638f4d6f88baf22', 274, 5, 'User Token', '[]', 0, '2022-06-21 12:49:17', '2022-06-21 12:49:17', '2023-06-21 12:49:17'),
('f2c51f8f920b1a6b3a169fad3f1d5df975eba295a2f14f5d53d03076c20c2da7ed001e01b1fe2540', 287, 5, 'User Token', '[]', 0, '2022-05-26 13:31:15', '2022-05-26 13:31:15', '2023-05-26 13:31:15'),
('f401f4d28b1e72b2b1f68718bac8bc43ec9c44c378beab5930400bc9570109328a4e3ff78a81d46f', 165, 5, 'API Token', '[]', 0, '2022-03-22 23:14:55', '2022-03-22 23:14:55', '2023-03-23 04:44:55'),
('f4377853e437bf3b8a79282f11788c9551d65064add6e6dae1dda38e8725626a7b58ce1544aca051', 287, 5, 'User Token', '[]', 0, '2022-05-30 06:26:18', '2022-05-30 06:26:18', '2023-05-30 06:26:18'),
('f460d127b63a6144d7486d46fe16b24121981964665cd9bdbaccde5cea4dab943f863d005eef3bfa', 274, 5, 'User Token', '[]', 0, '2022-06-29 07:09:30', '2022-06-29 07:09:30', '2023-06-29 07:09:30'),
('f46dd9ee9cf9e1b68151ce9d9947f5c0adabf48f4e4e31e7a10c51704f663e93d1ec957fcf697472', 274, 5, 'User Token', '[]', 0, '2022-06-24 06:05:27', '2022-06-24 06:05:27', '2023-06-24 06:05:27'),
('f47b848b8d1a01a89083657ee1902ef3dae4ee0a8eb67cc099b4b6ecd0ffd0584ba47b50d512fb53', 287, 5, 'User Token', '[]', 0, '2022-06-02 12:51:52', '2022-06-02 12:51:52', '2023-06-02 12:51:52'),
('f47c90ad603455ec79e78fce88a506be66142ddf652b38fceaec00ba9e3a8036629f1ac28872ddc2', 274, 5, 'User Token', '[]', 0, '2022-06-14 11:11:38', '2022-06-14 11:11:38', '2023-06-14 11:11:38'),
('f4924ee0562292b30c298d2ecf67468f5629656b8eeccff8d44488902f7da5fa90cc6f1bf0fbb236', 151, 5, 'API Token', '[]', 0, '2022-03-15 03:40:36', '2022-03-15 03:40:36', '2023-03-15 09:10:36'),
('f4b0b30594ee470f6d37c86c02bda1f1a01f0987dd6a98389ca62543623f2bf420c6ef7e3f6061f5', 274, 5, 'User Token', '[]', 0, '2022-06-25 05:27:41', '2022-06-25 05:27:41', '2023-06-25 05:27:41'),
('f4b9d951aaf833d6ccd4d60023e5471463f4c09b92f469f7f4fe604884e1eb3aef327beb5384f00e', 287, 5, 'User Token', '[]', 0, '2022-05-30 06:25:47', '2022-05-30 06:25:47', '2023-05-30 06:25:47'),
('f62019f9584ec628bba243f598bf051c836a6b7ff8cd2e63abc9f82a2bccaa78c08db3e1f4658f98', 254, 5, 'User Token', '[]', 0, '2022-04-15 07:18:17', '2022-04-15 07:18:17', '2023-04-15 07:18:17'),
('f6eeab0c29933d6ddce0cc6f9209b13cd402231f8c0220e31c558ca4b31c7b821ad4ff6335e4e529', 311, 5, 'User Token', '[]', 0, '2022-06-15 05:57:31', '2022-06-15 05:57:31', '2023-06-15 05:57:31'),
('f7035e14632f7e59fa737e7ceedb2725b2ceacd24f7e4160f8af5e2a3878a0d2848454fb79e13461', 274, 5, 'User Token', '[]', 0, '2022-06-24 12:40:39', '2022-06-24 12:40:39', '2023-06-24 12:40:39'),
('f70e0e963fc5fd7b85e83a23093ce0cdaffcf2932b7214867105040f37750b62bddfd528d2dcca15', NULL, 5, 'User Token', '[]', 0, '2022-04-15 08:39:54', '2022-04-15 08:39:54', '2023-04-15 08:39:54'),
('f772bb91374ac63a38adff0ec8edcc9805c1cec713cbb3c90d83df2c3a9c8041aa074a63f3a7e49c', 274, 5, 'User Token', '[]', 0, '2022-06-13 09:44:34', '2022-06-13 09:44:34', '2023-06-13 09:44:34'),
('f82c170c4e8a30a13bdc91ab503fadc3baae77fb32edb9495b05c41f4d37773d77e527a7d711b2d6', 137, 5, 'API Token', '[]', 0, '2022-03-09 10:26:35', '2022-03-09 10:26:35', '2023-03-09 10:26:35'),
('f83257c437b3ea8c785b5aab2a734caeea8488822874d9a2ad38bb7dcecaaf5e9280b585fabf2dc7', 287, 5, 'User Token', '[]', 0, '2022-06-29 10:40:21', '2022-06-29 10:40:21', '2023-06-29 10:40:21'),
('f856d2f26a70c3339c40fa3eedbb04e8a0454bbd1afaba9a3e0e767496e37aaef1cc6d18b2303fa3', 319, 5, 'User Token', '[]', 0, '2022-06-27 11:07:27', '2022-06-27 11:07:27', '2023-06-27 11:07:27'),
('f86e434dc842f1d78d197fd9f2d5c4accdd08c5a5221e3b143f756a1af6b96b505496c8555629179', 14, 1, 'API Token', '[]', 0, '2021-12-20 05:31:49', '2021-12-20 05:31:49', '2022-12-20 11:01:49'),
('f8a9871d26814ea8da59109185a34675271aeb4fb98a2174743570e4862ea8cc1c9c842d3c854614', 254, 5, 'User Token', '[]', 0, '2022-04-30 22:49:47', '2022-04-30 22:49:47', '2023-04-30 22:49:47'),
('f93b4bbf0ecbf0c4efb8c3cce0772e38768c0bb9808ce87d8ae7a45b66fc0a365e6d53ea97963291', 274, 5, 'User Token', '[]', 0, '2022-06-24 04:24:14', '2022-06-24 04:24:14', '2023-06-24 04:24:14'),
('fa7f67495933fbcb2914d32d876b7fc58e45fac832585e4c56ed55f6d6dc795595b2a784316aa7a7', 335, 5, 'User Token', '[]', 0, '2022-07-01 06:39:15', '2022-07-01 06:39:15', '2023-07-01 06:39:15'),
('fb82d7933e17e9fc671486d67caacabb4537ebc9a55fbf1f15b1cb557143cbe40cf0a6bba2768718', 165, 5, 'API Token', '[]', 0, '2022-03-24 05:30:08', '2022-03-24 05:30:08', '2023-03-24 11:00:08'),
('fb87b611075104b2918b679a847b1b7f4aa029462830c4da383052457a300afe1574cf7088046166', 287, 5, 'User Token', '[]', 0, '2022-05-30 14:09:07', '2022-05-30 14:09:07', '2023-05-30 14:09:07'),
('fb9e90022bbd2ff8a94dcf9f7fc720e2d2b9103cdd5f2f03aa45ee396f907fb59ff4e8a3ca42ac96', 151, 5, 'API Token', '[]', 0, '2022-03-17 03:56:53', '2022-03-17 03:56:53', '2023-03-17 09:26:53'),
('fbc58a6a99f3defc50e965c1a64dc72347db96e2c121fa5e7abdbda034b8fdef31d1b502cf6c88c6', 287, 5, 'User Token', '[]', 0, '2022-06-02 12:19:14', '2022-06-02 12:19:14', '2023-06-02 12:19:14'),
('fbd75fed487ecf968427bac3ece3c873e2f515880818c16f0b59aae4b123d4c1cd46eb64ddd653e8', 287, 5, 'User Token', '[]', 0, '2022-06-09 12:56:13', '2022-06-09 12:56:13', '2023-06-09 12:56:13'),
('fc66905090d57842998f50cfcaf6202e8858f086afa35a1993698a6b2356571554fc8343165577cc', 287, 5, 'User Token', '[]', 0, '2022-06-08 05:38:58', '2022-06-08 05:38:58', '2023-06-08 05:38:58'),
('fd3e32985decac729597a62ab90e94e8cebf9dc66a0eb622ae4edfc3d9d6a17715e42b7df247c426', 274, 5, 'User Token', '[]', 0, '2022-06-21 02:35:17', '2022-06-21 02:35:17', '2023-06-21 02:35:17'),
('fd4a72a4831f694a6e465829326470e786ec622945b013fc234cd9124fc3cdd9d23a8919fedfb756', 236, 5, 'API Token', '[]', 0, '2022-04-15 05:51:31', '2022-04-15 05:51:31', '2023-04-15 05:51:31'),
('fe5e43088c2d8cce657b17e94da9ee8b72422f7605e73a2fac9b7b8162f817a69dd0da81b3ecd6b0', 287, 5, 'User Token', '[]', 0, '2022-05-30 14:09:10', '2022-05-30 14:09:10', '2023-05-30 14:09:10'),
('feea63dce5ecd007346fdfde25efe28ed4f171d3028609ccc729830cd22c505d7fafdd3bdacb8085', 298, 5, 'User Token', '[]', 0, '2022-06-13 09:56:48', '2022-06-13 09:56:48', '2023-06-13 09:56:48'),
('ff0e92ff974ca216c55d8c460e612b7b2e9befd4ae0c55b23965a56727053f382194e68621d6ff7b', 274, 5, 'User Token', '[]', 0, '2022-06-30 08:40:31', '2022-06-30 08:40:31', '2023-06-30 08:40:31');

-- --------------------------------------------------------

--
-- Table structure for table `oauth_auth_codes`
--

CREATE TABLE `oauth_auth_codes` (
  `id` varchar(100) COLLATE utf8mb4_unicode_ci NOT NULL,
  `user_id` bigint(20) UNSIGNED NOT NULL,
  `client_id` bigint(20) UNSIGNED NOT NULL,
  `scopes` text COLLATE utf8mb4_unicode_ci,
  `revoked` tinyint(1) NOT NULL,
  `expires_at` datetime DEFAULT NULL
) ENGINE=InnoDB DEFAULT CHARSET=utf8mb4 COLLATE=utf8mb4_unicode_ci;

-- --------------------------------------------------------

--
-- Table structure for table `oauth_clients`
--

CREATE TABLE `oauth_clients` (
  `id` bigint(20) UNSIGNED NOT NULL,
  `user_id` bigint(20) UNSIGNED DEFAULT NULL,
  `name` varchar(255) COLLATE utf8mb4_unicode_ci NOT NULL,
  `secret` varchar(100) COLLATE utf8mb4_unicode_ci DEFAULT NULL,
  `provider` varchar(255) COLLATE utf8mb4_unicode_ci DEFAULT NULL,
  `redirect` text COLLATE utf8mb4_unicode_ci NOT NULL,
  `personal_access_client` tinyint(1) NOT NULL,
  `password_client` tinyint(1) NOT NULL,
  `revoked` tinyint(1) NOT NULL,
  `created_at` timestamp NULL DEFAULT NULL,
  `updated_at` timestamp NULL DEFAULT NULL
) ENGINE=InnoDB DEFAULT CHARSET=utf8mb4 COLLATE=utf8mb4_unicode_ci;

--
-- Dumping data for table `oauth_clients`
--

INSERT INTO `oauth_clients` (`id`, `user_id`, `name`, `secret`, `provider`, `redirect`, `personal_access_client`, `password_client`, `revoked`, `created_at`, `updated_at`) VALUES
(1, NULL, 'Laravel Personal Access Client', 'an513ZDeol2Wv9N2QcjOaozEbFzhajBBFMlNJieI', NULL, 'http://localhost', 1, 0, 0, '2021-12-17 05:40:19', '2021-12-17 05:40:19'),
(2, NULL, 'Laravel Password Grant Client', 'p1htbjRwHky1P6Udu7M2VdmDZBV1Cz3vSvmPdOSO', 'users', 'http://localhost', 0, 1, 0, '2021-12-17 05:40:19', '2021-12-17 05:40:19'),
(3, NULL, 'Laravel Personal Access Client', '3nbO9WugVjjz5CeDcUdEgnJmAukZ9vFaNaGgffjB', NULL, 'http://localhost', 1, 0, 0, '2022-01-17 00:44:50', '2022-01-17 00:44:50'),
(4, NULL, 'Laravel Password Grant Client', 'SdpqGGBRCsYA9d11ggVoHTk6b49F6QDGM5oZ87Tl', 'users', 'http://localhost', 0, 1, 0, '2022-01-17 00:44:51', '2022-01-17 00:44:51'),
(5, NULL, 'Laravel Personal Access Client', '9zd0yFQbOsC7blqs89mt0OBUJpRPR0kwTKCXMufw', NULL, 'http://localhost', 1, 0, 0, '2022-01-17 01:28:11', '2022-01-17 01:28:11'),
(6, NULL, 'Laravel Password Grant Client', 'CODukRxbdYtghyp7Dvu9ABuw4n6xwY6MLJHVCN1i', 'users', 'http://localhost', 0, 1, 0, '2022-01-17 01:28:12', '2022-01-17 01:28:12');

-- --------------------------------------------------------

--
-- Table structure for table `oauth_personal_access_clients`
--

CREATE TABLE `oauth_personal_access_clients` (
  `id` bigint(20) UNSIGNED NOT NULL,
  `client_id` bigint(20) UNSIGNED NOT NULL,
  `created_at` timestamp NULL DEFAULT NULL,
  `updated_at` timestamp NULL DEFAULT NULL
) ENGINE=InnoDB DEFAULT CHARSET=utf8mb4 COLLATE=utf8mb4_unicode_ci;

--
-- Dumping data for table `oauth_personal_access_clients`
--

INSERT INTO `oauth_personal_access_clients` (`id`, `client_id`, `created_at`, `updated_at`) VALUES
(1, 1, '2021-12-17 05:40:19', '2021-12-17 05:40:19'),
(2, 3, '2022-01-17 00:44:51', '2022-01-17 00:44:51'),
(3, 5, '2022-01-17 01:28:12', '2022-01-17 01:28:12');

-- --------------------------------------------------------

--
-- Table structure for table `oauth_refresh_tokens`
--

CREATE TABLE `oauth_refresh_tokens` (
  `id` varchar(100) COLLATE utf8mb4_unicode_ci NOT NULL,
  `access_token_id` varchar(100) COLLATE utf8mb4_unicode_ci NOT NULL,
  `revoked` tinyint(1) NOT NULL,
  `expires_at` datetime DEFAULT NULL
) ENGINE=InnoDB DEFAULT CHARSET=utf8mb4 COLLATE=utf8mb4_unicode_ci;

-- --------------------------------------------------------

--
-- Table structure for table `pages`
--

CREATE TABLE `pages` (
  `id` bigint(20) UNSIGNED NOT NULL,
  `title` varchar(255) COLLATE utf8mb4_unicode_ci NOT NULL,
  `description` text COLLATE utf8mb4_unicode_ci NOT NULL,
  `metatitle` varchar(255) COLLATE utf8mb4_unicode_ci NOT NULL,
  `metadescription` varchar(255) COLLATE utf8mb4_unicode_ci NOT NULL,
  `keyword` varchar(255) COLLATE utf8mb4_unicode_ci NOT NULL,
  `slug` varchar(255) COLLATE utf8mb4_unicode_ci NOT NULL,
  `created_at` timestamp NULL DEFAULT NULL,
  `updated_at` timestamp NULL DEFAULT NULL
) ENGINE=InnoDB DEFAULT CHARSET=utf8mb4 COLLATE=utf8mb4_unicode_ci;

--
-- Dumping data for table `pages`
--

INSERT INTO `pages` (`id`, `title`, `description`, `metatitle`, `metadescription`, `keyword`, `slug`, `created_at`, `updated_at`) VALUES
(1, 'home', '<p>weeeeeeeeeee</p>', 'home', 'wewewewewewe', 'erw', 'home', '2022-02-25 00:01:57', '2022-02-25 00:01:57'),
(2, 'About Us', '<p><strong>Lorem Ipsum</strong>&nbsp;is simply dummy text of the printing and typesetting industry. Lorem Ipsum has been the industry&#39;s standard dummy text ever since the 1500s, when an unknown printer took a galley of type and scrambled it to make a type specimen book. It has survived not only five centuries, but also the leap into electronic typesetting, remaining essentially unchanged. It was popularised in the 1960s with the release of Letraset sheets containing Lorem Ipsum passages, and more recently with desktop publishing software like Aldus PageMaker including versions of Lorem Ipsum.</p>\r\n\r\n<h2>Why do we use it?</h2>\r\n\r\n<p>It is a long established fact that a reader will be distracted by the readable content of a page when looking at its layout. The point of using Lorem Ipsum is that it has a more-or-less normal distribution of letters, as opposed to using &#39;Content here, content here&#39;, making it look like readable English. Many desktop publishing packages and web page editors now use Lorem Ipsum as their default model text, and a search for &#39;lorem ipsum&#39; will uncover many web sites still in their infancy. Various versions have evolved over the years, sometimes by accident, sometimes on purpose (injected humour and the like).</p>\r\n\r\n<p>&nbsp;</p>\r\n\r\n<h2>Where does it come from?</h2>\r\n\r\n<p>Contrary to popular belief, Lorem Ipsum is not simply random text. It has roots in a piece of classical Latin literature from 45 BC, making it over 2000 years old. Richard McClintock, a Latin professor at Hampden-Sydney College in Virginia, looked up one of the more obscure Latin words, consectetur, from a Lorem Ipsum passage, and going through the cites of the word in classical literature, discovered the undoubtable source. Lorem Ipsum comes from sections 1.10.32 and 1.10.33 of &quot;de Finibus Bonorum et Malorum&quot; (The Extremes of Good and Evil) by Cicero, written in 45 BC. This book is a treatise on the theory of ethics, very popular during the Renaissance. The first line of Lorem Ipsum, &quot;Lorem ipsum dolor sit amet..&quot;, comes from a line in section 1.10.32.</p>\r\n\r\n<p>The standard chunk of Lorem Ipsum used since the 1500s is reproduced below for those interested. Sections 1.10.32 and 1.10.33 from &quot;de Finibus Bonorum et Malorum&quot; by Cicero are also reproduced in their exact original form, accompanied by English versions from the 1914 translation by H. Rackham.</p>', 'About Us', 'About Us', 'about-us', 'about-us', '2022-06-07 04:54:43', '2022-06-07 04:59:03'),
(3, 'Privacy Policy', '<p><strong>Lorem Ipsum</strong>&nbsp;is simply dummy text of the printing and typesetting industry. Lorem Ipsum has been the industry&#39;s standard dummy text ever since the 1500s, when an unknown printer took a galley of type and scrambled it to make a type specimen book. It has survived not only five centuries, but also the leap into electronic typesetting, remaining essentially unchanged. It was popularised in the 1960s with the release of Letraset sheets containing Lorem Ipsum passages, and more recently with desktop publishing software like Aldus PageMaker including versions of Lorem Ipsum.</p>\r\n\r\n<h2>Why do we use it?</h2>\r\n\r\n<p>It is a long established fact that a reader will be distracted by the readable content of a page when looking at its layout. The point of using Lorem Ipsum is that it has a more-or-less normal distribution of letters, as opposed to using &#39;Content here, content here&#39;, making it look like readable English. Many desktop publishing packages and web page editors now use Lorem Ipsum as their default model text, and a search for &#39;lorem ipsum&#39; will uncover many web sites still in their infancy. Various versions have evolved over the years, sometimes by accident, sometimes on purpose (injected humour and the like).</p>\r\n\r\n<p>&nbsp;</p>\r\n\r\n<h2>Where does it come from?</h2>\r\n\r\n<p>Contrary to popular belief, Lorem Ipsum is not simply random text. It has roots in a piece of classical Latin literature from 45 BC, making it over 2000 years old. Richard McClintock, a Latin professor at Hampden-Sydney College in Virginia, looked up one of the more obscure Latin words, consectetur, from a Lorem Ipsum passage, and going through the cites of the word in classical literature, discovered the undoubtable source. Lorem Ipsum comes from sections 1.10.32 and 1.10.33 of &quot;de Finibus Bonorum et Malorum&quot; (The Extremes of Good and Evil) by Cicero, written in 45 BC. This book is a treatise on the theory of ethics, very popular during the Renaissance. The first line of Lorem Ipsum, &quot;Lorem ipsum dolor sit amet..&quot;, comes from a line in section 1.10.32.</p>\r\n\r\n<p>The standard chunk of Lorem Ipsum used since the 1500s is reproduced below for those interested. Sections 1.10.32 and 1.10.33 from &quot;de Finibus Bonorum et Malorum&quot; by Cicero are also reproduced in their exact original form, accompanied by English versions from the 1914 translation by H. Rackham.</p>', 'Privacy Policy', 'Privacy Policy', 'privacy-policy', 'privacy-policy', '2022-06-07 04:59:38', '2022-06-07 04:59:38'),
(4, 'Terms & Conditions', '<p><strong>Lorem Ipsum</strong>&nbsp;is simply dummy text of the printing and typesetting industry. Lorem Ipsum has been the industry&#39;s standard dummy text ever since the 1500s, when an unknown printer took a galley of type and scrambled it to make a type specimen book. It has survived not only five centuries, but also the leap into electronic typesetting, remaining essentially unchanged. It was popularised in the 1960s with the release of Letraset sheets containing Lorem Ipsum passages, and more recently with desktop publishing software like Aldus PageMaker including versions of Lorem Ipsum.</p>\r\n\r\n<h2>Why do we use it?</h2>\r\n\r\n<p>It is a long established fact that a reader will be distracted by the readable content of a page when looking at its layout. The point of using Lorem Ipsum is that it has a more-or-less normal distribution of letters, as opposed to using &#39;Content here, content here&#39;, making it look like readable English. Many desktop publishing packages and web page editors now use Lorem Ipsum as their default model text, and a search for &#39;lorem ipsum&#39; will uncover many web sites still in their infancy. Various versions have evolved over the years, sometimes by accident, sometimes on purpose (injected humour and the like).</p>\r\n\r\n<p>&nbsp;</p>\r\n\r\n<h2>Where does it come from?</h2>\r\n\r\n<p>Contrary to popular belief, Lorem Ipsum is not simply random text. It has roots in a piece of classical Latin literature from 45 BC, making it over 2000 years old. Richard McClintock, a Latin professor at Hampden-Sydney College in Virginia, looked up one of the more obscure Latin words, consectetur, from a Lorem Ipsum passage, and going through the cites of the word in classical literature, discovered the undoubtable source. Lorem Ipsum comes from sections 1.10.32 and 1.10.33 of &quot;de Finibus Bonorum et Malorum&quot; (The Extremes of Good and Evil) by Cicero, written in 45 BC. This book is a treatise on the theory of ethics, very popular during the Renaissance. The first line of Lorem Ipsum, &quot;Lorem ipsum dolor sit amet..&quot;, comes from a line in section 1.10.32.</p>\r\n\r\n<p>The standard chunk of Lorem Ipsum used since the 1500s is reproduced below for those interested. Sections 1.10.32 and 1.10.33 from &quot;de Finibus Bonorum et Malorum&quot; by Cicero are also reproduced in their exact original form, accompanied by English versions from the 1914 translation by H. Rackham.</p>', 'Terms & Conditions', 'Terms & Conditions', 'Terms-Conditions', 'terms-conditions', '2022-06-07 05:09:10', '2022-06-07 05:09:10');

-- --------------------------------------------------------

--
-- Table structure for table `page_meta`
--

CREATE TABLE `page_meta` (
  `id` bigint(20) UNSIGNED NOT NULL,
  `page_id` varchar(255) COLLATE utf8mb4_unicode_ci NOT NULL,
  `key` varchar(255) COLLATE utf8mb4_unicode_ci NOT NULL,
  `value` longtext COLLATE utf8mb4_unicode_ci NOT NULL,
  `created_at` timestamp NULL DEFAULT NULL,
  `updated_at` timestamp NULL DEFAULT NULL
) ENGINE=InnoDB DEFAULT CHARSET=utf8mb4 COLLATE=utf8mb4_unicode_ci;

--
-- Dumping data for table `page_meta`
--

INSERT INTO `page_meta` (`id`, `page_id`, `key`, `value`, `created_at`, `updated_at`) VALUES
(11, '2', 'Pagemeta_title', 'title', '2022-01-06 03:12:37', '2022-01-06 03:37:22'),
(12, '2', 'Pagemeta_details', 'discript', '2022-01-06 03:12:37', '2022-01-06 03:37:22'),
(13, '1', 'Pagemeta_title', 'gf', '2022-01-06 03:29:44', '2022-01-06 03:32:27'),
(14, '1', 'Pagemeta_details', 'gf', '2022-01-06 03:29:44', '2022-01-06 03:32:27'),
(17, '1', 'new_product_url', 'asd', '2022-01-21 00:04:08', '2022-01-21 00:04:08'),
(18, '1', 'best_seller_url', 'cfdsfd', '2022-01-21 00:04:08', '2022-01-21 00:04:08');

-- --------------------------------------------------------

--
-- Table structure for table `password_resets`
--

CREATE TABLE `password_resets` (
  `email` varchar(255) COLLATE utf8mb4_unicode_ci NOT NULL,
  `token` varchar(255) COLLATE utf8mb4_unicode_ci NOT NULL,
  `created_at` timestamp NULL DEFAULT NULL
) ENGINE=InnoDB DEFAULT CHARSET=utf8mb4 COLLATE=utf8mb4_unicode_ci;

--
-- Dumping data for table `password_resets`
--

INSERT INTO `password_resets` (`email`, `token`, `created_at`) VALUES
('sk0623648@gmail.com', '$2y$10$TwL0/p/wm3ukvyPMpkZE8OtiHPQ.ON7myjKSdmgOw42lSKN2e3StW', '2022-02-28 04:38:59');

-- --------------------------------------------------------

--
-- Table structure for table `permissions`
--

CREATE TABLE `permissions` (
  `id` int(10) UNSIGNED NOT NULL,
  `title` varchar(255) COLLATE utf8mb4_unicode_ci DEFAULT NULL,
  `created_at` timestamp NULL DEFAULT NULL,
  `updated_at` timestamp NULL DEFAULT NULL
) ENGINE=InnoDB DEFAULT CHARSET=utf8mb4 COLLATE=utf8mb4_unicode_ci;

--
-- Dumping data for table `permissions`
--

INSERT INTO `permissions` (`id`, `title`, `created_at`, `updated_at`) VALUES
(1, 'permission_create', '2021-12-14 03:41:46', '2021-12-14 03:41:46'),
(2, 'permission_access', '2021-12-14 03:52:06', '2021-12-14 03:52:06'),
(3, 'permission_delete', '2021-12-14 04:14:21', '2021-12-14 04:25:19'),
(4, 'permission_show', '2021-12-14 04:16:17', '2021-12-14 04:16:17'),
(6, 'role_create', '2021-12-14 04:56:32', '2021-12-14 04:56:32'),
(7, 'role_access', '2021-12-14 04:56:55', '2021-12-14 04:56:55'),
(8, 'role_show', '2021-12-14 04:58:01', '2021-12-14 04:58:01'),
(9, 'role_delete', '2021-12-14 04:59:16', '2021-12-14 04:59:16'),
(14, 'user_create', '2021-12-18 01:48:52', '2021-12-18 01:48:52'),
(15, 'user_edit', '2021-12-18 01:50:10', '2021-12-18 01:50:10'),
(16, 'user_show', '2021-12-18 01:51:22', '2021-12-18 01:51:22'),
(17, 'user_delete', '2021-12-18 01:52:11', '2021-12-18 01:52:11'),
(18, 'user_access', '2021-12-18 01:54:55', '2021-12-18 01:54:55'),
(30, 'page_access', '2021-12-18 03:12:28', '2021-12-18 03:12:28'),
(31, 'page_add', '2021-12-18 03:12:48', '2021-12-18 03:12:48'),
(32, 'page_edit', '2021-12-18 03:13:13', '2021-12-18 03:13:13'),
(33, 'page_delete', '2021-12-18 03:13:37', '2021-12-18 03:13:37'),
(34, 'role_edit', '2021-12-18 03:21:34', '2021-12-18 03:21:34'),
(36, 'category_access', '2021-12-18 06:18:22', '2021-12-18 06:18:22'),
(37, 'category_create', '2021-12-18 06:19:11', '2021-12-18 06:19:11'),
(38, 'category_edit', '2021-12-18 06:19:40', '2021-12-18 06:19:40'),
(39, 'category_delete', '2021-12-18 06:20:08', '2021-12-18 06:20:08'),
(40, 'attribute_access', '2021-12-18 06:27:10', '2021-12-18 06:27:10'),
(41, 'attribute_create', '2021-12-18 06:35:27', '2021-12-18 06:35:27'),
(42, 'attribute_edit', '2021-12-18 06:35:51', '2021-12-18 06:35:51'),
(43, 'attribute_update', '2021-12-18 06:36:16', '2021-12-18 06:36:16'),
(44, 'attribute_delete', '2021-12-18 06:36:40', '2021-12-18 06:36:40'),
(45, 'report_access', '2021-12-18 06:41:26', '2021-12-18 06:41:26'),
(46, 'web_settings', '2021-12-18 07:03:10', '2021-12-18 07:03:10'),
(51, 'widgets_access', '2021-12-20 00:08:07', '2021-12-20 00:08:07'),
(52, 'reviews_access', '2021-12-20 01:22:28', '2021-12-20 01:22:28'),
(58, 'permission_edit', '2021-12-29 01:52:00', '2021-12-29 01:52:00'),
(59, 'vuser_access', '2021-12-29 01:59:48', '2021-12-29 01:59:48'),
(60, 'log_access', '2022-01-03 08:04:46', '2022-01-03 08:04:46'),
(64, 'vendor_settings', '2022-01-18 04:14:20', '2022-01-18 04:14:20'),
(65, 'general_setting', '2022-01-18 04:20:54', '2022-01-18 04:20:54'),
(66, 'menu_access', '2022-01-20 03:53:12', '2022-01-20 03:53:12');

-- --------------------------------------------------------

--
-- Table structure for table `permission_role`
--

CREATE TABLE `permission_role` (
  `role_id` int(10) UNSIGNED NOT NULL,
  `permission_id` int(10) UNSIGNED NOT NULL
) ENGINE=InnoDB DEFAULT CHARSET=utf8mb4 COLLATE=utf8mb4_unicode_ci;

--
-- Dumping data for table `permission_role`
--

INSERT INTO `permission_role` (`role_id`, `permission_id`) VALUES
(1, 1),
(1, 2),
(1, 3),
(1, 4),
(1, 6),
(1, 7),
(1, 8),
(1, 9),
(1, 13),
(1, 14),
(1, 15),
(1, 16),
(1, 17),
(1, 18),
(1, 19),
(1, 20),
(1, 21),
(1, 22),
(1, 23),
(1, 24),
(1, 25),
(1, 26),
(1, 27),
(1, 28),
(1, 29),
(1, 30),
(1, 31),
(1, 32),
(1, 33),
(1, 34),
(1, 35),
(1, 36),
(1, 37),
(1, 38),
(1, 39),
(1, 40),
(1, 41),
(1, 42),
(1, 43),
(1, 44),
(1, 45),
(1, 46),
(1, 47),
(1, 48),
(1, 49),
(1, 50),
(1, 51),
(3, 19),
(3, 20),
(3, 21),
(3, 22),
(3, 23),
(3, 28),
(3, 29),
(3, 45),
(3, 47),
(3, 48),
(3, 49),
(1, 52),
(1, 53),
(3, 52),
(3, 53),
(1, 54),
(1, 55),
(1, 56),
(1, 57),
(1, 1),
(1, 2),
(1, 3),
(1, 4),
(1, 6),
(1, 7),
(1, 8),
(1, 9),
(1, 13),
(1, 14),
(1, 15),
(1, 16),
(1, 17),
(1, 18),
(1, 19),
(1, 20),
(1, 21),
(1, 22),
(1, 23),
(1, 24),
(1, 25),
(1, 26),
(1, 27),
(1, 28),
(1, 29),
(1, 30),
(1, 31),
(1, 32),
(1, 33),
(1, 34),
(1, 35),
(1, 36),
(1, 37),
(1, 38),
(1, 39),
(1, 40),
(1, 41),
(1, 42),
(1, 43),
(1, 44),
(1, 45),
(1, 46),
(1, 47),
(1, 48),
(1, 49),
(1, 50),
(1, 51),
(3, 19),
(3, 20),
(3, 21),
(3, 22),
(3, 23),
(3, 28),
(3, 29),
(3, 45),
(3, 47),
(3, 48),
(3, 49),
(1, 52),
(1, 53),
(3, 52),
(3, 53),
(1, 54),
(1, 55),
(1, 56),
(1, 57),
(1, 58),
(3, 59),
(3, 35),
(1, 1),
(1, 2),
(1, 3),
(1, 4),
(1, 6),
(1, 7),
(1, 8),
(1, 9),
(1, 13),
(1, 14),
(1, 15),
(1, 16),
(1, 17),
(1, 18),
(1, 19),
(1, 20),
(1, 21),
(1, 22),
(1, 23),
(1, 24),
(1, 25),
(1, 26),
(1, 27),
(1, 28),
(1, 29),
(1, 30),
(1, 31),
(1, 32),
(1, 33),
(1, 34),
(1, 35),
(1, 36),
(1, 37),
(1, 38),
(1, 39),
(1, 40),
(1, 41),
(1, 42),
(1, 43),
(1, 44),
(1, 45),
(1, 46),
(1, 47),
(1, 48),
(1, 49),
(1, 50),
(1, 51),
(3, 19),
(3, 20),
(3, 21),
(3, 22),
(3, 23),
(3, 28),
(3, 29),
(3, 45),
(3, 47),
(3, 48),
(3, 49),
(1, 52),
(1, 53),
(3, 52),
(3, 53),
(1, 54),
(1, 55),
(1, 56),
(1, 57),
(1, 1),
(1, 2),
(1, 3),
(1, 4),
(1, 6),
(1, 7),
(1, 8),
(1, 9),
(1, 13),
(1, 14),
(1, 15),
(1, 16),
(1, 17),
(1, 18),
(1, 19),
(1, 20),
(1, 21),
(1, 22),
(1, 23),
(1, 24),
(1, 25),
(1, 26),
(1, 27),
(1, 28),
(1, 29),
(1, 30),
(1, 31),
(1, 32),
(1, 33),
(1, 34),
(1, 35),
(1, 36),
(1, 37),
(1, 38),
(1, 39),
(1, 40),
(1, 41),
(1, 42),
(1, 43),
(1, 44),
(1, 45),
(1, 46),
(1, 47),
(1, 48),
(1, 49),
(1, 50),
(1, 51),
(3, 19),
(3, 20),
(3, 21),
(3, 22),
(3, 23),
(3, 28),
(3, 29),
(3, 45),
(3, 47),
(3, 48),
(3, 49),
(1, 52),
(1, 53),
(3, 52),
(3, 53),
(1, 54),
(1, 55),
(1, 56),
(1, 57),
(1, 58),
(3, 59),
(1, 60),
(1, 1),
(1, 2),
(1, 3),
(1, 4),
(1, 6),
(1, 7),
(1, 8),
(1, 9),
(1, 13),
(1, 14),
(1, 15),
(1, 16),
(1, 17),
(1, 18),
(1, 19),
(1, 20),
(1, 21),
(1, 22),
(1, 23),
(1, 24),
(1, 25),
(1, 26),
(1, 27),
(1, 28),
(1, 29),
(1, 30),
(1, 31),
(1, 32),
(1, 33),
(1, 34),
(1, 35),
(1, 36),
(1, 37),
(1, 38),
(1, 39),
(1, 40),
(1, 41),
(1, 42),
(1, 43),
(1, 44),
(1, 45),
(1, 46),
(1, 47),
(1, 48),
(1, 49),
(1, 50),
(1, 51),
(3, 19),
(3, 20),
(3, 21),
(3, 22),
(3, 23),
(3, 28),
(3, 29),
(3, 45),
(3, 47),
(3, 48),
(3, 49),
(1, 52),
(1, 53),
(3, 52),
(3, 53),
(1, 54),
(1, 55),
(1, 56),
(1, 57),
(1, 1),
(1, 2),
(1, 3),
(1, 4),
(1, 6),
(1, 7),
(1, 8),
(1, 9),
(1, 13),
(1, 14),
(1, 15),
(1, 16),
(1, 17),
(1, 18),
(1, 19),
(1, 20),
(1, 21),
(1, 22),
(1, 23),
(1, 24),
(1, 25),
(1, 26),
(1, 27),
(1, 28),
(1, 29),
(1, 30),
(1, 31),
(1, 32),
(1, 33),
(1, 34),
(1, 35),
(1, 36),
(1, 37),
(1, 38),
(1, 39),
(1, 40),
(1, 41),
(1, 42),
(1, 43),
(1, 44),
(1, 45),
(1, 46),
(1, 47),
(1, 48),
(1, 49),
(1, 50),
(1, 51),
(3, 19),
(3, 20),
(3, 21),
(3, 22),
(3, 23),
(3, 28),
(3, 29),
(3, 45),
(3, 47),
(3, 48),
(3, 49),
(1, 52),
(1, 53),
(3, 52),
(3, 53),
(1, 54),
(1, 55),
(1, 56),
(1, 57),
(1, 58),
(3, 59),
(1, 60),
(1, 61),
(1, 62),
(1, 63),
(3, 64),
(1, 65),
(1, 66),
(1, 67),
(6, 2),
(8, 1);

-- --------------------------------------------------------

--
-- Table structure for table `plan_payments`
--

CREATE TABLE `plan_payments` (
  `id` bigint(20) UNSIGNED NOT NULL,
  `user_id` int(11) DEFAULT NULL,
  `subscription_id` int(11) NOT NULL,
  `payment_id` varchar(255) COLLATE utf8mb4_unicode_ci NOT NULL,
  `status` varchar(255) COLLATE utf8mb4_unicode_ci NOT NULL,
  `amount` varchar(255) COLLATE utf8mb4_unicode_ci NOT NULL,
  `trans_id` varchar(255) COLLATE utf8mb4_unicode_ci NOT NULL,
  `balance_transaction` varchar(255) COLLATE utf8mb4_unicode_ci NOT NULL,
  `charge_id` varchar(255) COLLATE utf8mb4_unicode_ci NOT NULL,
  `created_at` timestamp NULL DEFAULT NULL,
  `updated_at` timestamp NULL DEFAULT NULL
) ENGINE=InnoDB DEFAULT CHARSET=utf8mb4 COLLATE=utf8mb4_unicode_ci;

--
-- Dumping data for table `plan_payments`
--

INSERT INTO `plan_payments` (`id`, `user_id`, `subscription_id`, `payment_id`, `status`, `amount`, `trans_id`, `balance_transaction`, `charge_id`, `created_at`, `updated_at`) VALUES
(1, 165, 11, 'pi_3KlCn6ItQT8ZzyO10HWZrNaw', 'succeeded', '99', 'pi_3KlCn6ItQT8ZzyO10HWZrNaw', 'txn_3KlCn6ItQT8ZzyO10Iar2VJD', 'ch_3KlCn6ItQT8ZzyO10Knj5aGO', NULL, NULL),
(2, 165, 11, 'pi_3KlCpAItQT8ZzyO10grOBzkV', 'succeeded', '99', 'pi_3KlCpAItQT8ZzyO10grOBzkV', 'txn_3KlCpAItQT8ZzyO10sdN7QQZ', 'ch_3KlCpAItQT8ZzyO10P4zYvIY', NULL, NULL),
(3, 165, 11, 'pi_3KlCq0ItQT8ZzyO10hi6qVym', 'succeeded', '99', 'pi_3KlCq0ItQT8ZzyO10hi6qVym', 'txn_3KlCq0ItQT8ZzyO10SejnjI8', 'ch_3KlCq0ItQT8ZzyO10uWqojFk', NULL, NULL),
(4, 165, 11, 'pi_3KlCqsItQT8ZzyO12lf77NeH', 'succeeded', '99', 'pi_3KlCqsItQT8ZzyO12lf77NeH', 'txn_3KlCqsItQT8ZzyO12PyXDIO5', 'ch_3KlCqsItQT8ZzyO12Q8kmFty', NULL, NULL),
(5, 165, 11, 'pi_3KlCsEItQT8ZzyO12s5HzyVD', 'succeeded', '99', 'pi_3KlCsEItQT8ZzyO12s5HzyVD', 'txn_3KlCsEItQT8ZzyO128qz8NGN', 'ch_3KlCsEItQT8ZzyO12A7CPVE5', NULL, NULL),
(6, 165, 11, 'pi_3KlCspItQT8ZzyO11ukesaFA', 'succeeded', '99', 'pi_3KlCspItQT8ZzyO11ukesaFA', 'txn_3KlCspItQT8ZzyO113jfmKg0', 'ch_3KlCspItQT8ZzyO11jwVJqAq', NULL, NULL),
(7, 165, 11, 'pi_3KlCtPItQT8ZzyO10K0QCKf1', 'succeeded', '99', 'pi_3KlCtPItQT8ZzyO10K0QCKf1', 'txn_3KlCtPItQT8ZzyO10T0BnNIH', 'ch_3KlCtPItQT8ZzyO10V8PG8OU', NULL, NULL),
(8, 165, 11, 'pi_3KlCuuItQT8ZzyO12PaiKtEh', 'succeeded', '99', 'pi_3KlCuuItQT8ZzyO12PaiKtEh', 'txn_3KlCuuItQT8ZzyO12B4DrOVM', 'ch_3KlCuuItQT8ZzyO12DJ5kn4Z', NULL, NULL),
(9, 165, 11, 'pi_3KlCxwItQT8ZzyO12KtXJG5X', 'succeeded', '99', 'pi_3KlCxwItQT8ZzyO12KtXJG5X', 'txn_3KlCxwItQT8ZzyO12MLsyt3w', 'ch_3KlCxwItQT8ZzyO12MU0gtEM', NULL, NULL),
(10, 165, 11, 'pi_3KlCzKItQT8ZzyO10f1gccQJ', 'succeeded', '99', 'pi_3KlCzKItQT8ZzyO10f1gccQJ', 'txn_3KlCzKItQT8ZzyO10bXgjkaw', 'ch_3KlCzKItQT8ZzyO10x0lTzSN', NULL, NULL),
(11, 165, 11, 'pi_3KlD1DItQT8ZzyO12VhgkxbL', 'succeeded', '99', 'pi_3KlD1DItQT8ZzyO12VhgkxbL', 'txn_3KlD1DItQT8ZzyO12Js1IXUP', 'ch_3KlD1DItQT8ZzyO12wOrF3aD', NULL, NULL),
(12, 165, 11, 'pi_3KlD2BItQT8ZzyO10nFK9reD', 'succeeded', '99', 'pi_3KlD2BItQT8ZzyO10nFK9reD', 'txn_3KlD2BItQT8ZzyO10etlGPxs', 'ch_3KlD2BItQT8ZzyO10iescVow', NULL, NULL),
(13, 165, 11, 'pi_3KlQDXItQT8ZzyO116DXbh8y', 'succeeded', '99', 'pi_3KlQDXItQT8ZzyO116DXbh8y', 'txn_3KlQDXItQT8ZzyO117A533Rh', 'ch_3KlQDXItQT8ZzyO11GqXI37H', NULL, NULL),
(14, 165, 11, 'pi_3KlQHeItQT8ZzyO12SF8nVE5', 'succeeded', '99', 'pi_3KlQHeItQT8ZzyO12SF8nVE5', 'txn_3KlQHeItQT8ZzyO12y9qA3EL', 'ch_3KlQHeItQT8ZzyO12c5gc33Z', NULL, NULL),
(15, 165, 11, 'pi_3KlQIiItQT8ZzyO11NGLngl0', 'succeeded', '99', 'pi_3KlQIiItQT8ZzyO11NGLngl0', 'txn_3KlQIiItQT8ZzyO11DizgGtI', 'ch_3KlQIiItQT8ZzyO11Nn1YpWN', NULL, NULL),
(16, 165, 11, 'pi_3KlQLaItQT8ZzyO10fvOoKT5', 'succeeded', '99', 'pi_3KlQLaItQT8ZzyO10fvOoKT5', 'txn_3KlQLaItQT8ZzyO10v9tGNGl', 'ch_3KlQLaItQT8ZzyO10mps8KqI', NULL, NULL),
(17, 165, 11, 'pi_3KlQQDItQT8ZzyO11yyuGbfU', 'succeeded', '99', 'pi_3KlQQDItQT8ZzyO11yyuGbfU', 'txn_3KlQQDItQT8ZzyO11u1CRRDY', 'ch_3KlQQDItQT8ZzyO11sO7glHF', NULL, NULL),
(18, 165, 11, 'pi_3KlQVEItQT8ZzyO12tGhZFYQ', 'succeeded', '99', 'pi_3KlQVEItQT8ZzyO12tGhZFYQ', 'txn_3KlQVEItQT8ZzyO124lDdZwD', 'ch_3KlQVEItQT8ZzyO12nqMoMee', NULL, NULL),
(19, 165, 11, 'pi_3KlQX5ItQT8ZzyO10ZAHHsqX', 'succeeded', '99', 'pi_3KlQX5ItQT8ZzyO10ZAHHsqX', 'txn_3KlQX5ItQT8ZzyO10GT85Jjn', 'ch_3KlQX5ItQT8ZzyO10RkQ5aT7', NULL, NULL),
(20, 165, 11, 'pi_3KlQZuItQT8ZzyO10sug0ZTn', 'succeeded', '99', 'pi_3KlQZuItQT8ZzyO10sug0ZTn', 'txn_3KlQZuItQT8ZzyO10YwfizJj', 'ch_3KlQZuItQT8ZzyO10lvl512F', NULL, NULL),
(21, 165, 11, 'pi_3KlQd6ItQT8ZzyO11RpfcKJP', 'succeeded', '99', 'pi_3KlQd6ItQT8ZzyO11RpfcKJP', 'txn_3KlQd6ItQT8ZzyO11LIUZiUq', 'ch_3KlQd6ItQT8ZzyO11Bypdi65', NULL, NULL),
(22, 165, 11, 'pi_3KlQdtItQT8ZzyO12So8aaQW', 'succeeded', '99', 'pi_3KlQdtItQT8ZzyO12So8aaQW', 'txn_3KlQdtItQT8ZzyO12Vvb4IfI', 'ch_3KlQdtItQT8ZzyO12LZCCemc', NULL, NULL),
(23, 165, 11, 'pi_3KlQe9ItQT8ZzyO11tk2W9t8', 'succeeded', '99', 'pi_3KlQe9ItQT8ZzyO11tk2W9t8', 'txn_3KlQe9ItQT8ZzyO11p9XsBPI', 'ch_3KlQe9ItQT8ZzyO11t9qqoa2', NULL, NULL),
(24, 165, 11, 'pi_3KlQeiItQT8ZzyO100z4daM8', 'succeeded', '99', 'pi_3KlQeiItQT8ZzyO100z4daM8', 'txn_3KlQeiItQT8ZzyO10uIMqnE9', 'ch_3KlQeiItQT8ZzyO10ouB6XQo', NULL, NULL),
(25, 165, 11, 'pi_3KlQfbItQT8ZzyO11WLefyNY', 'succeeded', '99', 'pi_3KlQfbItQT8ZzyO11WLefyNY', 'txn_3KlQfbItQT8ZzyO11iw7qrCD', 'ch_3KlQfbItQT8ZzyO11WJJuEh2', NULL, NULL),
(26, 165, 11, 'pi_3KlQh2ItQT8ZzyO10KPNthDg', 'succeeded', '99', 'pi_3KlQh2ItQT8ZzyO10KPNthDg', 'txn_3KlQh2ItQT8ZzyO10kFCE6yq', 'ch_3KlQh2ItQT8ZzyO10GLYe3fb', NULL, NULL),
(27, 165, 11, 'pi_3KlQjDItQT8ZzyO12yI5p3Dy', 'succeeded', '99', 'pi_3KlQjDItQT8ZzyO12yI5p3Dy', 'txn_3KlQjDItQT8ZzyO12CgReJ0Y', 'ch_3KlQjDItQT8ZzyO12Ej53EDB', NULL, NULL),
(28, 165, 11, 'pi_3KlQjdItQT8ZzyO10uOqPgYk', 'succeeded', '99', 'pi_3KlQjdItQT8ZzyO10uOqPgYk', 'txn_3KlQjdItQT8ZzyO10jTY6SAB', 'ch_3KlQjdItQT8ZzyO10mNejzUl', NULL, NULL),
(29, 165, 11, 'pi_3KlQjqItQT8ZzyO11wtj3hLF', 'succeeded', '99', 'pi_3KlQjqItQT8ZzyO11wtj3hLF', 'txn_3KlQjqItQT8ZzyO11uyLDmE0', 'ch_3KlQjqItQT8ZzyO11iEaeyO4', NULL, NULL),
(30, 165, 11, 'pi_3KlQlEItQT8ZzyO11TiwJhov', 'succeeded', '99', 'pi_3KlQlEItQT8ZzyO11TiwJhov', 'txn_3KlQlEItQT8ZzyO11O1wmopt', 'ch_3KlQlEItQT8ZzyO11T5TjsqC', NULL, NULL),
(31, 165, 11, 'pi_3KlQlsItQT8ZzyO12CpplnEl', 'succeeded', '99', 'pi_3KlQlsItQT8ZzyO12CpplnEl', 'txn_3KlQlsItQT8ZzyO12HGHOcJz', 'ch_3KlQlsItQT8ZzyO12Om9la1I', NULL, NULL),
(32, 165, 11, 'pi_3KlQmmItQT8ZzyO11IhfhbKu', 'succeeded', '99', 'pi_3KlQmmItQT8ZzyO11IhfhbKu', 'txn_3KlQmmItQT8ZzyO11i1t3yOw', 'ch_3KlQmmItQT8ZzyO11DA11ucr', NULL, NULL),
(33, 165, 11, 'pi_3KlQt4ItQT8ZzyO10XlevZKf', 'succeeded', '99', 'pi_3KlQt4ItQT8ZzyO10XlevZKf', 'txn_3KlQt4ItQT8ZzyO10V09Q0wZ', 'ch_3KlQt4ItQT8ZzyO10Gtt4Yo2', NULL, NULL),
(34, 165, 11, 'pi_3KlQwZItQT8ZzyO11g47yVUH', 'succeeded', '99', 'pi_3KlQwZItQT8ZzyO11g47yVUH', 'txn_3KlQwZItQT8ZzyO11D6ySU1O', 'ch_3KlQwZItQT8ZzyO11o9GSRYn', NULL, NULL),
(35, 169, 11, 'pi_3KlRv2ItQT8ZzyO11miKXKVh', 'succeeded', '99', 'pi_3KlRv2ItQT8ZzyO11miKXKVh', 'txn_3KlRv2ItQT8ZzyO11LHdl4gB', 'ch_3KlRv2ItQT8ZzyO11TVvxkL2', NULL, NULL),
(36, 169, 11, 'pi_3KlRxTItQT8ZzyO10wY3c42R', 'succeeded', '99', 'pi_3KlRxTItQT8ZzyO10wY3c42R', 'txn_3KlRxTItQT8ZzyO10HiJXx6j', 'ch_3KlRxTItQT8ZzyO10bSLYBS1', NULL, NULL),
(37, 169, 11, 'pi_3KlV09ItQT8ZzyO12DqcGaQq', 'succeeded', '99', 'pi_3KlV09ItQT8ZzyO12DqcGaQq', 'txn_3KlV09ItQT8ZzyO12WDI98mQ', 'ch_3KlV09ItQT8ZzyO12YMxnFXa', NULL, NULL),
(38, 169, 11, 'pi_3KlV9XItQT8ZzyO12Au9Atfe', 'succeeded', '99', 'pi_3KlV9XItQT8ZzyO12Au9Atfe', 'txn_3KlV9XItQT8ZzyO120UDEmjw', 'ch_3KlV9XItQT8ZzyO12PqammFd', NULL, NULL),
(39, 290, 11, 'pi_3L42N7ItQT8ZzyO11Ozjb6hg', 'succeeded', '99', 'pi_3L42N7ItQT8ZzyO11Ozjb6hg', 'txn_3L42N7ItQT8ZzyO11TN6u4j2', 'ch_3L42N7ItQT8ZzyO11Q1tzSRO', NULL, NULL),
(40, 287, 11, 'pi_3L42P2ItQT8ZzyO10kLLqQrj', 'succeeded', '99', 'pi_3L42P2ItQT8ZzyO10kLLqQrj', 'txn_3L42P2ItQT8ZzyO10WRT35LN', 'ch_3L42P2ItQT8ZzyO10yZgoNzo', NULL, NULL);

-- --------------------------------------------------------

--
-- Table structure for table `roles`
--

CREATE TABLE `roles` (
  `id` bigint(20) UNSIGNED NOT NULL,
  `title` varchar(255) COLLATE utf8mb4_unicode_ci NOT NULL,
  `created_at` timestamp NULL DEFAULT NULL,
  `updated_at` timestamp NULL DEFAULT NULL
) ENGINE=InnoDB DEFAULT CHARSET=utf8mb4 COLLATE=utf8mb4_unicode_ci;

--
-- Dumping data for table `roles`
--

INSERT INTO `roles` (`id`, `title`, `created_at`, `updated_at`) VALUES
(1, 'Admin', '2021-12-14 05:13:36', '2021-12-14 06:35:47'),
(4, 'User', '2021-12-14 06:42:00', '2021-12-14 06:42:00');

-- --------------------------------------------------------

--
-- Table structure for table `role_user`
--

CREATE TABLE `role_user` (
  `user_id` int(10) UNSIGNED NOT NULL,
  `role_id` int(10) UNSIGNED NOT NULL
) ENGINE=InnoDB DEFAULT CHARSET=utf8mb4 COLLATE=utf8mb4_unicode_ci;

--
-- Dumping data for table `role_user`
--

INSERT INTO `role_user` (`user_id`, `role_id`) VALUES
(4, 4),
(1, 1),
(2, 3),
(10, 2),
(11, 2),
(13, 3),
(12, 3),
(15, 3),
(17, 3),
(19, 4),
(21, 4),
(23, 4),
(26, 4),
(27, 3),
(29, 3),
(30, 3),
(32, 3),
(33, 3),
(34, 3),
(35, 3),
(39, 3),
(41, 3),
(42, 3),
(43, 3),
(45, 3),
(46, 3),
(47, 3),
(48, 3),
(49, 3),
(52, 3),
(54, 3),
(64, 3),
(65, 4),
(66, 4),
(67, 3),
(68, 3),
(69, 3),
(70, 3),
(71, 3),
(72, 3),
(73, 3),
(74, 3),
(75, 3),
(76, 3),
(77, 3),
(78, 3),
(79, 3),
(80, 3),
(81, 3),
(83, 3),
(84, 3),
(88, 1),
(89, 1),
(95, 3),
(104, 4),
(105, 1),
(112, 4),
(113, 4),
(163, 4),
(164, 4),
(165, 4),
(166, 4),
(168, 4),
(169, 4),
(170, 4),
(171, 4),
(172, 4),
(173, 4),
(175, 4),
(196, 4),
(197, 4),
(198, 4),
(199, 4),
(200, 4),
(201, 4),
(202, 4),
(204, 4),
(205, 4),
(206, 4),
(207, 4),
(208, 4),
(209, 4),
(211, 4),
(212, 4),
(213, 4),
(214, 4),
(215, 4),
(216, 4),
(217, 4),
(218, 4),
(219, 4),
(220, 4),
(222, 4),
(223, 4),
(224, 4),
(225, 4),
(226, 4),
(227, 4),
(228, 4),
(232, 4),
(233, 4),
(234, 4),
(236, 4),
(237, 4),
(238, 4),
(239, 4),
(240, 4),
(241, 4),
(242, 4),
(243, 4),
(244, 4),
(245, 4),
(246, 4),
(247, 4),
(248, 4),
(249, 4),
(250, 4),
(251, 4),
(252, 4),
(253, 4),
(254, 4),
(255, 4),
(256, 4),
(257, 4),
(258, 4),
(259, 4),
(260, 4),
(261, 4),
(262, 4),
(263, 4),
(264, 4),
(265, 4),
(266, 4),
(267, 4),
(268, 4),
(269, 4),
(270, 4),
(271, 4),
(272, 4),
(273, 4),
(274, 4),
(275, 4),
(276, 4),
(278, 4),
(280, 4),
(281, 4),
(283, 4),
(284, 4),
(285, 4),
(286, 4),
(287, 4),
(288, 4),
(289, 4),
(290, 4),
(291, 4),
(292, 4),
(293, 4),
(294, 4),
(295, 4),
(296, 4),
(297, 4),
(298, 4),
(299, 4),
(300, 4),
(301, 4),
(302, 4),
(303, 4),
(304, 4),
(305, 4),
(306, 4),
(307, 4),
(308, 4),
(309, 4),
(310, 4),
(311, 4),
(312, 4),
(313, 4),
(314, 4),
(315, 4),
(316, 4),
(317, 4),
(318, 4),
(319, 4),
(320, 4),
(321, 4),
(322, 4),
(323, 4),
(324, 4),
(325, 4),
(326, 4),
(327, 4),
(328, 4),
(329, 4),
(330, 4),
(331, 4),
(332, 4),
(333, 4),
(334, 4),
(335, 4);

-- --------------------------------------------------------

--
-- Table structure for table `settings`
--

CREATE TABLE `settings` (
  `id` bigint(20) UNSIGNED NOT NULL,
  `option` varchar(255) COLLATE utf8mb4_unicode_ci DEFAULT NULL,
  `name` varchar(255) COLLATE utf8mb4_unicode_ci NOT NULL,
  `value` longtext COLLATE utf8mb4_unicode_ci NOT NULL,
  `created_at` timestamp NULL DEFAULT NULL,
  `updated_at` timestamp NULL DEFAULT NULL
) ENGINE=InnoDB DEFAULT CHARSET=utf8mb4 COLLATE=utf8mb4_unicode_ci;

--
-- Dumping data for table `settings`
--

INSERT INTO `settings` (`id`, `option`, `name`, `value`, `created_at`, `updated_at`) VALUES
(49, NULL, 'Business Name', 'lifetrack', '2021-12-29 06:46:14', '2021-12-29 06:46:14'),
(50, NULL, 'Business Name', 'India', '2021-12-29 06:46:14', '2021-12-29 06:46:14'),
(51, NULL, 'State', 'rajasthn', '2021-12-29 06:46:14', '2021-12-29 06:46:14'),
(52, NULL, 'City', 'jaipur', '2021-12-29 06:46:14', '2021-12-29 06:46:14'),
(53, NULL, 'Address', 'jaipur, rajasthan,india', '2021-12-29 06:46:14', '2021-12-29 06:46:14'),
(54, NULL, 'Postcode', '302022', '2021-12-29 06:46:14', '2021-12-29 06:46:14'),
(55, NULL, 'Helpline Number', '25635', '2021-12-29 06:46:14', '2021-12-29 06:46:14'),
(56, NULL, 'Email', 'ewt1211@gmail.com', '2021-12-29 06:46:14', '2021-12-29 06:46:14'),
(57, NULL, 'PAN Number', '788546956856', '2021-12-29 06:46:14', '2021-12-29 06:46:14'),
(58, NULL, 'CIN Number', '123456', '2021-12-29 06:46:14', '2021-12-29 06:46:14'),
(59, NULL, 'GSTIN Number', '123456', '2021-12-29 06:46:14', '2021-12-29 06:46:14'),
(60, NULL, 'Business logo', 'logo\\61cc518ec6a31wasillogo.png', '2021-12-29 06:46:14', '2021-12-29 06:46:14'),
(61, NULL, 'Site Url', 'https://lifetrack.com/', '2021-12-29 06:46:14', '2021-12-29 06:46:14'),
(62, NULL, 'Official Hour', '24x7', '2021-12-29 06:46:14', '2021-12-29 06:46:14'),
(63, NULL, 'Mail Info', '{\"host\":\"435\",\"port\":\"4534\",\"encrypt\":\"ssl\",\"name\":\"waasil\",\"email\":\"gunjan.manghnani@expertwebtechnologies.com\",\"password\":\"12345678\"}', '2021-12-29 06:46:14', '2021-12-29 06:46:14'),
(64, NULL, 'vendor_approval', '0', '2022-01-12 01:15:39', '2022-01-12 03:10:58'),
(65, NULL, 'product_approval', '0', '2022-01-12 01:35:24', '2022-01-12 03:38:38'),
(66, NULL, 'min_withdrwal_limit', '500', '2022-01-12 01:39:38', '2022-01-12 01:58:36'),
(67, NULL, 'max_withdrwal_limit', '5000', '2022-01-12 01:58:36', '2022-01-12 01:58:36'),
(68, NULL, 'withdrwal_hold', '14', '2022-01-12 01:58:36', '2022-01-12 01:59:09'),
(69, NULL, 'withdrwal_threshould', '3days', '2022-01-12 03:38:38', '2022-01-12 03:38:38');

-- --------------------------------------------------------

--
-- Table structure for table `subscriptions`
--

CREATE TABLE `subscriptions` (
  `id` bigint(20) UNSIGNED NOT NULL,
  `user_id` int(10) UNSIGNED NOT NULL,
  `user_name` varchar(255) COLLATE utf8mb4_unicode_ci NOT NULL,
  `user_role` varchar(225) COLLATE utf8mb4_unicode_ci NOT NULL,
  `addfriends` varchar(255) COLLATE utf8mb4_unicode_ci NOT NULL,
  `creategroup` varchar(255) COLLATE utf8mb4_unicode_ci NOT NULL,
  `subscriptions_type` varchar(255) COLLATE utf8mb4_unicode_ci NOT NULL,
  `name` varchar(225) COLLATE utf8mb4_unicode_ci NOT NULL,
  `price` varchar(225) COLLATE utf8mb4_unicode_ci NOT NULL,
  `created_at` timestamp NULL DEFAULT NULL,
  `updated_at` timestamp NULL DEFAULT NULL
) ENGINE=InnoDB DEFAULT CHARSET=utf8mb4 COLLATE=utf8mb4_unicode_ci;

--
-- Dumping data for table `subscriptions`
--

INSERT INTO `subscriptions` (`id`, `user_id`, `user_name`, `user_role`, `addfriends`, `creategroup`, `subscriptions_type`, `name`, `price`, `created_at`, `updated_at`) VALUES
(11, 1, 'admin', 'Admin', 'yes', 'yes', 'paid', 'Monthly', '3.99', '2022-03-03 00:27:35', '2022-06-15 10:59:58');

-- --------------------------------------------------------

--
-- Table structure for table `tags`
--

CREATE TABLE `tags` (
  `id` bigint(20) UNSIGNED NOT NULL,
  `user_id` bigint(20) UNSIGNED NOT NULL,
  `tag_id` bigint(20) UNSIGNED NOT NULL,
  `date` date DEFAULT NULL,
  `budgeted_start_time` time DEFAULT NULL,
  `budget_end_time` time DEFAULT NULL,
  `actual_start_time` time NOT NULL,
  `actual_end_time` time NOT NULL,
  `status` tinyint(1) NOT NULL DEFAULT '0',
  `created_at` timestamp NULL DEFAULT CURRENT_TIMESTAMP,
  `updated_at` timestamp NULL DEFAULT CURRENT_TIMESTAMP
) ENGINE=InnoDB DEFAULT CHARSET=utf8mb4 COLLATE=utf8mb4_unicode_ci;

--
-- Dumping data for table `tags`
--

INSERT INTO `tags` (`id`, `user_id`, `tag_id`, `date`, `budgeted_start_time`, `budget_end_time`, `actual_start_time`, `actual_end_time`, `status`, `created_at`, `updated_at`) VALUES
(5, 287, 1, '2022-05-27', '07:00:00', '08:00:00', '07:10:00', '08:00:00', 1, '2022-05-27 11:51:14', '2022-06-28 08:51:08'),
(6, 281, 3, '2022-05-28', '04:00:00', '05:00:00', '04:00:00', '05:00:00', 1, '2022-05-28 18:29:09', '2022-06-28 08:49:49'),
(10, 281, 3, '2022-05-29', '04:00:00', '05:00:00', '04:00:00', '05:00:00', 0, '2022-05-29 06:59:33', '2022-05-29 06:59:33'),
(11, 281, 3, '2022-05-29', '04:00:00', '05:30:00', '04:00:00', '05:30:00', 0, '2022-05-29 06:59:33', '2022-05-29 06:59:33'),
(12, 287, 1, '2022-05-30', '07:00:00', '08:00:00', '07:00:00', '08:00:00', 0, '2022-05-30 06:25:49', '2022-05-30 06:25:49'),
(75, 274, 6, '2022-05-30', '20:00:00', '21:00:00', '20:00:00', '21:00:00', 0, '2022-05-30 11:55:40', '2022-05-30 11:55:40'),
(76, 274, 5, '2022-05-30', '19:00:00', '20:00:00', '19:00:00', '20:00:00', 0, '2022-05-30 11:55:40', '2022-05-30 11:55:40'),
(77, 274, 4, '2022-05-30', '14:00:00', '15:00:00', '14:00:00', '15:00:00', 0, '2022-05-30 11:55:40', '2022-05-30 11:55:40'),
(78, 274, 4, '2022-05-30', '14:00:00', '15:00:00', '14:00:00', '15:00:00', 0, '2022-05-30 11:55:40', '2022-05-30 11:55:40'),
(79, 274, 5, '2022-05-30', '18:00:00', '19:00:00', '18:00:00', '19:00:00', 0, '2022-05-30 11:55:40', '2022-05-30 11:55:40'),
(80, 274, 5, '2022-05-30', '18:00:00', '18:30:00', '18:00:00', '18:30:00', 1, '2022-05-30 11:55:40', '2022-06-29 05:57:38'),
(81, 274, 4, '2022-05-30', '14:00:00', '14:30:00', '14:00:00', '14:30:00', 0, '2022-05-30 11:55:40', '2022-05-30 11:55:40'),
(82, 274, 4, '2022-05-30', '14:00:00', '14:30:00', '14:00:00', '14:30:00', 1, '2022-05-30 11:55:40', '2022-06-30 11:59:38'),
(83, 287, 1, '2022-05-31', '07:00:00', '08:00:00', '07:00:00', '08:00:00', 0, '2022-05-31 04:08:52', '2022-05-31 04:08:52'),
(84, 281, 3, '2022-05-31', '04:00:00', '05:00:00', '04:00:00', '05:00:00', 0, '2022-05-31 05:18:15', '2022-05-31 05:18:15'),
(85, 281, 3, '2022-05-31', '04:00:00', '05:30:00', '04:00:00', '05:30:00', 0, '2022-05-31 05:18:15', '2022-05-31 05:18:15'),
(152, 274, 6, '2022-05-31', '20:00:00', '21:00:00', '20:00:00', '21:00:00', 0, '2022-05-31 05:43:35', '2022-05-31 05:43:35'),
(153, 274, 5, '2022-05-31', '19:00:00', '20:00:00', '19:00:00', '20:00:00', 0, '2022-05-31 05:43:35', '2022-05-31 05:43:35'),
(154, 274, 5, '2022-05-31', '18:00:00', '19:00:00', '18:00:00', '19:00:00', 0, '2022-05-31 05:43:35', '2022-05-31 05:43:35'),
(155, 274, 5, '2022-05-31', '18:00:00', '18:30:00', '18:00:00', '18:30:00', 0, '2022-05-31 05:43:35', '2022-05-31 05:43:35'),
(156, 274, 4, '2022-05-31', '14:00:00', '14:30:00', '14:00:00', '14:30:00', 0, '2022-05-31 05:43:35', '2022-05-31 05:43:35'),
(157, 274, 4, '2022-05-31', '14:00:00', '14:30:00', '14:00:00', '14:30:00', 0, '2022-05-31 05:43:35', '2022-05-31 05:43:35'),
(158, 274, 4, '2022-05-31', '14:00:00', '14:30:00', '14:00:00', '14:30:00', 0, '2022-05-31 05:43:35', '2022-05-31 05:43:35'),
(159, 274, 4, '2022-05-31', '14:00:00', '14:30:00', '14:00:00', '14:30:00', 0, '2022-05-31 05:43:35', '2022-05-31 05:43:35'),
(160, 274, 4, '2022-05-31', '14:00:00', '15:00:00', '14:00:00', '15:00:00', 0, '2022-05-31 05:43:35', '2022-05-31 05:43:35'),
(161, 287, 1, '2022-06-01', '07:00:00', '08:00:00', '07:00:00', '08:00:00', 0, '2022-06-01 04:15:53', '2022-06-01 04:15:53'),
(162, 287, 1, '2022-06-02', '07:00:00', '08:00:00', '07:00:00', '08:00:00', 0, '2022-06-02 04:21:01', '2022-06-02 04:21:01'),
(163, 281, 3, '2022-06-02', '04:00:00', '05:00:00', '04:00:00', '05:00:00', 0, '2022-06-02 06:56:37', '2022-06-02 06:56:37'),
(164, 281, 3, '2022-06-02', '04:00:00', '05:30:00', '04:00:00', '05:30:00', 0, '2022-06-02 06:56:37', '2022-06-02 06:56:37'),
(165, 274, 6, '2022-06-02', '20:00:00', '21:00:00', '20:00:00', '21:00:00', 0, '2022-06-02 11:45:30', '2022-06-02 11:45:30'),
(166, 274, 5, '2022-06-02', '19:00:00', '20:00:00', '19:00:00', '20:00:00', 0, '2022-06-02 11:45:30', '2022-06-02 11:45:30'),
(167, 274, 5, '2022-06-02', '18:00:00', '19:00:00', '18:00:00', '19:00:00', 0, '2022-06-02 11:45:30', '2022-06-02 11:45:30'),
(168, 274, 5, '2022-06-02', '18:00:00', '18:30:00', '18:00:00', '18:30:00', 0, '2022-06-02 11:45:30', '2022-06-02 11:45:30'),
(169, 274, 4, '2022-06-02', '14:00:00', '14:30:00', '14:00:00', '14:30:00', 0, '2022-06-02 11:45:30', '2022-06-02 11:45:30'),
(170, 274, 4, '2022-06-02', '14:00:00', '14:30:00', '14:00:00', '14:30:00', 0, '2022-06-02 11:45:30', '2022-06-02 11:45:30'),
(171, 274, 4, '2022-06-02', '14:00:00', '14:30:00', '14:00:00', '14:30:00', 0, '2022-06-02 11:45:30', '2022-06-02 11:45:30'),
(172, 274, 4, '2022-06-02', '14:00:00', '14:30:00', '14:00:00', '14:30:00', 0, '2022-06-02 11:45:30', '2022-06-02 11:45:30'),
(173, 274, 4, '2022-06-02', '14:00:00', '15:00:00', '14:00:00', '15:00:00', 0, '2022-06-02 11:45:30', '2022-06-02 11:45:30'),
(174, 287, 1, '2022-06-03', '07:00:00', '08:00:00', '07:00:00', '08:00:00', 0, '2022-06-03 04:29:55', '2022-06-03 04:29:55'),
(175, 287, 1, '2022-06-06', '07:00:00', '08:00:00', '07:00:00', '08:00:00', 0, '2022-06-06 04:18:27', '2022-06-06 04:18:27'),
(177, 281, 84, '2022-06-07', '20:00:00', '21:30:00', '20:00:00', '21:30:00', 0, '2022-06-07 08:46:43', '2022-06-07 08:46:43'),
(178, 281, 84, '2022-06-07', '19:00:00', '20:00:00', '19:00:00', '20:00:00', 0, '2022-06-07 08:46:43', '2022-06-07 08:46:43'),
(180, 287, 1, '2022-06-07', '07:00:00', '08:00:00', '07:10:00', '08:00:00', 0, '2022-06-07 11:37:46', '2022-06-07 11:37:46'),
(181, 287, 2, '2022-06-07', '07:00:00', '20:00:00', '07:10:00', '08:00:00', 0, '2022-06-07 11:37:46', '2022-06-07 11:37:46'),
(195, 287, 1, '2022-06-08', '07:00:00', '08:00:00', '07:10:00', '08:00:00', 0, '2022-06-08 06:45:16', '2022-06-08 06:45:16'),
(196, 287, 2, '2022-06-08', '07:00:00', '09:00:00', '07:10:00', '08:00:00', 0, '2022-06-08 06:45:16', '2022-06-08 06:45:16'),
(197, 274, 6, '2022-06-08', '20:00:00', '21:00:00', '20:00:00', '21:00:00', 0, '2022-06-08 13:00:33', '2022-06-08 13:00:33'),
(198, 274, 5, '2022-06-08', '19:00:00', '20:00:00', '19:00:00', '20:00:00', 0, '2022-06-08 13:00:33', '2022-06-08 13:00:33'),
(199, 274, 5, '2022-06-08', '18:00:00', '19:00:00', '18:00:00', '19:00:00', 0, '2022-06-08 13:00:33', '2022-06-08 13:00:33'),
(200, 274, 5, '2022-06-08', '18:00:00', '18:30:00', '18:00:00', '18:30:00', 0, '2022-06-08 13:00:33', '2022-06-08 13:00:33'),
(201, 274, 4, '2022-06-08', '14:00:00', '14:30:00', '14:00:00', '14:30:00', 0, '2022-06-08 13:00:33', '2022-06-08 13:00:33'),
(202, 274, 4, '2022-06-08', '14:00:00', '14:30:00', '14:00:00', '14:30:00', 0, '2022-06-08 13:00:33', '2022-06-08 13:00:33'),
(203, 274, 4, '2022-06-08', '14:00:00', '14:30:00', '14:00:00', '14:30:00', 0, '2022-06-08 13:00:33', '2022-06-08 13:00:33'),
(204, 274, 4, '2022-06-08', '14:00:00', '14:30:00', '14:00:00', '14:30:00', 0, '2022-06-08 13:00:33', '2022-06-08 13:00:33'),
(205, 274, 4, '2022-06-08', '14:00:00', '15:00:00', '14:00:00', '15:00:00', 0, '2022-06-08 13:00:33', '2022-06-08 13:00:33'),
(206, 287, 1, '2022-06-09', '07:00:00', '08:00:00', '07:00:00', '08:00:00', 0, '2022-06-09 04:15:35', '2022-06-09 04:15:35'),
(207, 287, 2, '2022-06-09', NULL, NULL, '07:00:00', '09:00:00', 0, '2022-06-09 04:15:35', '2022-06-09 04:15:35'),
(208, 274, 4, '2022-06-09', '14:00:00', '14:30:00', '14:00:00', '14:30:00', 0, '2022-06-09 08:43:59', '2022-06-09 08:43:59'),
(209, 274, 4, '2022-06-09', '14:00:00', '14:30:00', '14:00:00', '14:30:00', 0, '2022-06-09 08:43:59', '2022-06-09 08:43:59'),
(210, 274, 4, '2022-06-09', '14:00:00', '14:30:00', '14:00:00', '14:30:00', 0, '2022-06-09 08:43:59', '2022-06-09 08:43:59'),
(211, 274, 4, '2022-06-09', '14:00:00', '14:30:00', '14:00:00', '14:30:00', 0, '2022-06-09 08:43:59', '2022-06-09 08:43:59'),
(212, 274, 4, '2022-06-09', '14:00:00', '15:00:00', '14:00:00', '15:00:00', 0, '2022-06-09 08:43:59', '2022-06-09 08:43:59'),
(213, 274, 5, '2022-06-09', '19:00:00', '20:00:00', '19:00:00', '20:00:00', 0, '2022-06-09 08:43:59', '2022-06-09 08:43:59'),
(214, 274, 5, '2022-06-09', '18:00:00', '19:00:00', '18:00:00', '19:00:00', 0, '2022-06-09 08:43:59', '2022-06-09 08:43:59'),
(215, 274, 5, '2022-06-09', '18:00:00', '18:30:00', '18:00:00', '18:30:00', 0, '2022-06-09 08:43:59', '2022-06-09 08:43:59'),
(216, 274, 6, '2022-06-09', '20:00:00', '21:00:00', '20:00:00', '21:00:00', 0, '2022-06-09 08:43:59', '2022-06-09 08:43:59'),
(232, 287, 1, '2022-06-10', '07:00:00', '08:00:00', '07:00:00', '08:00:00', 0, '2022-06-10 05:14:27', '2022-06-10 05:14:27'),
(233, 287, 8, '2022-06-10', '08:00:00', '12:00:00', '08:00:00', '12:00:00', 0, '2022-06-10 05:14:27', '2022-06-10 05:14:27'),
(234, 287, 9, '2022-06-10', '12:00:00', '16:00:00', '12:00:00', '16:00:00', 0, '2022-06-10 05:14:27', '2022-06-10 05:14:27'),
(235, 287, 9, '2022-06-10', '16:00:00', '20:00:00', '16:00:00', '20:00:00', 0, '2022-06-10 05:14:27', '2022-06-10 05:14:27'),
(236, 287, 9, '2022-06-10', '20:00:00', '00:00:00', '20:00:00', '00:00:00', 0, '2022-06-10 05:14:27', '2022-06-10 05:14:27'),
(237, 287, 10, '2022-06-10', '18:00:00', '20:00:00', '18:00:00', '20:00:00', 0, '2022-06-10 05:14:27', '2022-06-10 05:14:27'),
(238, 274, 4, '2022-06-10', '14:00:00', '14:30:00', '14:00:00', '14:30:00', 0, '2022-06-10 14:24:56', '2022-06-10 14:24:56'),
(239, 274, 4, '2022-06-10', '14:00:00', '14:30:00', '14:00:00', '14:30:00', 0, '2022-06-10 14:24:56', '2022-06-10 14:24:56'),
(240, 274, 4, '2022-06-10', '14:00:00', '14:30:00', '14:00:00', '14:30:00', 0, '2022-06-10 14:24:56', '2022-06-10 14:24:56'),
(241, 274, 4, '2022-06-10', '14:00:00', '14:30:00', '14:00:00', '14:30:00', 0, '2022-06-10 14:24:56', '2022-06-10 14:24:56'),
(242, 274, 4, '2022-06-10', '14:00:00', '15:00:00', '14:00:00', '15:00:00', 0, '2022-06-10 14:24:56', '2022-06-10 14:24:56'),
(243, 274, 5, '2022-06-10', '19:00:00', '20:00:00', '19:00:00', '20:00:00', 0, '2022-06-10 14:24:56', '2022-06-10 14:24:56'),
(244, 274, 5, '2022-06-10', '18:00:00', '19:00:00', '18:00:00', '19:00:00', 0, '2022-06-10 14:24:56', '2022-06-10 14:24:56'),
(245, 274, 5, '2022-06-10', '18:00:00', '18:30:00', '18:00:00', '18:30:00', 0, '2022-06-10 14:24:56', '2022-06-10 14:24:56'),
(246, 274, 6, '2022-06-10', '20:00:00', '21:00:00', '20:00:00', '21:00:00', 0, '2022-06-10 14:24:56', '2022-06-10 14:24:56'),
(247, 274, 4, '2022-06-11', '14:00:00', '14:30:00', '14:00:00', '14:30:00', 0, '2022-06-11 16:16:09', '2022-06-11 16:16:09'),
(248, 274, 4, '2022-06-11', '14:00:00', '14:30:00', '14:00:00', '14:30:00', 0, '2022-06-11 16:16:09', '2022-06-11 16:16:09'),
(249, 274, 4, '2022-06-11', '14:00:00', '14:30:00', '14:00:00', '14:30:00', 0, '2022-06-11 16:16:09', '2022-06-11 16:16:09'),
(250, 274, 4, '2022-06-11', '14:00:00', '14:30:00', '14:00:00', '14:30:00', 0, '2022-06-11 16:16:09', '2022-06-11 16:16:09'),
(251, 274, 4, '2022-06-11', '14:00:00', '15:00:00', '14:00:00', '15:00:00', 0, '2022-06-11 16:16:09', '2022-06-11 16:16:09'),
(252, 274, 5, '2022-06-11', '19:00:00', '20:00:00', '19:00:00', '20:00:00', 0, '2022-06-11 16:16:09', '2022-06-11 16:16:09'),
(253, 274, 5, '2022-06-11', '18:00:00', '19:00:00', '18:00:00', '19:00:00', 0, '2022-06-11 16:16:09', '2022-06-11 16:16:09'),
(254, 274, 5, '2022-06-11', '18:00:00', '18:30:00', '18:00:00', '18:30:00', 0, '2022-06-11 16:16:09', '2022-06-11 16:16:09'),
(255, 274, 6, '2022-06-11', '20:00:00', '21:00:00', '20:00:00', '21:00:00', 0, '2022-06-11 16:16:09', '2022-06-11 16:16:09'),
(295, 308, 13, '2022-06-13', '05:00:00', '06:00:00', '05:00:00', '06:00:00', 0, '2022-06-13 11:13:34', '2022-06-13 11:13:34'),
(296, 308, 11, '2022-06-13', '03:00:00', '04:00:00', '03:00:00', '04:00:00', 0, '2022-06-13 11:13:34', '2022-06-13 11:13:34'),
(297, 308, 12, '2022-06-13', '02:00:00', '03:00:00', '02:00:00', '03:00:00', 0, '2022-06-13 11:13:34', '2022-06-13 11:13:34'),
(298, 308, 11, '2022-06-13', '10:00:00', '11:00:00', '10:00:00', '11:00:00', 0, '2022-06-13 11:13:34', '2022-06-13 11:13:34'),
(299, 274, 4, '2022-06-13', '14:00:00', '14:30:00', '14:00:00', '14:30:00', 0, '2022-06-13 12:06:57', '2022-06-13 12:06:57'),
(300, 274, 4, '2022-06-13', '14:00:00', '14:30:00', '14:00:00', '14:30:00', 0, '2022-06-13 12:06:57', '2022-06-13 12:06:57'),
(301, 274, 4, '2022-06-13', '14:00:00', '14:30:00', '14:00:00', '14:30:00', 0, '2022-06-13 12:06:57', '2022-06-13 12:06:57'),
(302, 274, 4, '2022-06-13', '14:00:00', '14:30:00', '14:00:00', '14:30:00', 0, '2022-06-13 12:06:57', '2022-06-13 12:06:57'),
(303, 274, 4, '2022-06-13', '14:00:00', '15:00:00', '14:00:00', '15:00:00', 0, '2022-06-13 12:06:57', '2022-06-13 12:06:57'),
(304, 274, 5, '2022-06-13', '19:00:00', '20:00:00', '19:00:00', '20:00:00', 0, '2022-06-13 12:06:57', '2022-06-13 12:06:57'),
(305, 274, 5, '2022-06-13', '18:00:00', '19:00:00', '18:00:00', '19:00:00', 0, '2022-06-13 12:06:57', '2022-06-13 12:06:57'),
(306, 274, 5, '2022-06-13', '18:00:00', '18:30:00', '18:00:00', '18:30:00', 0, '2022-06-13 12:06:57', '2022-06-13 12:06:57'),
(307, 274, 6, '2022-06-13', '20:00:00', '21:00:00', '20:00:00', '21:00:00', 0, '2022-06-13 12:06:57', '2022-06-13 12:06:57'),
(318, 287, 1, '2022-06-13', '07:00:00', '08:00:00', '07:00:00', '08:00:00', 0, '2022-06-13 13:47:43', '2022-06-13 13:47:43'),
(319, 287, 9, '2022-06-13', '16:00:00', '20:00:00', '16:00:00', '20:00:00', 0, '2022-06-13 13:47:43', '2022-06-13 13:47:43'),
(320, 287, 10, '2022-06-13', '18:00:00', '20:00:00', '18:00:00', '20:00:00', 0, '2022-06-13 13:47:43', '2022-06-13 13:47:43'),
(321, 287, 10, '2022-06-13', '00:00:00', '00:00:00', '18:00:00', '20:00:00', 0, '2022-06-13 13:47:43', '2022-06-13 13:47:43'),
(322, 287, 10, '2022-06-13', '00:00:00', '00:00:00', '18:00:00', '20:00:00', 0, '2022-06-13 13:47:43', '2022-06-13 13:47:43'),
(869, 310, 19, '2022-06-14', '00:00:00', '00:00:00', '17:00:00', '18:00:00', 0, '2022-06-14 11:39:13', '2022-06-14 11:39:13'),
(870, 310, 20, '2022-06-14', '00:00:00', '00:00:00', '18:00:00', '19:00:00', 0, '2022-06-14 11:39:13', '2022-06-14 11:39:13'),
(1021, 274, 4, '2022-06-14', '14:00:00', '14:30:00', '14:00:00', '14:30:00', 0, '2022-06-14 11:56:59', '2022-06-14 11:56:59'),
(1022, 274, 4, '2022-06-14', '14:00:00', '14:30:00', '14:00:00', '14:30:00', 0, '2022-06-14 11:56:59', '2022-06-14 11:56:59'),
(1023, 274, 4, '2022-06-14', '14:00:00', '14:30:00', '14:00:00', '14:30:00', 0, '2022-06-14 11:56:59', '2022-06-14 11:56:59'),
(1024, 274, 4, '2022-06-14', '14:00:00', '15:00:00', '14:00:00', '15:00:00', 0, '2022-06-14 11:56:59', '2022-06-14 11:56:59'),
(1025, 274, 5, '2022-06-14', '19:00:00', '20:00:00', '19:00:00', '20:00:00', 0, '2022-06-14 11:56:59', '2022-06-14 11:56:59'),
(1026, 274, 6, '2022-06-14', '20:00:00', '21:00:00', '20:00:00', '21:00:00', 0, '2022-06-14 11:56:59', '2022-06-14 11:56:59'),
(1027, 274, 6, '2022-06-14', '18:00:00', '19:00:00', '18:00:00', '19:00:00', 0, '2022-06-14 11:56:59', '2022-06-14 11:56:59'),
(1028, 274, 6, '2022-06-14', '18:00:00', '19:00:00', '18:00:00', '19:00:00', 0, '2022-06-14 11:56:59', '2022-06-14 11:56:59'),
(1029, 274, 6, '2022-06-14', '18:00:00', '23:00:00', '18:00:00', '23:00:00', 0, '2022-06-14 11:56:59', '2022-06-14 11:56:59'),
(1030, 274, 6, '2022-06-14', '17:00:00', '18:00:00', '17:00:00', '18:00:00', 0, '2022-06-14 11:56:59', '2022-06-14 11:56:59'),
(1031, 274, 5, '2022-06-14', '19:00:00', '20:00:00', '19:00:00', '20:00:00', 0, '2022-06-14 11:56:59', '2022-06-14 11:56:59'),
(1032, 274, 7, '2022-06-14', '16:15:00', '16:30:00', '16:15:00', '16:30:00', 0, '2022-06-14 11:56:59', '2022-06-14 11:56:59'),
(1033, 274, 6, '2022-06-14', '00:00:00', '00:00:00', '17:00:00', '18:00:00', 0, '2022-06-14 11:56:59', '2022-06-14 11:56:59'),
(1034, 274, 5, '2022-06-14', '00:00:00', '00:00:00', '19:00:00', '20:00:00', 0, '2022-06-14 11:56:59', '2022-06-14 11:56:59'),
(1035, 274, 7, '2022-06-14', '00:00:00', '00:00:00', '16:15:00', '16:30:00', 0, '2022-06-14 11:56:59', '2022-06-14 11:56:59'),
(1037, 281, 3, '2022-06-14', '00:00:00', '00:00:00', '14:00:00', '15:00:00', 0, '2022-06-14 12:30:11', '2022-06-14 12:30:11'),
(1087, 287, 8, '2022-06-14', '01:00:00', '02:00:00', '01:00:00', '02:00:00', 0, '2022-06-14 12:41:13', '2022-06-14 12:41:13'),
(1088, 287, 9, '2022-06-14', '00:00:00', '00:00:00', '02:00:00', '03:00:00', 0, '2022-06-14 12:41:13', '2022-06-14 12:41:13'),
(1089, 287, 15, '2022-06-14', '00:00:00', '00:00:00', '01:00:00', '02:00:00', 0, '2022-06-14 12:41:13', '2022-06-14 12:41:13'),
(1090, 287, 15, '2022-06-14', '00:00:00', '00:00:00', '01:00:00', '02:00:00', 0, '2022-06-14 12:41:13', '2022-06-14 12:41:13'),
(1091, 287, 9, '2022-06-14', '00:00:00', '00:00:00', '03:00:00', '04:00:00', 0, '2022-06-14 12:41:13', '2022-06-14 12:41:13'),
(1092, 287, 8, '2022-06-14', '00:00:00', '00:00:00', '04:00:00', '05:00:00', 0, '2022-06-14 12:41:13', '2022-06-14 12:41:13'),
(1093, 287, 8, '2022-06-14', '00:00:00', '00:00:00', '01:00:00', '02:00:00', 0, '2022-06-14 12:41:13', '2022-06-14 12:41:13'),
(1094, 287, 9, '2022-06-14', '00:00:00', '00:00:00', '02:00:00', '03:00:00', 0, '2022-06-14 12:41:13', '2022-06-14 12:41:13'),
(1095, 287, 8, '2022-06-15', '01:00:00', '02:00:00', '01:00:00', '02:00:00', 0, '2022-06-15 04:24:21', '2022-06-15 04:24:21'),
(1096, 274, 4, '2022-06-15', '14:00:00', '14:30:00', '14:00:00', '14:30:00', 0, '2022-06-15 04:32:19', '2022-06-15 04:32:19'),
(1097, 274, 4, '2022-06-15', '14:00:00', '14:30:00', '14:00:00', '14:30:00', 0, '2022-06-15 04:32:19', '2022-06-15 04:32:19'),
(1098, 274, 4, '2022-06-15', '14:00:00', '14:30:00', '14:00:00', '14:30:00', 0, '2022-06-15 04:32:19', '2022-06-15 04:32:19'),
(1099, 274, 4, '2022-06-15', '14:00:00', '15:00:00', '14:00:00', '15:00:00', 0, '2022-06-15 04:32:19', '2022-06-15 04:32:19'),
(1100, 274, 5, '2022-06-15', '19:00:00', '20:00:00', '19:00:00', '20:00:00', 0, '2022-06-15 04:32:19', '2022-06-15 04:32:19'),
(1101, 274, 6, '2022-06-15', '20:00:00', '21:00:00', '20:00:00', '21:00:00', 0, '2022-06-15 04:32:19', '2022-06-15 04:32:19'),
(1102, 274, 6, '2022-06-15', '18:00:00', '19:00:00', '18:00:00', '19:00:00', 0, '2022-06-15 04:32:19', '2022-06-15 04:32:19'),
(1103, 274, 6, '2022-06-15', '18:00:00', '19:00:00', '18:00:00', '19:00:00', 0, '2022-06-15 04:32:19', '2022-06-15 04:32:19'),
(1104, 274, 6, '2022-06-15', '18:00:00', '23:00:00', '18:00:00', '23:00:00', 0, '2022-06-15 04:32:19', '2022-06-15 04:32:19'),
(1105, 274, 6, '2022-06-15', '17:00:00', '18:00:00', '17:00:00', '18:00:00', 0, '2022-06-15 04:32:19', '2022-06-15 04:32:19'),
(1106, 274, 5, '2022-06-15', '19:00:00', '20:00:00', '19:00:00', '20:00:00', 0, '2022-06-15 04:32:19', '2022-06-15 04:32:19'),
(1107, 274, 7, '2022-06-15', '16:15:00', '16:30:00', '16:15:00', '16:30:00', 0, '2022-06-15 04:32:19', '2022-06-15 04:32:19'),
(1303, 311, 24, '2022-06-15', '00:07:00', '00:14:00', '00:07:00', '00:14:00', 0, '2022-06-15 09:46:11', '2022-06-15 09:46:11'),
(1304, 311, 23, '2022-06-15', '00:14:00', '00:21:00', '00:14:00', '00:21:00', 0, '2022-06-15 09:46:11', '2022-06-15 09:46:11'),
(1305, 311, 22, '2022-06-15', '00:21:00', '00:28:00', '00:21:00', '00:28:00', 0, '2022-06-15 09:46:11', '2022-06-15 09:46:11'),
(1306, 311, 21, '2022-06-15', '00:28:00', '00:35:00', '00:28:00', '00:35:00', 0, '2022-06-15 09:46:11', '2022-06-15 09:46:11'),
(1307, 311, 26, '2022-06-15', '00:35:00', '00:42:00', '00:35:00', '00:42:00', 0, '2022-06-15 09:46:11', '2022-06-15 09:46:11'),
(1308, 311, 22, '2022-06-15', '00:00:00', '00:00:00', '00:21:00', '00:28:00', 0, '2022-06-15 09:46:11', '2022-06-15 09:46:11'),
(1309, 311, 21, '2022-06-15', '00:00:00', '00:00:00', '00:28:00', '00:35:00', 0, '2022-06-15 09:46:11', '2022-06-15 09:46:11'),
(1310, 311, 26, '2022-06-15', '00:00:00', '00:00:00', '00:35:00', '00:42:00', 0, '2022-06-15 09:46:11', '2022-06-15 09:46:11'),
(1311, 311, 26, '2022-06-15', '00:00:00', '00:00:00', '00:35:00', '00:42:00', 0, '2022-06-15 09:46:11', '2022-06-15 09:46:11'),
(1312, 311, 23, '2022-06-15', '16:00:00', '17:00:00', '16:00:00', '17:00:00', 0, '2022-06-15 09:46:11', '2022-06-15 09:46:11'),
(1313, 311, 21, '2022-06-15', '15:00:00', '16:00:00', '15:00:00', '16:00:00', 0, '2022-06-15 09:46:11', '2022-06-15 09:46:11'),
(1339, 311, 24, '2022-06-16', '00:07:00', '00:14:00', '00:07:00', '00:14:00', 0, '2022-06-16 09:36:02', '2022-06-16 09:36:02'),
(1340, 311, 23, '2022-06-16', '00:14:00', '00:21:00', '00:14:00', '00:21:00', 0, '2022-06-16 09:36:02', '2022-06-16 09:36:02'),
(1341, 311, 22, '2022-06-16', '00:21:00', '00:28:00', '00:21:00', '00:28:00', 0, '2022-06-16 09:36:02', '2022-06-16 09:36:02'),
(1342, 311, 21, '2022-06-16', '00:28:00', '00:35:00', '00:28:00', '00:35:00', 0, '2022-06-16 09:36:02', '2022-06-16 09:36:02'),
(1343, 311, 26, '2022-06-16', '00:35:00', '00:42:00', '00:35:00', '00:42:00', 0, '2022-06-16 09:36:02', '2022-06-16 09:36:02'),
(1344, 311, 23, '2022-06-16', '16:00:00', '17:00:00', '16:00:00', '17:00:00', 0, '2022-06-16 09:36:02', '2022-06-16 09:36:02'),
(1345, 311, 21, '2022-06-16', '15:00:00', '16:00:00', '15:00:00', '16:00:00', 0, '2022-06-16 09:36:02', '2022-06-16 09:36:02'),
(1346, 308, 13, '2022-06-16', '05:00:00', '06:00:00', '05:00:00', '06:00:00', 0, '2022-06-16 10:17:46', '2022-06-16 10:17:46'),
(1347, 308, 11, '2022-06-16', '03:00:00', '04:00:00', '03:00:00', '04:00:00', 0, '2022-06-16 10:17:46', '2022-06-16 10:17:46'),
(1348, 308, 12, '2022-06-16', '02:00:00', '03:00:00', '02:00:00', '03:00:00', 0, '2022-06-16 10:17:46', '2022-06-16 10:17:46'),
(1349, 308, 11, '2022-06-16', '10:00:00', '11:00:00', '10:00:00', '11:00:00', 0, '2022-06-16 10:17:46', '2022-06-16 10:17:46'),
(1350, 274, 4, '2022-06-16', '14:00:00', '14:30:00', '14:00:00', '14:30:00', 0, '2022-06-16 12:49:20', '2022-06-16 12:49:20'),
(1351, 274, 4, '2022-06-16', '14:00:00', '14:30:00', '14:00:00', '14:30:00', 0, '2022-06-16 12:49:20', '2022-06-16 12:49:20'),
(1352, 274, 4, '2022-06-16', '14:00:00', '14:30:00', '14:00:00', '14:30:00', 0, '2022-06-16 12:49:20', '2022-06-16 12:49:20'),
(1353, 274, 4, '2022-06-16', '14:00:00', '15:00:00', '14:00:00', '15:00:00', 0, '2022-06-16 12:49:20', '2022-06-16 12:49:20'),
(1354, 274, 5, '2022-06-16', '19:00:00', '20:00:00', '19:00:00', '20:00:00', 0, '2022-06-16 12:49:20', '2022-06-16 12:49:20'),
(1355, 274, 6, '2022-06-16', '20:00:00', '21:00:00', '20:00:00', '21:00:00', 0, '2022-06-16 12:49:20', '2022-06-16 12:49:20'),
(1356, 274, 6, '2022-06-16', '18:00:00', '19:00:00', '18:00:00', '19:00:00', 0, '2022-06-16 12:49:20', '2022-06-16 12:49:20'),
(1357, 274, 6, '2022-06-16', '18:00:00', '19:00:00', '18:00:00', '19:00:00', 0, '2022-06-16 12:49:20', '2022-06-16 12:49:20'),
(1358, 274, 6, '2022-06-16', '18:00:00', '23:00:00', '18:00:00', '23:00:00', 0, '2022-06-16 12:49:20', '2022-06-16 12:49:20'),
(1359, 274, 6, '2022-06-16', '17:00:00', '18:00:00', '17:00:00', '18:00:00', 0, '2022-06-16 12:49:20', '2022-06-16 12:49:20'),
(1360, 274, 5, '2022-06-16', '19:00:00', '20:00:00', '19:00:00', '20:00:00', 0, '2022-06-16 12:49:20', '2022-06-16 12:49:20'),
(1361, 274, 7, '2022-06-16', '16:15:00', '16:30:00', '16:15:00', '16:30:00', 0, '2022-06-16 12:49:20', '2022-06-16 12:49:20'),
(1369, 287, 8, '2022-06-16', '01:00:00', '02:00:00', '01:00:00', '02:00:00', 0, '2022-06-16 13:26:58', '2022-06-16 13:26:58'),
(1370, 287, 9, '2022-06-16', '00:00:00', '00:00:00', '03:00:00', '04:00:00', 0, '2022-06-16 13:26:58', '2022-06-16 13:26:58'),
(1371, 287, 9, '2022-06-16', '00:00:00', '00:00:00', '19:00:00', '20:00:00', 0, '2022-06-16 13:26:58', '2022-06-16 13:26:58'),
(1373, 287, 8, '2022-06-17', '01:00:00', '02:00:00', '01:00:00', '02:00:00', 0, '2022-06-17 05:17:18', '2022-06-17 05:17:18'),
(1374, 287, 15, '2022-06-17', '03:00:00', '04:00:00', '03:00:00', '04:00:00', 0, '2022-06-17 05:17:18', '2022-06-17 05:17:18'),
(1508, 274, 4, '2022-06-17', '14:00:00', '14:30:00', '14:00:00', '14:30:00', 0, '2022-06-17 10:05:47', '2022-06-17 10:05:47'),
(1509, 274, 4, '2022-06-17', '14:00:00', '14:30:00', '14:00:00', '14:30:00', 0, '2022-06-17 10:05:47', '2022-06-17 10:05:47'),
(1510, 274, 4, '2022-06-17', '14:00:00', '14:30:00', '14:00:00', '14:30:00', 0, '2022-06-17 10:05:47', '2022-06-17 10:05:47'),
(1511, 274, 4, '2022-06-17', '14:00:00', '15:00:00', '14:00:00', '15:00:00', 0, '2022-06-17 10:05:47', '2022-06-17 10:05:47'),
(1512, 274, 5, '2022-06-17', '19:00:00', '20:00:00', '19:00:00', '20:00:00', 0, '2022-06-17 10:05:47', '2022-06-17 10:05:47'),
(1513, 274, 6, '2022-06-17', '20:00:00', '21:00:00', '20:00:00', '21:00:00', 0, '2022-06-17 10:05:47', '2022-06-17 10:05:47'),
(1514, 274, 6, '2022-06-17', '18:00:00', '19:00:00', '18:00:00', '19:00:00', 0, '2022-06-17 10:05:47', '2022-06-17 10:05:47'),
(1515, 274, 6, '2022-06-17', '18:00:00', '19:00:00', '18:00:00', '19:00:00', 0, '2022-06-17 10:05:47', '2022-06-17 10:05:47'),
(1516, 274, 6, '2022-06-17', '18:00:00', '23:00:00', '18:00:00', '23:00:00', 0, '2022-06-17 10:05:47', '2022-06-17 10:05:47'),
(1517, 274, 6, '2022-06-17', '17:00:00', '18:00:00', '17:00:00', '18:00:00', 0, '2022-06-17 10:05:47', '2022-06-17 10:05:47'),
(1518, 274, 5, '2022-06-17', '19:00:00', '20:00:00', '19:00:00', '20:00:00', 0, '2022-06-17 10:05:47', '2022-06-17 10:05:47'),
(1519, 274, 7, '2022-06-17', '16:15:00', '16:30:00', '16:15:00', '16:30:00', 0, '2022-06-17 10:05:47', '2022-06-17 10:05:47'),
(1520, 274, 5, '2022-06-17', '00:15:00', '00:30:00', '00:15:00', '00:30:00', 0, '2022-06-17 10:05:47', '2022-06-17 10:05:47'),
(1521, 274, 14, '2022-06-17', '00:30:00', '00:45:00', '00:30:00', '00:45:00', 0, '2022-06-17 10:05:47', '2022-06-17 10:05:47'),
(1522, 274, 4, '2022-06-17', '00:30:00', '00:45:00', '00:30:00', '00:45:00', 0, '2022-06-17 10:05:47', '2022-06-17 10:05:47'),
(1523, 274, 4, '2022-06-17', '00:45:00', '01:00:00', '00:45:00', '01:00:00', 0, '2022-06-17 10:05:47', '2022-06-17 10:05:47'),
(1524, 311, 24, '2022-06-17', '00:07:00', '00:14:00', '00:07:00', '00:14:00', 0, '2022-06-17 10:08:47', '2022-06-17 10:08:47'),
(1525, 311, 23, '2022-06-17', '00:14:00', '00:21:00', '00:14:00', '00:21:00', 0, '2022-06-17 10:08:47', '2022-06-17 10:08:47'),
(1526, 311, 22, '2022-06-17', '00:21:00', '00:28:00', '00:21:00', '00:28:00', 0, '2022-06-17 10:08:47', '2022-06-17 10:08:47'),
(1527, 311, 21, '2022-06-17', '00:28:00', '00:35:00', '00:28:00', '00:35:00', 0, '2022-06-17 10:08:47', '2022-06-17 10:08:47'),
(1528, 311, 26, '2022-06-17', '00:35:00', '00:42:00', '00:35:00', '00:42:00', 0, '2022-06-17 10:08:47', '2022-06-17 10:08:47'),
(1529, 311, 23, '2022-06-17', '16:00:00', '17:00:00', '16:00:00', '17:00:00', 0, '2022-06-17 10:08:47', '2022-06-17 10:08:47'),
(1530, 311, 21, '2022-06-17', '15:00:00', '16:00:00', '15:00:00', '16:00:00', 0, '2022-06-17 10:08:47', '2022-06-17 10:08:47'),
(1533, 312, 31, '2022-06-17', '01:00:00', '02:00:00', '01:00:00', '02:00:00', 0, '2022-06-17 12:29:52', '2022-06-17 12:29:52'),
(1534, 312, 29, '2022-06-17', '02:00:00', '03:00:00', '02:00:00', '03:00:00', 0, '2022-06-17 12:29:52', '2022-06-17 12:29:52'),
(1537, 312, 31, '2022-06-18', '01:00:00', '02:00:00', '01:00:00', '02:00:00', 0, '2022-06-18 06:15:55', '2022-06-18 06:15:55'),
(1538, 312, 29, '2022-06-18', '02:00:00', '03:00:00', '02:00:00', '03:00:00', 0, '2022-06-18 06:15:55', '2022-06-18 06:15:55'),
(1539, 312, 30, '2022-06-18', '00:00:00', '01:00:00', '00:00:00', '01:00:00', 0, '2022-06-18 06:15:55', '2022-06-18 06:15:55'),
(1540, 274, 4, '2022-06-20', '14:00:00', '14:30:00', '14:00:00', '14:30:00', 0, '2022-06-20 04:31:39', '2022-06-20 04:31:39'),
(1541, 274, 4, '2022-06-20', '14:00:00', '14:30:00', '14:00:00', '14:30:00', 0, '2022-06-20 04:31:39', '2022-06-20 04:31:39'),
(1542, 274, 4, '2022-06-20', '14:00:00', '14:30:00', '14:00:00', '14:30:00', 0, '2022-06-20 04:31:39', '2022-06-20 04:31:39'),
(1543, 274, 4, '2022-06-20', '14:00:00', '15:00:00', '14:00:00', '15:00:00', 0, '2022-06-20 04:31:39', '2022-06-20 04:31:39'),
(1544, 274, 4, '2022-06-20', '00:30:00', '00:45:00', '00:30:00', '00:45:00', 0, '2022-06-20 04:31:39', '2022-06-20 04:31:39'),
(1545, 274, 4, '2022-06-20', '00:45:00', '01:00:00', '00:45:00', '01:00:00', 0, '2022-06-20 04:31:39', '2022-06-20 04:31:39'),
(1546, 274, 5, '2022-06-20', '19:00:00', '20:00:00', '19:00:00', '20:00:00', 0, '2022-06-20 04:31:39', '2022-06-20 04:31:39'),
(1547, 274, 5, '2022-06-20', '19:00:00', '20:00:00', '19:00:00', '20:00:00', 0, '2022-06-20 04:31:39', '2022-06-20 04:31:39'),
(1548, 274, 5, '2022-06-20', '00:15:00', '00:30:00', '00:15:00', '00:30:00', 0, '2022-06-20 04:31:39', '2022-06-20 04:31:39'),
(1549, 274, 6, '2022-06-20', '20:00:00', '21:00:00', '20:00:00', '21:00:00', 0, '2022-06-20 04:31:39', '2022-06-20 04:31:39'),
(1550, 274, 6, '2022-06-20', '18:00:00', '19:00:00', '18:00:00', '19:00:00', 0, '2022-06-20 04:31:39', '2022-06-20 04:31:39'),
(1551, 274, 6, '2022-06-20', '18:00:00', '19:00:00', '18:00:00', '19:00:00', 0, '2022-06-20 04:31:39', '2022-06-20 04:31:39'),
(1552, 274, 6, '2022-06-20', '18:00:00', '23:00:00', '18:00:00', '23:00:00', 0, '2022-06-20 04:31:39', '2022-06-20 04:31:39'),
(1553, 274, 6, '2022-06-20', '17:00:00', '18:00:00', '17:00:00', '18:00:00', 0, '2022-06-20 04:31:39', '2022-06-20 04:31:39'),
(1554, 274, 7, '2022-06-20', '16:15:00', '16:30:00', '16:15:00', '16:30:00', 0, '2022-06-20 04:31:39', '2022-06-20 04:31:39'),
(1555, 274, 14, '2022-06-20', '00:30:00', '00:45:00', '00:30:00', '00:45:00', 0, '2022-06-20 04:31:39', '2022-06-20 04:31:39'),
(1556, 287, 8, '2022-06-20', '01:00:00', '02:00:00', '01:00:00', '02:00:00', 0, '2022-06-20 05:35:41', '2022-06-20 05:35:41'),
(1557, 287, 15, '2022-06-20', '03:00:00', '04:00:00', '03:00:00', '04:00:00', 0, '2022-06-20 05:35:41', '2022-06-20 05:35:41'),
(1574, 287, 8, '2022-06-21', '01:00:00', '02:00:00', '01:00:00', '02:00:00', 0, '2022-06-21 06:19:01', '2022-06-21 06:19:01'),
(1575, 287, 15, '2022-06-21', '03:00:00', '04:00:00', '03:00:00', '04:00:00', 0, '2022-06-21 06:19:01', '2022-06-21 06:19:01'),
(1641, 319, 42, '2022-06-21', '01:00:00', '02:00:00', '01:00:00', '02:00:00', 0, '2022-06-21 13:19:16', '2022-06-21 13:19:16'),
(1642, 319, 43, '2022-06-21', '04:00:00', '05:00:00', '04:00:00', '05:00:00', 0, '2022-06-21 13:19:16', '2022-06-21 13:19:16'),
(1643, 319, 44, '2022-06-21', '11:00:00', '12:00:00', '11:00:00', '12:00:00', 0, '2022-06-21 13:19:16', '2022-06-21 13:19:16'),
(1644, 319, 45, '2022-06-21', '20:00:00', '21:00:00', '20:00:00', '21:00:00', 0, '2022-06-21 13:19:16', '2022-06-21 13:19:16'),
(1645, 319, 46, '2022-06-21', '18:00:00', '19:00:00', '18:00:00', '19:00:00', 0, '2022-06-21 13:19:16', '2022-06-21 13:19:16'),
(1646, 319, 46, '2022-06-21', '19:00:00', '20:00:00', '19:00:00', '20:00:00', 0, '2022-06-21 13:19:16', '2022-06-21 13:19:16'),
(1647, 319, 45, '2022-06-21', '20:00:00', '21:00:00', '20:00:00', '21:00:00', 0, '2022-06-21 13:19:16', '2022-06-21 13:19:16'),
(1648, 319, 44, '2022-06-21', '21:00:00', '22:00:00', '21:00:00', '22:00:00', 0, '2022-06-21 13:19:16', '2022-06-21 13:19:16'),
(1649, 319, 46, '2022-06-21', '00:00:00', '00:00:00', '19:00:00', '20:00:00', 0, '2022-06-21 13:19:16', '2022-06-21 13:19:16'),
(1650, 319, 45, '2022-06-21', '00:00:00', '00:00:00', '20:00:00', '21:00:00', 0, '2022-06-21 13:19:16', '2022-06-21 13:19:16'),
(1651, 319, 44, '2022-06-21', '00:00:00', '00:00:00', '21:00:00', '22:00:00', 0, '2022-06-21 13:19:16', '2022-06-21 13:19:16'),
(1669, 274, 4, '2022-06-21', '14:00:00', '14:30:00', '14:00:00', '14:30:00', 0, '2022-06-21 13:53:36', '2022-06-21 13:53:36'),
(1670, 274, 4, '2022-06-21', '14:00:00', '14:30:00', '14:00:00', '14:30:00', 0, '2022-06-21 13:53:36', '2022-06-21 13:53:36'),
(1671, 274, 4, '2022-06-21', '14:00:00', '14:30:00', '14:00:00', '14:30:00', 0, '2022-06-21 13:53:36', '2022-06-21 13:53:36'),
(1672, 274, 4, '2022-06-21', '14:00:00', '15:00:00', '14:00:00', '15:00:00', 0, '2022-06-21 13:53:36', '2022-06-21 13:53:36'),
(1673, 274, 4, '2022-06-21', '00:30:00', '00:45:00', '00:30:00', '00:45:00', 0, '2022-06-21 13:53:36', '2022-06-21 13:53:36'),
(1674, 274, 4, '2022-06-21', '00:45:00', '01:00:00', '00:45:00', '01:00:00', 0, '2022-06-21 13:53:36', '2022-06-21 13:53:36'),
(1675, 274, 5, '2022-06-21', '19:00:00', '20:00:00', '19:00:00', '20:00:00', 0, '2022-06-21 13:53:36', '2022-06-21 13:53:36'),
(1676, 274, 5, '2022-06-21', '19:00:00', '20:00:00', '19:00:00', '20:00:00', 0, '2022-06-21 13:53:36', '2022-06-21 13:53:36'),
(1677, 274, 5, '2022-06-21', '00:15:00', '00:30:00', '00:15:00', '00:30:00', 0, '2022-06-21 13:53:36', '2022-06-21 13:53:36'),
(1678, 274, 6, '2022-06-21', '20:00:00', '21:00:00', '20:00:00', '21:00:00', 0, '2022-06-21 13:53:36', '2022-06-21 13:53:36'),
(1679, 274, 6, '2022-06-21', '18:00:00', '19:00:00', '18:00:00', '19:00:00', 0, '2022-06-21 13:53:36', '2022-06-21 13:53:36'),
(1680, 274, 6, '2022-06-21', '18:00:00', '19:00:00', '18:00:00', '19:00:00', 0, '2022-06-21 13:53:36', '2022-06-21 13:53:36'),
(1681, 274, 6, '2022-06-21', '18:00:00', '23:00:00', '18:00:00', '23:00:00', 0, '2022-06-21 13:53:36', '2022-06-21 13:53:36'),
(1682, 274, 6, '2022-06-21', '17:00:00', '18:00:00', '17:00:00', '18:00:00', 0, '2022-06-21 13:53:36', '2022-06-21 13:53:36'),
(1683, 274, 7, '2022-06-21', '16:15:00', '16:30:00', '16:15:00', '16:30:00', 0, '2022-06-21 13:53:36', '2022-06-21 13:53:36'),
(1684, 274, 14, '2022-06-21', '00:30:00', '00:45:00', '00:30:00', '00:45:00', 0, '2022-06-21 13:53:36', '2022-06-21 13:53:36'),
(1685, 274, 4, '2022-06-21', '21:00:00', '22:00:00', '21:00:00', '22:00:00', 0, '2022-06-21 13:53:36', '2022-06-21 13:53:36'),
(1686, 274, 5, '2022-06-21', '22:00:00', '23:00:00', '22:00:00', '23:00:00', 0, '2022-06-21 13:53:36', '2022-06-21 13:53:36'),
(2036, 287, 8, '2022-06-22', '01:00:00', '02:00:00', '01:00:00', '02:00:00', 0, '2022-06-22 06:11:07', '2022-06-22 06:11:07'),
(2037, 287, 15, '2022-06-22', '03:00:00', '04:00:00', '03:00:00', '04:00:00', 0, '2022-06-22 06:11:07', '2022-06-22 06:11:07'),
(2150, 319, 42, '2022-06-22', '01:00:00', '02:00:00', '01:00:00', '02:00:00', 0, '2022-06-22 11:05:11', '2022-06-22 11:05:11'),
(2151, 319, 43, '2022-06-22', '04:00:00', '05:00:00', '04:00:00', '05:00:00', 0, '2022-06-22 11:05:11', '2022-06-22 11:05:11'),
(2152, 319, 44, '2022-06-22', '11:00:00', '12:00:00', '11:00:00', '12:00:00', 0, '2022-06-22 11:05:11', '2022-06-22 11:05:11'),
(2153, 319, 45, '2022-06-22', '20:00:00', '21:00:00', '20:00:00', '21:00:00', 0, '2022-06-22 11:05:11', '2022-06-22 11:05:11'),
(2154, 319, 46, '2022-06-22', '18:00:00', '19:00:00', '18:00:00', '19:00:00', 0, '2022-06-22 11:05:11', '2022-06-22 11:05:11'),
(2155, 319, 46, '2022-06-22', '19:00:00', '20:00:00', '19:00:00', '20:00:00', 0, '2022-06-22 11:05:11', '2022-06-22 11:05:11'),
(2156, 319, 45, '2022-06-22', '20:00:00', '21:00:00', '20:00:00', '21:00:00', 0, '2022-06-22 11:05:11', '2022-06-22 11:05:11'),
(2157, 319, 44, '2022-06-22', '21:00:00', '22:00:00', '21:00:00', '22:00:00', 0, '2022-06-22 11:05:11', '2022-06-22 11:05:11'),
(2158, 319, 46, '2022-06-22', '00:07:00', '00:14:00', '00:07:00', '00:14:00', 0, '2022-06-22 11:05:11', '2022-06-22 11:05:11'),
(2159, 319, 45, '2022-06-22', '00:14:00', '00:21:00', '00:14:00', '00:21:00', 0, '2022-06-22 11:05:11', '2022-06-22 11:05:11'),
(2160, 319, 44, '2022-06-22', '00:21:00', '00:28:00', '00:21:00', '00:28:00', 0, '2022-06-22 11:05:11', '2022-06-22 11:05:11'),
(2161, 319, 43, '2022-06-22', '00:28:00', '00:35:00', '00:28:00', '00:35:00', 0, '2022-06-22 11:05:11', '2022-06-22 11:05:11'),
(2162, 319, 42, '2022-06-22', '00:35:00', '00:42:00', '00:35:00', '00:42:00', 0, '2022-06-22 11:05:11', '2022-06-22 11:05:11'),
(2163, 319, 44, '2022-06-22', '00:07:00', '00:14:00', '00:07:00', '00:14:00', 0, '2022-06-22 11:05:11', '2022-06-22 11:05:11'),
(2164, 319, 44, '2022-06-22', '00:07:00', '00:14:00', '00:07:00', '00:14:00', 0, '2022-06-22 11:05:11', '2022-06-22 11:05:11'),
(2165, 319, 45, '2022-06-22', '12:08:00', '13:04:00', '12:08:00', '13:04:00', 0, '2022-06-22 11:05:11', '2022-06-22 11:05:11'),
(2166, 319, 43, '2022-06-22', '10:30:00', '10:44:00', '10:30:00', '10:44:00', 0, '2022-06-22 11:05:11', '2022-06-22 11:05:11'),
(2186, 274, 4, '2022-06-22', '14:00:00', '14:30:00', '14:00:00', '14:30:00', 0, '2022-06-22 13:46:29', '2022-06-22 13:46:29'),
(2187, 274, 4, '2022-06-22', '14:00:00', '14:30:00', '14:00:00', '14:30:00', 0, '2022-06-22 13:46:29', '2022-06-22 13:46:29'),
(2188, 274, 4, '2022-06-22', '14:00:00', '14:30:00', '14:00:00', '14:30:00', 0, '2022-06-22 13:46:29', '2022-06-22 13:46:29'),
(2189, 274, 4, '2022-06-22', '14:00:00', '15:00:00', '14:00:00', '15:00:00', 0, '2022-06-22 13:46:29', '2022-06-22 13:46:29'),
(2190, 274, 4, '2022-06-22', '00:30:00', '00:45:00', '00:30:00', '00:45:00', 0, '2022-06-22 13:46:29', '2022-06-22 13:46:29'),
(2191, 274, 4, '2022-06-22', '00:45:00', '01:00:00', '00:45:00', '01:00:00', 0, '2022-06-22 13:46:29', '2022-06-22 13:46:29'),
(2192, 274, 5, '2022-06-22', '19:00:00', '20:00:00', '19:00:00', '20:00:00', 0, '2022-06-22 13:46:29', '2022-06-22 13:46:29'),
(2193, 274, 5, '2022-06-22', '19:00:00', '20:00:00', '19:00:00', '20:00:00', 0, '2022-06-22 13:46:29', '2022-06-22 13:46:29'),
(2194, 274, 5, '2022-06-22', '00:15:00', '00:30:00', '00:15:00', '00:30:00', 0, '2022-06-22 13:46:29', '2022-06-22 13:46:29'),
(2195, 274, 6, '2022-06-22', '20:00:00', '21:00:00', '20:00:00', '21:00:00', 0, '2022-06-22 13:46:29', '2022-06-22 13:46:29'),
(2196, 274, 6, '2022-06-22', '18:00:00', '19:00:00', '18:00:00', '19:00:00', 0, '2022-06-22 13:46:29', '2022-06-22 13:46:29'),
(2197, 274, 6, '2022-06-22', '18:00:00', '19:00:00', '18:00:00', '19:00:00', 0, '2022-06-22 13:46:29', '2022-06-22 13:46:29'),
(2198, 274, 6, '2022-06-22', '18:00:00', '23:00:00', '18:00:00', '23:00:00', 0, '2022-06-22 13:46:29', '2022-06-22 13:46:29'),
(2199, 274, 6, '2022-06-22', '17:00:00', '18:00:00', '17:00:00', '18:00:00', 0, '2022-06-22 13:46:29', '2022-06-22 13:46:29'),
(2200, 274, 7, '2022-06-22', '16:15:00', '16:30:00', '16:15:00', '16:30:00', 0, '2022-06-22 13:46:29', '2022-06-22 13:46:29'),
(2201, 274, 14, '2022-06-22', '00:30:00', '00:45:00', '00:30:00', '00:45:00', 0, '2022-06-22 13:46:29', '2022-06-22 13:46:29'),
(2202, 274, 4, '2022-06-22', '21:00:00', '22:00:00', '21:00:00', '22:00:00', 0, '2022-06-22 13:46:29', '2022-06-22 13:46:29'),
(2203, 274, 5, '2022-06-22', '22:00:00', '23:00:00', '22:00:00', '23:00:00', 0, '2022-06-22 13:46:29', '2022-06-22 13:46:29'),
(2204, 274, 5, '2022-06-22', '12:00:00', '13:00:00', '12:00:00', '13:00:00', 0, '2022-06-22 13:46:29', '2022-06-22 13:46:29'),
(2205, 274, 6, '2022-06-22', '11:00:00', '12:00:00', '11:00:00', '12:00:00', 0, '2022-06-22 13:46:29', '2022-06-22 13:46:29'),
(2206, 274, 4, '2022-06-23', '14:00:00', '14:30:00', '14:00:00', '14:30:00', 0, '2022-06-23 04:27:44', '2022-06-23 04:27:44'),
(2207, 274, 4, '2022-06-23', '14:00:00', '14:30:00', '14:00:00', '14:30:00', 0, '2022-06-23 04:27:44', '2022-06-23 04:27:44'),
(2208, 274, 4, '2022-06-23', '14:00:00', '14:30:00', '14:00:00', '14:30:00', 0, '2022-06-23 04:27:44', '2022-06-23 04:27:44'),
(2209, 274, 4, '2022-06-23', '14:00:00', '15:00:00', '14:00:00', '15:00:00', 0, '2022-06-23 04:27:44', '2022-06-23 04:27:44'),
(2210, 274, 4, '2022-06-23', '00:30:00', '00:45:00', '00:30:00', '00:45:00', 0, '2022-06-23 04:27:44', '2022-06-23 04:27:44'),
(2211, 274, 4, '2022-06-23', '00:45:00', '01:00:00', '00:45:00', '01:00:00', 0, '2022-06-23 04:27:44', '2022-06-23 04:27:44'),
(2212, 274, 5, '2022-06-23', '19:00:00', '20:00:00', '19:00:00', '20:00:00', 0, '2022-06-23 04:27:44', '2022-06-23 04:27:44'),
(2213, 274, 5, '2022-06-23', '19:00:00', '20:00:00', '19:00:00', '20:00:00', 0, '2022-06-23 04:27:44', '2022-06-23 04:27:44'),
(2214, 274, 5, '2022-06-23', '00:15:00', '00:30:00', '00:15:00', '00:30:00', 0, '2022-06-23 04:27:44', '2022-06-23 04:27:44'),
(2215, 274, 6, '2022-06-23', '20:00:00', '21:00:00', '20:00:00', '21:00:00', 0, '2022-06-23 04:27:44', '2022-06-23 04:27:44'),
(2216, 274, 6, '2022-06-23', '18:00:00', '19:00:00', '18:00:00', '19:00:00', 0, '2022-06-23 04:27:44', '2022-06-23 04:27:44'),
(2217, 274, 6, '2022-06-23', '18:00:00', '19:00:00', '18:00:00', '19:00:00', 0, '2022-06-23 04:27:44', '2022-06-23 04:27:44'),
(2218, 274, 6, '2022-06-23', '18:00:00', '23:00:00', '18:00:00', '23:00:00', 0, '2022-06-23 04:27:44', '2022-06-23 04:27:44'),
(2219, 274, 6, '2022-06-23', '17:00:00', '18:00:00', '17:00:00', '18:00:00', 0, '2022-06-23 04:27:44', '2022-06-23 04:27:44'),
(2220, 274, 7, '2022-06-23', '16:15:00', '16:30:00', '16:15:00', '16:30:00', 0, '2022-06-23 04:27:44', '2022-06-23 04:27:44'),
(2221, 274, 14, '2022-06-23', '00:30:00', '00:45:00', '00:30:00', '00:45:00', 0, '2022-06-23 04:27:44', '2022-06-23 04:27:44'),
(2222, 274, 4, '2022-06-23', '21:00:00', '22:00:00', '21:00:00', '22:00:00', 0, '2022-06-23 04:27:44', '2022-06-23 04:27:44'),
(2223, 274, 5, '2022-06-23', '22:00:00', '23:00:00', '22:00:00', '23:00:00', 0, '2022-06-23 04:27:44', '2022-06-23 04:27:44'),
(2224, 274, 5, '2022-06-23', '12:00:00', '13:00:00', '12:00:00', '13:00:00', 0, '2022-06-23 04:27:44', '2022-06-23 04:27:44'),
(2225, 274, 6, '2022-06-23', '11:00:00', '12:00:00', '11:00:00', '12:00:00', 1, '2022-06-23 04:27:44', '2022-06-23 08:49:25'),
(2226, 287, 8, '2022-06-23', '01:00:00', '02:00:00', '01:00:00', '02:00:00', 0, '2022-06-23 08:39:16', '2022-06-23 08:39:16'),
(2227, 287, 15, '2022-06-23', '03:00:00', '04:00:00', '03:00:00', '04:00:00', 0, '2022-06-23 08:39:16', '2022-06-23 08:39:16'),
(2228, 274, 4, '2022-06-24', '14:00:00', '14:30:00', '14:00:00', '14:30:00', 0, '2022-06-24 04:13:05', '2022-06-24 04:13:05'),
(2229, 274, 4, '2022-06-24', '14:00:00', '14:30:00', '14:00:00', '14:30:00', 0, '2022-06-24 04:13:05', '2022-06-24 04:13:05'),
(2230, 274, 4, '2022-06-24', '14:00:00', '14:30:00', '14:00:00', '14:30:00', 0, '2022-06-24 04:13:05', '2022-06-24 04:13:05'),
(2231, 274, 4, '2022-06-24', '14:00:00', '15:00:00', '14:00:00', '15:00:00', 0, '2022-06-24 04:13:05', '2022-06-24 04:13:05'),
(2232, 274, 4, '2022-06-24', '00:30:00', '00:45:00', '00:30:00', '00:45:00', 0, '2022-06-24 04:13:05', '2022-06-24 04:13:05'),
(2233, 274, 4, '2022-06-24', '00:45:00', '01:00:00', '00:45:00', '01:00:00', 0, '2022-06-24 04:13:05', '2022-06-24 04:13:05'),
(2234, 274, 5, '2022-06-24', '19:00:00', '20:00:00', '19:00:00', '20:00:00', 0, '2022-06-24 04:13:05', '2022-06-24 04:13:05'),
(2235, 274, 5, '2022-06-24', '19:00:00', '20:00:00', '19:00:00', '20:00:00', 0, '2022-06-24 04:13:05', '2022-06-24 04:13:05'),
(2236, 274, 5, '2022-06-24', '00:15:00', '00:30:00', '00:15:00', '00:30:00', 0, '2022-06-24 04:13:05', '2022-06-24 04:13:05'),
(2237, 274, 6, '2022-06-24', '20:00:00', '21:00:00', '20:00:00', '21:00:00', 0, '2022-06-24 04:13:05', '2022-06-24 04:13:05'),
(2238, 274, 6, '2022-06-24', '18:00:00', '19:00:00', '18:00:00', '19:00:00', 0, '2022-06-24 04:13:05', '2022-06-24 04:13:05'),
(2239, 274, 6, '2022-06-24', '18:00:00', '19:00:00', '18:00:00', '19:00:00', 0, '2022-06-24 04:13:05', '2022-06-24 04:13:05'),
(2240, 274, 6, '2022-06-24', '18:00:00', '23:00:00', '18:00:00', '23:00:00', 0, '2022-06-24 04:13:05', '2022-06-24 04:13:05'),
(2241, 274, 6, '2022-06-24', '17:00:00', '18:00:00', '17:00:00', '18:00:00', 0, '2022-06-24 04:13:05', '2022-06-24 04:13:05'),
(2242, 274, 7, '2022-06-24', '16:15:00', '16:30:00', '16:15:00', '16:30:00', 0, '2022-06-24 04:13:05', '2022-06-24 04:13:05'),
(2243, 274, 14, '2022-06-24', '00:30:00', '00:45:00', '00:30:00', '00:45:00', 0, '2022-06-24 04:13:05', '2022-06-24 04:13:05'),
(2244, 274, 4, '2022-06-24', '21:00:00', '22:00:00', '21:00:00', '22:00:00', 0, '2022-06-24 04:13:05', '2022-06-24 04:13:05'),
(2245, 274, 5, '2022-06-24', '22:00:00', '23:00:00', '22:00:00', '23:00:00', 0, '2022-06-24 04:13:05', '2022-06-24 04:13:05'),
(2246, 274, 5, '2022-06-24', '12:00:00', '13:00:00', '12:00:00', '13:00:00', 0, '2022-06-24 04:13:05', '2022-06-24 04:13:05'),
(2247, 274, 6, '2022-06-24', '11:00:00', '12:00:00', '11:00:00', '12:00:00', 0, '2022-06-24 04:13:05', '2022-06-24 04:13:05'),
(2248, 287, 8, '2022-06-24', '01:00:00', '02:00:00', '01:00:00', '02:00:00', 0, '2022-06-24 04:16:15', '2022-06-24 04:16:15'),
(2249, 287, 15, '2022-06-24', '03:00:00', '04:00:00', '03:00:00', '04:00:00', 0, '2022-06-24 04:16:15', '2022-06-24 04:16:15'),
(2301, 319, 42, '2022-06-24', '01:00:00', '02:00:00', '01:00:00', '02:00:00', 0, '2022-06-24 06:17:42', '2022-06-24 06:17:42'),
(2302, 319, 43, '2022-06-24', '04:00:00', '05:00:00', '04:00:00', '05:00:00', 0, '2022-06-24 06:17:42', '2022-06-24 06:17:42'),
(2303, 319, 44, '2022-06-24', '11:00:00', '12:00:00', '11:00:00', '12:00:00', 0, '2022-06-24 06:17:42', '2022-06-24 06:17:42'),
(2304, 319, 45, '2022-06-24', '20:00:00', '21:00:00', '20:00:00', '21:00:00', 0, '2022-06-24 06:17:42', '2022-06-24 06:17:42'),
(2305, 319, 46, '2022-06-24', '18:00:00', '19:00:00', '18:00:00', '19:00:00', 0, '2022-06-24 06:17:42', '2022-06-24 06:17:42'),
(2306, 319, 46, '2022-06-24', '19:00:00', '20:00:00', '19:00:00', '20:00:00', 0, '2022-06-24 06:17:42', '2022-06-24 06:17:42'),
(2307, 319, 45, '2022-06-24', '20:00:00', '21:00:00', '20:00:00', '21:00:00', 0, '2022-06-24 06:17:42', '2022-06-24 06:17:42'),
(2308, 319, 44, '2022-06-24', '21:00:00', '22:00:00', '21:00:00', '22:00:00', 0, '2022-06-24 06:17:42', '2022-06-24 06:17:42'),
(2309, 319, 46, '2022-06-24', '00:07:00', '00:14:00', '00:07:00', '00:14:00', 0, '2022-06-24 06:17:42', '2022-06-24 06:17:42'),
(2310, 319, 45, '2022-06-24', '00:14:00', '00:21:00', '00:14:00', '00:21:00', 0, '2022-06-24 06:17:42', '2022-06-24 06:17:42'),
(2311, 319, 44, '2022-06-24', '00:21:00', '00:28:00', '00:21:00', '00:28:00', 0, '2022-06-24 06:17:42', '2022-06-24 06:17:42'),
(2312, 319, 43, '2022-06-24', '00:28:00', '00:35:00', '00:28:00', '00:35:00', 0, '2022-06-24 06:17:42', '2022-06-24 06:17:42'),
(2313, 319, 42, '2022-06-24', '00:35:00', '00:42:00', '00:35:00', '00:42:00', 0, '2022-06-24 06:17:42', '2022-06-24 06:17:42'),
(2314, 319, 44, '2022-06-24', '00:07:00', '00:14:00', '00:07:00', '00:14:00', 0, '2022-06-24 06:17:42', '2022-06-24 06:17:42'),
(2315, 319, 44, '2022-06-24', '00:07:00', '00:14:00', '00:07:00', '00:14:00', 0, '2022-06-24 06:17:42', '2022-06-24 06:17:42'),
(2316, 319, 45, '2022-06-24', '12:08:00', '13:04:00', '12:08:00', '13:04:00', 0, '2022-06-24 06:17:42', '2022-06-24 06:17:42'),
(2317, 319, 43, '2022-06-24', '10:30:00', '10:44:00', '10:30:00', '10:44:00', 0, '2022-06-24 06:17:42', '2022-06-24 06:17:42'),
(2428, 319, 42, '2022-06-25', '01:00:00', '02:00:00', '01:00:00', '02:00:00', 0, '2022-06-25 05:45:07', '2022-06-25 05:45:07'),
(2429, 319, 43, '2022-06-25', '04:00:00', '05:00:00', '04:00:00', '05:00:00', 0, '2022-06-25 05:45:07', '2022-06-25 05:45:07'),
(2430, 319, 44, '2022-06-25', '11:00:00', '12:00:00', '11:00:00', '12:00:00', 0, '2022-06-25 05:45:07', '2022-06-25 05:45:07'),
(2431, 319, 45, '2022-06-25', '20:00:00', '21:00:00', '20:00:00', '21:00:00', 0, '2022-06-25 05:45:07', '2022-06-25 05:45:07'),
(2432, 319, 46, '2022-06-25', '18:00:00', '19:00:00', '18:00:00', '19:00:00', 0, '2022-06-25 05:45:07', '2022-06-25 05:45:07'),
(2433, 319, 46, '2022-06-25', '19:00:00', '20:00:00', '19:00:00', '20:00:00', 0, '2022-06-25 05:45:07', '2022-06-25 05:45:07'),
(2434, 319, 45, '2022-06-25', '20:00:00', '21:00:00', '20:00:00', '21:00:00', 0, '2022-06-25 05:45:07', '2022-06-25 05:45:07'),
(2435, 319, 44, '2022-06-25', '21:00:00', '22:00:00', '21:00:00', '22:00:00', 0, '2022-06-25 05:45:07', '2022-06-25 05:45:07'),
(2436, 319, 46, '2022-06-25', '00:07:00', '00:14:00', '00:07:00', '00:14:00', 0, '2022-06-25 05:45:07', '2022-06-25 05:45:07'),
(2437, 319, 45, '2022-06-25', '00:14:00', '00:21:00', '00:14:00', '00:21:00', 0, '2022-06-25 05:45:07', '2022-06-25 05:45:07'),
(2438, 319, 44, '2022-06-25', '00:21:00', '00:28:00', '00:21:00', '00:28:00', 0, '2022-06-25 05:45:07', '2022-06-25 05:45:07'),
(2439, 319, 43, '2022-06-25', '00:28:00', '00:35:00', '00:28:00', '00:35:00', 0, '2022-06-25 05:45:07', '2022-06-25 05:45:07'),
(2440, 319, 42, '2022-06-25', '00:35:00', '00:42:00', '00:35:00', '00:42:00', 0, '2022-06-25 05:45:07', '2022-06-25 05:45:07'),
(2441, 319, 44, '2022-06-25', '00:07:00', '00:14:00', '00:07:00', '00:14:00', 0, '2022-06-25 05:45:07', '2022-06-25 05:45:07'),
(2442, 319, 44, '2022-06-25', '00:07:00', '00:14:00', '00:07:00', '00:14:00', 0, '2022-06-25 05:45:07', '2022-06-25 05:45:07'),
(2443, 319, 45, '2022-06-25', '12:08:00', '13:04:00', '12:08:00', '13:04:00', 0, '2022-06-25 05:45:07', '2022-06-25 05:45:07'),
(2444, 319, 43, '2022-06-25', '10:30:00', '10:44:00', '10:30:00', '10:44:00', 0, '2022-06-25 05:45:07', '2022-06-25 05:45:07'),
(2641, 274, 4, '2022-06-25', '14:00:00', '14:30:00', '14:00:00', '14:30:00', 0, '2022-06-25 09:57:50', '2022-06-25 09:57:50'),
(2642, 274, 4, '2022-06-25', '14:00:00', '14:30:00', '14:00:00', '14:30:00', 0, '2022-06-25 09:57:50', '2022-06-25 09:57:50'),
(2643, 274, 4, '2022-06-25', '14:00:00', '14:30:00', '14:00:00', '14:30:00', 0, '2022-06-25 09:57:50', '2022-06-25 09:57:50'),
(2644, 274, 4, '2022-06-25', '14:00:00', '15:00:00', '14:00:00', '15:00:00', 0, '2022-06-25 09:57:50', '2022-06-25 09:57:50'),
(2645, 274, 4, '2022-06-25', '00:30:00', '00:45:00', '00:30:00', '00:45:00', 0, '2022-06-25 09:57:50', '2022-06-25 09:57:50'),
(2646, 274, 4, '2022-06-25', '00:45:00', '01:00:00', '00:45:00', '01:00:00', 0, '2022-06-25 09:57:50', '2022-06-25 09:57:50'),
(2647, 274, 5, '2022-06-25', '19:00:00', '20:00:00', '19:00:00', '20:00:00', 0, '2022-06-25 09:57:50', '2022-06-25 09:57:50'),
(2648, 274, 5, '2022-06-25', '19:00:00', '20:00:00', '19:00:00', '20:00:00', 0, '2022-06-25 09:57:50', '2022-06-25 09:57:50'),
(2649, 274, 5, '2022-06-25', '00:15:00', '00:30:00', '00:15:00', '00:30:00', 0, '2022-06-25 09:57:50', '2022-06-25 09:57:50'),
(2650, 274, 6, '2022-06-25', '20:00:00', '21:00:00', '20:00:00', '21:00:00', 0, '2022-06-25 09:57:50', '2022-06-25 09:57:50'),
(2651, 274, 6, '2022-06-25', '18:00:00', '19:00:00', '18:00:00', '19:00:00', 0, '2022-06-25 09:57:50', '2022-06-25 09:57:50'),
(2652, 274, 6, '2022-06-25', '18:00:00', '19:00:00', '18:00:00', '19:00:00', 0, '2022-06-25 09:57:50', '2022-06-25 09:57:50'),
(2653, 274, 6, '2022-06-25', '18:00:00', '23:00:00', '18:00:00', '23:00:00', 0, '2022-06-25 09:57:50', '2022-06-25 09:57:50'),
(2654, 274, 6, '2022-06-25', '17:00:00', '18:00:00', '17:00:00', '18:00:00', 0, '2022-06-25 09:57:50', '2022-06-25 09:57:50'),
(2655, 274, 7, '2022-06-25', '16:15:00', '16:30:00', '16:15:00', '16:30:00', 0, '2022-06-25 09:57:50', '2022-06-25 09:57:50'),
(2656, 274, 14, '2022-06-25', '00:30:00', '00:45:00', '00:30:00', '00:45:00', 0, '2022-06-25 09:57:50', '2022-06-25 09:57:50'),
(2657, 274, 4, '2022-06-25', '21:00:00', '22:00:00', '21:00:00', '22:00:00', 0, '2022-06-25 09:57:50', '2022-06-25 09:57:50'),
(2658, 274, 5, '2022-06-25', '22:00:00', '23:00:00', '22:00:00', '23:00:00', 0, '2022-06-25 09:57:50', '2022-06-25 09:57:50');
INSERT INTO `tags` (`id`, `user_id`, `tag_id`, `date`, `budgeted_start_time`, `budget_end_time`, `actual_start_time`, `actual_end_time`, `status`, `created_at`, `updated_at`) VALUES
(2659, 274, 5, '2022-06-25', '12:00:00', '13:00:00', '12:00:00', '13:00:00', 0, '2022-06-25 09:57:50', '2022-06-25 09:57:50'),
(2660, 274, 6, '2022-06-25', '11:00:00', '12:00:00', '11:00:00', '12:00:00', 0, '2022-06-25 09:57:50', '2022-06-25 09:57:50'),
(2661, 274, 4, '2022-06-25', '01:00:00', '02:00:00', '01:00:00', '02:00:00', 0, '2022-06-25 09:57:50', '2022-06-25 09:57:50'),
(2662, 274, 6, '2022-06-25', '02:00:00', '03:00:00', '02:00:00', '03:00:00', 0, '2022-06-25 09:57:50', '2022-06-25 09:57:50'),
(2663, 274, 7, '2022-06-25', '03:00:00', '04:00:00', '03:00:00', '04:00:00', 0, '2022-06-25 09:57:50', '2022-06-25 09:57:50'),
(2664, 274, 5, '2022-06-25', '04:00:00', '05:00:00', '04:00:00', '05:00:00', 0, '2022-06-25 09:57:50', '2022-06-25 09:57:50'),
(2665, 274, 4, '2022-06-25', '14:00:00', '14:30:00', '14:00:00', '14:30:00', 0, '2022-06-25 09:57:50', '2022-06-25 09:57:50'),
(2666, 274, 5, '2022-06-25', '01:00:00', '02:00:00', '01:00:00', '02:00:00', 0, '2022-06-25 09:57:50', '2022-06-25 09:57:50'),
(2667, 274, 6, '2022-06-25', '01:00:00', '02:00:00', '01:00:00', '02:00:00', 0, '2022-06-25 09:57:50', '2022-06-25 09:57:50'),
(2668, 274, 14, '2022-06-25', '01:00:00', '02:00:00', '01:00:00', '02:00:00', 0, '2022-06-25 09:57:50', '2022-06-25 09:57:50'),
(2669, 274, 6, '2022-06-25', '04:00:00', '05:00:00', '04:00:00', '05:00:00', 0, '2022-06-25 09:57:50', '2022-06-25 09:57:50'),
(2670, 274, 6, '2022-06-25', '05:00:00', '06:00:00', '05:00:00', '06:00:00', 0, '2022-06-25 09:57:50', '2022-06-25 09:57:50'),
(2671, 274, 5, '2022-06-25', '06:00:00', '07:00:00', '06:00:00', '07:00:00', 0, '2022-06-25 09:57:50', '2022-06-25 09:57:50'),
(2672, 274, 4, '2022-06-26', '14:00:00', '14:30:00', '14:00:00', '14:30:00', 0, '2022-06-26 03:29:25', '2022-06-26 03:29:25'),
(2673, 274, 4, '2022-06-26', '14:00:00', '14:30:00', '14:00:00', '14:30:00', 0, '2022-06-26 03:29:25', '2022-06-26 03:29:25'),
(2674, 274, 4, '2022-06-26', '14:00:00', '14:30:00', '14:00:00', '14:30:00', 0, '2022-06-26 03:29:25', '2022-06-26 03:29:25'),
(2675, 274, 4, '2022-06-26', '14:00:00', '15:00:00', '14:00:00', '15:00:00', 0, '2022-06-26 03:29:25', '2022-06-26 03:29:25'),
(2676, 274, 4, '2022-06-26', '00:30:00', '00:45:00', '00:30:00', '00:45:00', 0, '2022-06-26 03:29:25', '2022-06-26 03:29:25'),
(2677, 274, 4, '2022-06-26', '00:45:00', '01:00:00', '00:45:00', '01:00:00', 0, '2022-06-26 03:29:25', '2022-06-26 03:29:25'),
(2678, 274, 5, '2022-06-26', '19:00:00', '20:00:00', '19:00:00', '20:00:00', 0, '2022-06-26 03:29:25', '2022-06-26 03:29:25'),
(2679, 274, 5, '2022-06-26', '19:00:00', '20:00:00', '19:00:00', '20:00:00', 0, '2022-06-26 03:29:25', '2022-06-26 03:29:25'),
(2680, 274, 5, '2022-06-26', '00:15:00', '00:30:00', '00:15:00', '00:30:00', 0, '2022-06-26 03:29:25', '2022-06-26 03:29:25'),
(2681, 274, 6, '2022-06-26', '20:00:00', '21:00:00', '20:00:00', '21:00:00', 0, '2022-06-26 03:29:25', '2022-06-26 03:29:25'),
(2682, 274, 6, '2022-06-26', '18:00:00', '19:00:00', '18:00:00', '19:00:00', 0, '2022-06-26 03:29:25', '2022-06-26 03:29:25'),
(2683, 274, 6, '2022-06-26', '18:00:00', '19:00:00', '18:00:00', '19:00:00', 0, '2022-06-26 03:29:25', '2022-06-26 03:29:25'),
(2684, 274, 6, '2022-06-26', '18:00:00', '23:00:00', '18:00:00', '23:00:00', 0, '2022-06-26 03:29:25', '2022-06-26 03:29:25'),
(2685, 274, 6, '2022-06-26', '17:00:00', '18:00:00', '17:00:00', '18:00:00', 0, '2022-06-26 03:29:25', '2022-06-26 03:29:25'),
(2686, 274, 7, '2022-06-26', '16:15:00', '16:30:00', '16:15:00', '16:30:00', 0, '2022-06-26 03:29:25', '2022-06-26 03:29:25'),
(2687, 274, 14, '2022-06-26', '00:30:00', '00:45:00', '00:30:00', '00:45:00', 0, '2022-06-26 03:29:25', '2022-06-26 03:29:25'),
(2688, 274, 4, '2022-06-26', '21:00:00', '22:00:00', '21:00:00', '22:00:00', 0, '2022-06-26 03:29:25', '2022-06-26 03:29:25'),
(2689, 274, 5, '2022-06-26', '22:00:00', '23:00:00', '22:00:00', '23:00:00', 0, '2022-06-26 03:29:25', '2022-06-26 03:29:25'),
(2690, 274, 5, '2022-06-26', '12:00:00', '13:00:00', '12:00:00', '13:00:00', 0, '2022-06-26 03:29:25', '2022-06-26 03:29:25'),
(2691, 274, 6, '2022-06-26', '11:00:00', '12:00:00', '11:00:00', '12:00:00', 0, '2022-06-26 03:29:25', '2022-06-26 03:29:25'),
(2692, 274, 4, '2022-06-26', '01:00:00', '02:00:00', '01:00:00', '02:00:00', 0, '2022-06-26 03:29:25', '2022-06-26 03:29:25'),
(2693, 274, 6, '2022-06-26', '02:00:00', '03:00:00', '02:00:00', '03:00:00', 0, '2022-06-26 03:29:25', '2022-06-26 03:29:25'),
(2694, 274, 7, '2022-06-26', '03:00:00', '04:00:00', '03:00:00', '04:00:00', 0, '2022-06-26 03:29:25', '2022-06-26 03:29:25'),
(2695, 274, 5, '2022-06-26', '04:00:00', '05:00:00', '04:00:00', '05:00:00', 0, '2022-06-26 03:29:25', '2022-06-26 03:29:25'),
(2696, 274, 4, '2022-06-26', '14:00:00', '14:30:00', '14:00:00', '14:30:00', 0, '2022-06-26 03:29:25', '2022-06-26 03:29:25'),
(2697, 274, 5, '2022-06-26', '01:00:00', '02:00:00', '01:00:00', '02:00:00', 0, '2022-06-26 03:29:25', '2022-06-26 03:29:25'),
(2698, 274, 6, '2022-06-26', '01:00:00', '02:00:00', '01:00:00', '02:00:00', 0, '2022-06-26 03:29:25', '2022-06-26 03:29:25'),
(2699, 274, 14, '2022-06-26', '01:00:00', '02:00:00', '01:00:00', '02:00:00', 0, '2022-06-26 03:29:25', '2022-06-26 03:29:25'),
(2700, 274, 6, '2022-06-26', '04:00:00', '05:00:00', '04:00:00', '05:00:00', 0, '2022-06-26 03:29:25', '2022-06-26 03:29:25'),
(2701, 274, 6, '2022-06-26', '05:00:00', '06:00:00', '05:00:00', '06:00:00', 0, '2022-06-26 03:29:25', '2022-06-26 03:29:25'),
(2702, 274, 5, '2022-06-26', '06:00:00', '07:00:00', '06:00:00', '07:00:00', 0, '2022-06-26 03:29:25', '2022-06-26 03:29:25'),
(2703, 287, 8, '2022-06-27', '01:00:00', '02:00:00', '01:00:00', '02:00:00', 0, '2022-06-27 04:35:56', '2022-06-27 04:35:56'),
(2704, 287, 15, '2022-06-27', '03:00:00', '04:00:00', '03:00:00', '04:00:00', 0, '2022-06-27 04:35:56', '2022-06-27 04:35:56'),
(2722, 274, 4, '2022-06-27', '14:00:00', '14:30:00', '14:00:00', '14:30:00', 0, '2022-06-27 06:16:32', '2022-06-27 06:16:32'),
(2723, 274, 4, '2022-06-27', '14:00:00', '14:30:00', '14:00:00', '14:30:00', 0, '2022-06-27 06:16:32', '2022-06-27 06:16:32'),
(2724, 274, 4, '2022-06-27', '14:00:00', '14:30:00', '14:00:00', '14:30:00', 0, '2022-06-27 06:16:32', '2022-06-27 06:16:32'),
(2725, 274, 4, '2022-06-27', '14:00:00', '15:00:00', '14:00:00', '15:00:00', 0, '2022-06-27 06:16:32', '2022-06-27 06:16:32'),
(2726, 274, 4, '2022-06-27', '00:30:00', '00:45:00', '00:30:00', '00:45:00', 0, '2022-06-27 06:16:32', '2022-06-27 06:16:32'),
(2727, 274, 4, '2022-06-27', '00:45:00', '01:00:00', '00:45:00', '01:00:00', 0, '2022-06-27 06:16:32', '2022-06-27 06:16:32'),
(2728, 274, 5, '2022-06-27', '19:00:00', '20:00:00', '19:00:00', '20:00:00', 0, '2022-06-27 06:16:32', '2022-06-27 06:16:32'),
(2729, 274, 5, '2022-06-27', '19:00:00', '20:00:00', '19:00:00', '20:00:00', 0, '2022-06-27 06:16:32', '2022-06-27 06:16:32'),
(2730, 274, 5, '2022-06-27', '00:15:00', '00:30:00', '00:15:00', '00:30:00', 0, '2022-06-27 06:16:32', '2022-06-27 06:16:32'),
(2731, 274, 6, '2022-06-27', '20:00:00', '21:00:00', '20:00:00', '21:00:00', 0, '2022-06-27 06:16:32', '2022-06-27 06:16:32'),
(2732, 274, 6, '2022-06-27', '18:00:00', '19:00:00', '18:00:00', '19:00:00', 0, '2022-06-27 06:16:32', '2022-06-27 06:16:32'),
(2733, 274, 6, '2022-06-27', '18:00:00', '19:00:00', '18:00:00', '19:00:00', 0, '2022-06-27 06:16:32', '2022-06-27 06:16:32'),
(2734, 274, 6, '2022-06-27', '18:00:00', '23:00:00', '18:00:00', '23:00:00', 0, '2022-06-27 06:16:32', '2022-06-27 06:16:32'),
(2735, 274, 6, '2022-06-27', '17:00:00', '18:00:00', '17:00:00', '18:00:00', 0, '2022-06-27 06:16:32', '2022-06-27 06:16:32'),
(2736, 274, 7, '2022-06-27', '16:15:00', '16:30:00', '16:15:00', '16:30:00', 0, '2022-06-27 06:16:32', '2022-06-27 06:16:32'),
(2737, 274, 14, '2022-06-27', '00:30:00', '00:45:00', '00:30:00', '00:45:00', 0, '2022-06-27 06:16:32', '2022-06-27 06:16:32'),
(2738, 274, 4, '2022-06-27', '21:00:00', '22:00:00', '21:00:00', '22:00:00', 0, '2022-06-27 06:16:32', '2022-06-27 06:16:32'),
(2739, 274, 5, '2022-06-27', '22:00:00', '23:00:00', '22:00:00', '23:00:00', 0, '2022-06-27 06:16:32', '2022-06-27 06:16:32'),
(2740, 274, 5, '2022-06-27', '12:00:00', '13:00:00', '12:00:00', '13:00:00', 0, '2022-06-27 06:16:32', '2022-06-27 06:16:32'),
(2741, 274, 6, '2022-06-27', '11:00:00', '12:00:00', '11:00:00', '12:00:00', 0, '2022-06-27 06:16:32', '2022-06-27 06:16:32'),
(2742, 274, 4, '2022-06-27', '01:00:00', '02:00:00', '01:00:00', '02:00:00', 0, '2022-06-27 06:16:32', '2022-06-27 06:16:32'),
(2743, 274, 6, '2022-06-27', '02:00:00', '03:00:00', '02:00:00', '03:00:00', 0, '2022-06-27 06:16:32', '2022-06-27 06:16:32'),
(2744, 274, 7, '2022-06-27', '03:00:00', '04:00:00', '03:00:00', '04:00:00', 0, '2022-06-27 06:16:32', '2022-06-27 06:16:32'),
(2745, 274, 5, '2022-06-27', '04:00:00', '05:00:00', '04:00:00', '05:00:00', 0, '2022-06-27 06:16:32', '2022-06-27 06:16:32'),
(2746, 274, 4, '2022-06-27', '14:00:00', '14:30:00', '14:00:00', '14:30:00', 0, '2022-06-27 06:16:32', '2022-06-27 06:16:32'),
(2747, 274, 5, '2022-06-27', '01:00:00', '02:00:00', '01:00:00', '02:00:00', 0, '2022-06-27 06:16:32', '2022-06-27 06:16:32'),
(2748, 274, 6, '2022-06-27', '01:00:00', '02:00:00', '01:00:00', '02:00:00', 0, '2022-06-27 06:16:32', '2022-06-27 06:16:32'),
(2749, 274, 14, '2022-06-27', '01:00:00', '02:00:00', '01:00:00', '02:00:00', 0, '2022-06-27 06:16:32', '2022-06-27 06:16:32'),
(2750, 274, 6, '2022-06-27', '04:00:00', '05:00:00', '04:00:00', '05:00:00', 0, '2022-06-27 06:16:32', '2022-06-27 06:16:32'),
(2751, 274, 6, '2022-06-27', '05:00:00', '06:00:00', '05:00:00', '06:00:00', 0, '2022-06-27 06:16:32', '2022-06-27 06:16:32'),
(2752, 274, 5, '2022-06-27', '06:00:00', '07:00:00', '06:00:00', '07:00:00', 0, '2022-06-27 06:16:32', '2022-06-27 06:16:32'),
(2753, 319, 42, '2022-06-27', '01:00:00', '02:00:00', '01:00:00', '02:00:00', 0, '2022-06-27 06:27:24', '2022-06-27 06:27:24'),
(2754, 319, 43, '2022-06-27', '04:00:00', '05:00:00', '04:00:00', '05:00:00', 0, '2022-06-27 06:27:24', '2022-06-27 06:27:24'),
(2755, 319, 44, '2022-06-27', '11:00:00', '12:00:00', '11:00:00', '12:00:00', 0, '2022-06-27 06:27:24', '2022-06-27 06:27:24'),
(2756, 319, 45, '2022-06-27', '20:00:00', '21:00:00', '20:00:00', '21:00:00', 0, '2022-06-27 06:27:24', '2022-06-27 06:27:24'),
(2757, 319, 46, '2022-06-27', '18:00:00', '19:00:00', '18:00:00', '19:00:00', 0, '2022-06-27 06:27:24', '2022-06-27 06:27:24'),
(2758, 319, 46, '2022-06-27', '19:00:00', '20:00:00', '19:00:00', '20:00:00', 0, '2022-06-27 06:27:24', '2022-06-27 06:27:24'),
(2759, 319, 45, '2022-06-27', '20:00:00', '21:00:00', '20:00:00', '21:00:00', 0, '2022-06-27 06:27:24', '2022-06-27 06:27:24'),
(2760, 319, 44, '2022-06-27', '21:00:00', '22:00:00', '21:00:00', '22:00:00', 0, '2022-06-27 06:27:24', '2022-06-27 06:27:24'),
(2761, 319, 46, '2022-06-27', '00:07:00', '00:14:00', '00:07:00', '00:14:00', 0, '2022-06-27 06:27:24', '2022-06-27 06:27:24'),
(2762, 319, 45, '2022-06-27', '00:14:00', '00:21:00', '00:14:00', '00:21:00', 0, '2022-06-27 06:27:24', '2022-06-27 06:27:24'),
(2763, 319, 44, '2022-06-27', '00:21:00', '00:28:00', '00:21:00', '00:28:00', 0, '2022-06-27 06:27:24', '2022-06-27 06:27:24'),
(2764, 319, 43, '2022-06-27', '00:28:00', '00:35:00', '00:28:00', '00:35:00', 0, '2022-06-27 06:27:24', '2022-06-27 06:27:24'),
(2765, 319, 42, '2022-06-27', '00:35:00', '00:42:00', '00:35:00', '00:42:00', 0, '2022-06-27 06:27:24', '2022-06-27 06:27:24'),
(2766, 319, 44, '2022-06-27', '00:07:00', '00:14:00', '00:07:00', '00:14:00', 0, '2022-06-27 06:27:24', '2022-06-27 06:27:24'),
(2767, 319, 44, '2022-06-27', '00:07:00', '00:14:00', '00:07:00', '00:14:00', 0, '2022-06-27 06:27:24', '2022-06-27 06:27:24'),
(2768, 319, 45, '2022-06-27', '12:08:00', '13:04:00', '12:08:00', '13:04:00', 0, '2022-06-27 06:27:24', '2022-06-27 06:27:24'),
(2769, 319, 43, '2022-06-27', '10:30:00', '10:44:00', '10:30:00', '10:44:00', 0, '2022-06-27 06:27:24', '2022-06-27 06:27:24'),
(2894, 319, 42, '2022-06-28', '01:00:00', '02:00:00', '01:00:00', '02:00:00', 0, '2022-06-28 05:38:29', '2022-06-28 05:38:29'),
(2895, 319, 43, '2022-06-28', '04:00:00', '05:00:00', '04:00:00', '05:00:00', 0, '2022-06-28 05:38:29', '2022-06-28 05:38:29'),
(2896, 319, 44, '2022-06-28', '11:00:00', '12:00:00', '11:00:00', '12:00:00', 0, '2022-06-28 05:38:29', '2022-06-28 05:38:29'),
(2897, 319, 45, '2022-06-28', '20:00:00', '21:00:00', '20:00:00', '21:00:00', 0, '2022-06-28 05:38:29', '2022-06-28 05:38:29'),
(2898, 319, 46, '2022-06-28', '18:00:00', '19:00:00', '18:00:00', '19:00:00', 0, '2022-06-28 05:38:29', '2022-06-28 05:38:29'),
(2899, 319, 46, '2022-06-28', '19:00:00', '20:00:00', '19:00:00', '20:00:00', 0, '2022-06-28 05:38:29', '2022-06-28 05:38:29'),
(2900, 319, 45, '2022-06-28', '20:00:00', '21:00:00', '20:00:00', '21:00:00', 0, '2022-06-28 05:38:29', '2022-06-28 05:38:29'),
(2901, 319, 44, '2022-06-28', '21:00:00', '22:00:00', '21:00:00', '22:00:00', 0, '2022-06-28 05:38:29', '2022-06-28 05:38:29'),
(2902, 319, 46, '2022-06-28', '00:07:00', '00:14:00', '00:07:00', '00:14:00', 0, '2022-06-28 05:38:29', '2022-06-28 05:38:29'),
(2903, 319, 45, '2022-06-28', '00:14:00', '00:21:00', '00:14:00', '00:21:00', 0, '2022-06-28 05:38:29', '2022-06-28 05:38:29'),
(2904, 319, 44, '2022-06-28', '00:21:00', '00:28:00', '00:21:00', '00:28:00', 0, '2022-06-28 05:38:29', '2022-06-28 05:38:29'),
(2905, 319, 43, '2022-06-28', '00:28:00', '00:35:00', '00:28:00', '00:35:00', 0, '2022-06-28 05:38:29', '2022-06-28 05:38:29'),
(2906, 319, 42, '2022-06-28', '00:35:00', '00:42:00', '00:35:00', '00:42:00', 0, '2022-06-28 05:38:29', '2022-06-28 05:38:29'),
(2907, 319, 44, '2022-06-28', '00:07:00', '00:14:00', '00:07:00', '00:14:00', 0, '2022-06-28 05:38:29', '2022-06-28 05:38:29'),
(2908, 319, 44, '2022-06-28', '00:07:00', '00:14:00', '00:07:00', '00:14:00', 0, '2022-06-28 05:38:29', '2022-06-28 05:38:29'),
(2909, 319, 45, '2022-06-28', '12:08:00', '13:04:00', '12:08:00', '13:04:00', 0, '2022-06-28 05:38:29', '2022-06-28 05:38:29'),
(2910, 319, 43, '2022-06-28', '10:30:00', '10:44:00', '10:30:00', '10:44:00', 0, '2022-06-28 05:38:29', '2022-06-28 05:38:29'),
(2913, 287, 8, '2022-06-28', '01:00:00', '02:00:00', '01:00:00', '02:00:00', 0, '2022-06-28 06:07:03', '2022-06-28 06:07:03'),
(2914, 287, 15, '2022-06-28', '03:00:00', '04:00:00', '03:00:00', '04:00:00', 0, '2022-06-28 06:07:03', '2022-06-28 06:07:03'),
(2915, 287, 9, '2022-06-28', '15:00:00', '16:00:00', '15:00:00', '16:00:00', 0, '2022-06-28 06:07:03', '2022-06-28 06:07:03'),
(2948, 274, 4, '2022-06-28', '14:00:00', '14:30:00', '14:00:00', '14:30:00', 0, '2022-06-28 12:00:38', '2022-06-28 12:00:38'),
(2949, 274, 4, '2022-06-28', '14:00:00', '14:30:00', '14:00:00', '14:30:00', 0, '2022-06-28 12:00:38', '2022-06-28 12:00:38'),
(2950, 274, 4, '2022-06-28', '14:00:00', '14:30:00', '14:00:00', '14:30:00', 0, '2022-06-28 12:00:38', '2022-06-28 12:00:38'),
(2951, 274, 4, '2022-06-28', '14:00:00', '15:00:00', '14:00:00', '15:00:00', 0, '2022-06-28 12:00:38', '2022-06-28 12:00:38'),
(2952, 274, 4, '2022-06-28', '00:45:00', '01:00:00', '00:45:00', '01:00:00', 0, '2022-06-28 12:00:38', '2022-06-28 12:00:38'),
(2953, 274, 5, '2022-06-28', '19:00:00', '20:00:00', '19:00:00', '20:00:00', 0, '2022-06-28 12:00:38', '2022-06-28 12:00:38'),
(2954, 274, 5, '2022-06-28', '19:00:00', '20:00:00', '19:00:00', '20:00:00', 0, '2022-06-28 12:00:38', '2022-06-28 12:00:38'),
(2955, 274, 5, '2022-06-28', '00:15:00', '00:30:00', '00:15:00', '00:30:00', 0, '2022-06-28 12:00:38', '2022-06-28 12:00:38'),
(2956, 274, 6, '2022-06-28', '20:00:00', '21:00:00', '20:00:00', '21:00:00', 0, '2022-06-28 12:00:38', '2022-06-28 12:00:38'),
(2957, 274, 6, '2022-06-28', '18:00:00', '19:00:00', '18:00:00', '19:00:00', 0, '2022-06-28 12:00:38', '2022-06-28 12:00:38'),
(2958, 274, 6, '2022-06-28', '18:00:00', '19:00:00', '18:00:00', '19:00:00', 0, '2022-06-28 12:00:38', '2022-06-28 12:00:38'),
(2959, 274, 6, '2022-06-28', '18:00:00', '23:00:00', '18:00:00', '23:00:00', 0, '2022-06-28 12:00:38', '2022-06-28 12:00:38'),
(2960, 274, 6, '2022-06-28', '17:00:00', '18:00:00', '17:00:00', '18:00:00', 0, '2022-06-28 12:00:38', '2022-06-28 12:00:38'),
(2961, 274, 7, '2022-06-28', '16:15:00', '16:30:00', '16:15:00', '16:30:00', 0, '2022-06-28 12:00:38', '2022-06-28 12:00:38'),
(2962, 274, 14, '2022-06-28', '00:30:00', '00:45:00', '00:30:00', '00:45:00', 0, '2022-06-28 12:00:38', '2022-06-28 12:00:38'),
(2963, 274, 4, '2022-06-28', '21:00:00', '22:00:00', '21:00:00', '22:00:00', 0, '2022-06-28 12:00:38', '2022-06-28 12:00:38'),
(2964, 274, 5, '2022-06-28', '22:00:00', '23:00:00', '22:00:00', '23:00:00', 0, '2022-06-28 12:00:38', '2022-06-28 12:00:38'),
(2965, 274, 5, '2022-06-28', '12:00:00', '13:00:00', '12:00:00', '13:00:00', 0, '2022-06-28 12:00:38', '2022-06-28 12:00:38'),
(2966, 274, 6, '2022-06-28', '11:00:00', '12:00:00', '11:00:00', '12:00:00', 0, '2022-06-28 12:00:38', '2022-06-28 12:00:38'),
(2967, 274, 4, '2022-06-28', '01:00:00', '02:00:00', '01:00:00', '02:00:00', 0, '2022-06-28 12:00:38', '2022-06-28 12:00:38'),
(2968, 274, 6, '2022-06-28', '02:00:00', '03:00:00', '02:00:00', '03:00:00', 0, '2022-06-28 12:00:38', '2022-06-28 12:00:38'),
(2969, 274, 7, '2022-06-28', '03:00:00', '04:00:00', '03:00:00', '04:00:00', 0, '2022-06-28 12:00:38', '2022-06-28 12:00:38'),
(2970, 274, 5, '2022-06-28', '04:00:00', '05:00:00', '04:00:00', '05:00:00', 0, '2022-06-28 12:00:38', '2022-06-28 12:00:38'),
(2971, 274, 4, '2022-06-28', '14:00:00', '14:30:00', '14:00:00', '14:30:00', 0, '2022-06-28 12:00:38', '2022-06-28 12:00:38'),
(2972, 274, 5, '2022-06-28', '01:00:00', '02:00:00', '01:00:00', '02:00:00', 0, '2022-06-28 12:00:38', '2022-06-28 12:00:38'),
(2973, 274, 6, '2022-06-28', '01:00:00', '02:00:00', '01:00:00', '02:00:00', 0, '2022-06-28 12:00:38', '2022-06-28 12:00:38'),
(2974, 274, 14, '2022-06-28', '01:00:00', '02:00:00', '01:00:00', '02:00:00', 0, '2022-06-28 12:00:38', '2022-06-28 12:00:38'),
(2975, 274, 6, '2022-06-28', '04:00:00', '05:00:00', '04:00:00', '05:00:00', 0, '2022-06-28 12:00:38', '2022-06-28 12:00:38'),
(2976, 274, 6, '2022-06-28', '05:00:00', '06:00:00', '05:00:00', '06:00:00', 0, '2022-06-28 12:00:38', '2022-06-28 12:00:38'),
(2977, 274, 5, '2022-06-28', '06:00:00', '07:00:00', '06:00:00', '07:00:00', 0, '2022-06-28 12:00:38', '2022-06-28 12:00:38'),
(2978, 274, 5, '2022-06-28', '18:00:00', '19:00:00', '18:00:00', '19:00:00', 0, '2022-06-28 12:00:38', '2022-06-28 12:00:38'),
(2979, 274, 5, '2022-06-28', '00:00:00', '00:00:00', '18:00:00', '19:00:00', 0, '2022-06-28 12:00:38', '2022-06-28 12:00:38'),
(2982, 323, 68, '2022-06-28', '01:00:00', '02:00:00', '01:00:00', '02:00:00', 0, '2022-06-28 13:37:08', '2022-06-28 13:37:08'),
(2984, 325, 73, '2022-06-28', '01:00:00', '02:00:00', '01:00:00', '02:00:00', 0, '2022-06-28 14:07:53', '2022-06-28 14:07:53'),
(2988, 326, 74, '2022-06-29', '02:00:00', '03:00:00', '02:00:00', '03:00:00', 0, '2022-06-29 05:11:18', '2022-06-29 05:11:18'),
(3199, 329, 80, '2022-06-29', '12:00:00', '13:00:00', '12:00:00', '13:00:00', 0, '2022-06-29 05:57:34', '2022-06-29 05:57:34'),
(3385, 321, 76, '2022-06-29', '04:00:00', '05:00:00', '04:00:00', '05:00:00', 0, '2022-06-29 07:00:30', '2022-06-29 07:00:30'),
(3386, 321, 77, '2022-06-29', '02:00:00', '03:00:00', '02:00:00', '03:00:00', 0, '2022-06-29 07:00:30', '2022-06-29 07:00:30'),
(3387, 321, 75, '2022-06-29', '05:00:00', '06:00:00', '05:00:00', '06:00:00', 0, '2022-06-29 07:00:30', '2022-06-29 07:00:30'),
(3388, 321, 75, '2022-06-29', '06:00:00', '07:00:00', '06:00:00', '07:00:00', 0, '2022-06-29 07:00:30', '2022-06-29 07:00:30'),
(3389, 321, 78, '2022-06-29', '01:00:00', '02:00:00', '01:00:00', '02:00:00', 0, '2022-06-29 07:00:30', '2022-06-29 07:00:30'),
(3430, 319, 42, '2022-06-29', '01:00:00', '02:00:00', '01:00:00', '02:00:00', 0, '2022-06-29 07:30:36', '2022-06-29 07:30:36'),
(3431, 319, 43, '2022-06-29', '04:00:00', '05:00:00', '04:00:00', '05:00:00', 0, '2022-06-29 07:30:36', '2022-06-29 07:30:36'),
(3432, 319, 44, '2022-06-29', '11:00:00', '12:00:00', '11:00:00', '12:00:00', 0, '2022-06-29 07:30:36', '2022-06-29 07:30:36'),
(3433, 319, 45, '2022-06-29', '20:00:00', '21:00:00', '20:00:00', '21:00:00', 0, '2022-06-29 07:30:36', '2022-06-29 07:30:36'),
(3434, 319, 46, '2022-06-29', '18:00:00', '19:00:00', '18:00:00', '19:00:00', 0, '2022-06-29 07:30:36', '2022-06-29 07:30:36'),
(3435, 319, 46, '2022-06-29', '19:00:00', '20:00:00', '19:00:00', '20:00:00', 0, '2022-06-29 07:30:36', '2022-06-29 07:30:36'),
(3436, 319, 45, '2022-06-29', '20:00:00', '21:00:00', '20:00:00', '21:00:00', 0, '2022-06-29 07:30:36', '2022-06-29 07:30:36'),
(3437, 319, 44, '2022-06-29', '21:00:00', '22:00:00', '21:00:00', '22:00:00', 0, '2022-06-29 07:30:36', '2022-06-29 07:30:36'),
(3438, 319, 44, '2022-06-29', '00:07:00', '00:14:00', '00:07:00', '00:14:00', 0, '2022-06-29 07:30:36', '2022-06-29 07:30:36'),
(3439, 319, 44, '2022-06-29', '00:07:00', '00:14:00', '00:07:00', '00:14:00', 0, '2022-06-29 07:30:36', '2022-06-29 07:30:36'),
(3440, 319, 45, '2022-06-29', '12:08:00', '13:04:00', '12:08:00', '13:04:00', 0, '2022-06-29 07:30:36', '2022-06-29 07:30:36'),
(3441, 319, 43, '2022-06-29', '10:30:00', '10:44:00', '10:30:00', '10:44:00', 0, '2022-06-29 07:30:36', '2022-06-29 07:30:36'),
(3442, 319, 45, '2022-06-29', '01:00:00', '02:00:00', '01:00:00', '02:00:00', 0, '2022-06-29 07:30:36', '2022-06-29 07:30:36'),
(3443, 319, 45, '2022-06-29', '01:00:00', '02:00:00', '01:00:00', '02:00:00', 0, '2022-06-29 07:30:36', '2022-06-29 07:30:36'),
(3444, 319, 46, '2022-06-29', '02:00:00', '03:00:00', '02:00:00', '03:00:00', 0, '2022-06-29 07:30:36', '2022-06-29 07:30:36'),
(3445, 319, 46, '2022-06-29', '06:00:00', '07:00:00', '06:00:00', '07:00:00', 0, '2022-06-29 07:30:36', '2022-06-29 07:30:36'),
(3446, 319, 82, '2022-06-29', '02:00:00', '03:00:00', '02:00:00', '03:00:00', 0, '2022-06-29 07:30:36', '2022-06-29 07:30:36'),
(3447, 319, 82, '2022-06-29', '05:00:00', '06:00:00', '05:00:00', '06:00:00', 0, '2022-06-29 07:30:36', '2022-06-29 07:30:36'),
(3448, 319, 82, '2022-06-29', '00:00:00', '00:00:00', '05:00:00', '06:00:00', 0, '2022-06-29 07:30:36', '2022-06-29 07:30:36'),
(3645, 274, 4, '2022-06-29', '14:00:00', '14:30:00', '14:00:00', '14:30:00', 0, '2022-06-29 10:24:56', '2022-06-29 10:24:56'),
(3646, 274, 4, '2022-06-29', '14:00:00', '14:30:00', '14:00:00', '14:30:00', 0, '2022-06-29 10:24:56', '2022-06-29 10:24:56'),
(3647, 274, 4, '2022-06-29', '14:00:00', '14:30:00', '14:00:00', '14:30:00', 0, '2022-06-29 10:24:56', '2022-06-29 10:24:56'),
(3648, 274, 4, '2022-06-29', '14:00:00', '15:00:00', '14:00:00', '15:00:00', 0, '2022-06-29 10:24:56', '2022-06-29 10:24:56'),
(3649, 274, 5, '2022-06-29', '19:00:00', '20:00:00', '19:00:00', '20:00:00', 0, '2022-06-29 10:24:56', '2022-06-29 10:24:56'),
(3650, 274, 5, '2022-06-29', '19:00:00', '20:00:00', '19:00:00', '20:00:00', 0, '2022-06-29 10:24:56', '2022-06-29 10:24:56'),
(3651, 274, 5, '2022-06-29', '00:15:00', '00:30:00', '00:15:00', '00:30:00', 0, '2022-06-29 10:24:56', '2022-06-29 10:24:56'),
(3652, 274, 6, '2022-06-29', '20:00:00', '21:00:00', '20:00:00', '21:00:00', 0, '2022-06-29 10:24:56', '2022-06-29 10:24:56'),
(3653, 274, 6, '2022-06-29', '18:00:00', '19:00:00', '18:00:00', '19:00:00', 0, '2022-06-29 10:24:56', '2022-06-29 10:24:56'),
(3654, 274, 6, '2022-06-29', '18:00:00', '19:00:00', '18:00:00', '19:00:00', 0, '2022-06-29 10:24:56', '2022-06-29 10:24:56'),
(3655, 274, 6, '2022-06-29', '18:00:00', '23:00:00', '18:00:00', '23:00:00', 0, '2022-06-29 10:24:56', '2022-06-29 10:24:56'),
(3656, 274, 6, '2022-06-29', '17:00:00', '18:00:00', '17:00:00', '18:00:00', 0, '2022-06-29 10:24:56', '2022-06-29 10:24:56'),
(3657, 274, 7, '2022-06-29', '16:15:00', '16:30:00', '16:15:00', '16:30:00', 0, '2022-06-29 10:24:56', '2022-06-29 10:24:56'),
(3658, 274, 14, '2022-06-29', '00:30:00', '00:45:00', '00:30:00', '00:45:00', 0, '2022-06-29 10:24:56', '2022-06-29 10:24:56'),
(3659, 274, 4, '2022-06-29', '21:00:00', '22:00:00', '21:00:00', '22:00:00', 0, '2022-06-29 10:24:56', '2022-06-29 10:24:56'),
(3660, 274, 5, '2022-06-29', '22:00:00', '23:00:00', '22:00:00', '23:00:00', 0, '2022-06-29 10:24:56', '2022-06-29 10:24:56'),
(3661, 274, 5, '2022-06-29', '12:00:00', '13:00:00', '12:00:00', '13:00:00', 0, '2022-06-29 10:24:56', '2022-06-29 10:24:56'),
(3662, 274, 6, '2022-06-29', '11:00:00', '12:00:00', '11:00:00', '12:00:00', 0, '2022-06-29 10:24:56', '2022-06-29 10:24:56'),
(3663, 274, 6, '2022-06-29', '02:00:00', '03:00:00', '02:00:00', '03:00:00', 0, '2022-06-29 10:24:56', '2022-06-29 10:24:56'),
(3664, 274, 7, '2022-06-29', '03:00:00', '04:00:00', '03:00:00', '04:00:00', 0, '2022-06-29 10:24:56', '2022-06-29 10:24:56'),
(3665, 274, 5, '2022-06-29', '04:00:00', '05:00:00', '04:00:00', '05:00:00', 0, '2022-06-29 10:24:56', '2022-06-29 10:24:56'),
(3666, 274, 4, '2022-06-29', '14:00:00', '14:30:00', '14:00:00', '14:30:00', 0, '2022-06-29 10:24:56', '2022-06-29 10:24:56'),
(3667, 274, 5, '2022-06-29', '01:00:00', '02:00:00', '01:00:00', '02:00:00', 0, '2022-06-29 10:24:56', '2022-06-29 10:24:56'),
(3668, 274, 6, '2022-06-29', '01:00:00', '02:00:00', '01:00:00', '02:00:00', 0, '2022-06-29 10:24:56', '2022-06-29 10:24:56'),
(3669, 274, 14, '2022-06-29', '01:00:00', '02:00:00', '01:00:00', '02:00:00', 0, '2022-06-29 10:24:56', '2022-06-29 10:24:56'),
(3670, 274, 6, '2022-06-29', '04:00:00', '05:00:00', '04:00:00', '05:00:00', 0, '2022-06-29 10:24:56', '2022-06-29 10:24:56'),
(3671, 274, 6, '2022-06-29', '05:00:00', '06:00:00', '05:00:00', '06:00:00', 0, '2022-06-29 10:24:56', '2022-06-29 10:24:56'),
(3672, 274, 5, '2022-06-29', '06:00:00', '07:00:00', '06:00:00', '07:00:00', 0, '2022-06-29 10:24:56', '2022-06-29 10:24:56'),
(3673, 274, 5, '2022-06-29', '18:00:00', '19:00:00', '18:00:00', '19:00:00', 0, '2022-06-29 10:24:56', '2022-06-29 10:24:56'),
(3674, 274, 6, '2022-06-29', '00:45:00', '01:00:00', '00:45:00', '01:00:00', 0, '2022-06-29 10:24:56', '2022-06-29 10:24:56'),
(3675, 274, 6, '2022-06-29', '02:00:00', '02:45:00', '02:00:00', '02:45:00', 0, '2022-06-29 10:24:56', '2022-06-29 10:24:56'),
(3676, 274, 5, '2022-06-29', '01:00:00', '01:30:00', '01:00:00', '01:30:00', 0, '2022-06-29 10:24:56', '2022-06-29 10:24:56'),
(3677, 274, 6, '2022-06-29', '00:00:00', '00:00:00', '02:00:00', '02:45:00', 0, '2022-06-29 10:24:56', '2022-06-29 10:24:56'),
(3678, 274, 5, '2022-06-29', '00:00:00', '00:00:00', '01:00:00', '01:30:00', 0, '2022-06-29 10:24:56', '2022-06-29 10:24:56'),
(3778, 287, 8, '2022-06-29', '01:00:00', '02:00:00', '01:00:00', '02:00:00', 0, '2022-06-29 10:50:35', '2022-06-29 10:50:35'),
(3779, 287, 15, '2022-06-29', '03:00:00', '04:00:00', '03:00:00', '04:00:00', 0, '2022-06-29 10:50:35', '2022-06-29 10:50:35'),
(3780, 287, 9, '2022-06-29', '15:00:00', '16:00:00', '15:00:00', '16:00:00', 0, '2022-06-29 10:50:35', '2022-06-29 10:50:35'),
(3781, 287, 8, '2022-06-29', '04:00:00', '05:00:00', '04:00:00', '05:00:00', 0, '2022-06-29 10:50:35', '2022-06-29 10:50:35'),
(3782, 287, 8, '2022-06-29', '04:00:00', '05:15:00', '04:00:00', '05:15:00', 0, '2022-06-29 10:50:35', '2022-06-29 10:50:35'),
(3783, 287, 8, '2022-06-29', '04:00:00', '04:15:00', '04:00:00', '04:15:00', 0, '2022-06-29 10:50:35', '2022-06-29 10:50:35'),
(3784, 287, 8, '2022-06-29', '04:00:00', '04:30:00', '04:00:00', '04:30:00', 0, '2022-06-29 10:50:35', '2022-06-29 10:50:35'),
(3785, 287, 8, '2022-06-29', '04:00:00', '05:00:00', '04:00:00', '05:00:00', 0, '2022-06-29 10:50:35', '2022-06-29 10:50:35'),
(3786, 287, 8, '2022-06-29', '01:15:00', '02:30:00', '01:15:00', '02:30:00', 0, '2022-06-29 10:50:35', '2022-06-29 10:50:35'),
(3787, 287, 8, '2022-06-29', '04:00:00', '04:15:00', '04:00:00', '04:15:00', 0, '2022-06-29 10:50:35', '2022-06-29 10:50:35'),
(3788, 287, 8, '2022-06-29', '04:00:00', '04:30:00', '04:00:00', '04:30:00', 0, '2022-06-29 10:50:35', '2022-06-29 10:50:35'),
(3789, 287, 8, '2022-06-29', '04:00:00', '04:15:00', '04:00:00', '04:15:00', 0, '2022-06-29 10:50:35', '2022-06-29 10:50:35'),
(3790, 287, 8, '2022-06-29', '04:00:00', '04:30:00', '04:00:00', '04:30:00', 0, '2022-06-29 10:50:35', '2022-06-29 10:50:35'),
(3791, 287, 8, '2022-06-29', '04:00:00', '08:00:00', '04:00:00', '08:00:00', 0, '2022-06-29 10:50:35', '2022-06-29 10:50:35'),
(3792, 287, 8, '2022-06-29', '04:00:00', '05:00:00', '04:00:00', '05:00:00', 0, '2022-06-29 10:50:35', '2022-06-29 10:50:35'),
(3795, 332, 88, '2022-06-30', '03:00:00', '04:00:00', '03:00:00', '04:00:00', 0, '2022-06-30 04:44:16', '2022-06-30 04:44:16'),
(3828, 333, 89, '2022-06-30', '12:00:00', '13:00:00', '12:00:00', '13:00:00', 0, '2022-06-30 05:09:59', '2022-06-30 05:09:59'),
(3829, 287, 8, '2022-06-30', '01:00:00', '02:00:00', '01:00:00', '02:00:00', 0, '2022-06-30 05:12:14', '2022-06-30 05:12:14'),
(3830, 287, 15, '2022-06-30', '03:00:00', '04:00:00', '03:00:00', '04:00:00', 0, '2022-06-30 05:12:14', '2022-06-30 05:12:14'),
(3831, 287, 9, '2022-06-30', '15:00:00', '16:00:00', '15:00:00', '16:00:00', 0, '2022-06-30 05:12:14', '2022-06-30 05:12:14'),
(3832, 287, 8, '2022-06-30', '04:00:00', '05:00:00', '04:00:00', '05:00:00', 0, '2022-06-30 05:12:14', '2022-06-30 05:12:14'),
(3833, 287, 8, '2022-06-30', '04:00:00', '05:15:00', '04:00:00', '05:15:00', 0, '2022-06-30 05:12:14', '2022-06-30 05:12:14'),
(3834, 287, 8, '2022-06-30', '04:00:00', '04:15:00', '04:00:00', '04:15:00', 0, '2022-06-30 05:12:14', '2022-06-30 05:12:14'),
(3835, 287, 8, '2022-06-30', '04:00:00', '04:30:00', '04:00:00', '04:30:00', 0, '2022-06-30 05:12:14', '2022-06-30 05:12:14'),
(3836, 287, 8, '2022-06-30', '04:00:00', '05:00:00', '04:00:00', '05:00:00', 0, '2022-06-30 05:12:14', '2022-06-30 05:12:14'),
(3837, 287, 8, '2022-06-30', '01:15:00', '02:30:00', '01:15:00', '02:30:00', 0, '2022-06-30 05:12:14', '2022-06-30 05:12:14'),
(3838, 287, 8, '2022-06-30', '04:00:00', '04:15:00', '04:00:00', '04:15:00', 0, '2022-06-30 05:12:14', '2022-06-30 05:12:14'),
(3839, 287, 8, '2022-06-30', '04:00:00', '04:30:00', '04:00:00', '04:30:00', 0, '2022-06-30 05:12:14', '2022-06-30 05:12:14'),
(3840, 287, 8, '2022-06-30', '04:00:00', '04:15:00', '04:00:00', '04:15:00', 0, '2022-06-30 05:12:14', '2022-06-30 05:12:14'),
(3841, 287, 8, '2022-06-30', '04:00:00', '04:30:00', '04:00:00', '04:30:00', 0, '2022-06-30 05:12:14', '2022-06-30 05:12:14'),
(3842, 287, 8, '2022-06-30', '04:00:00', '08:00:00', '04:00:00', '08:00:00', 0, '2022-06-30 05:12:14', '2022-06-30 05:12:14'),
(3843, 287, 8, '2022-06-30', '04:00:00', '05:00:00', '04:00:00', '05:00:00', 0, '2022-06-30 05:12:14', '2022-06-30 05:12:14'),
(5154, 321, 76, '2022-06-30', '04:00:00', '05:00:00', '04:00:00', '05:00:00', 0, '2022-06-30 07:19:24', '2022-06-30 07:19:24'),
(5155, 321, 77, '2022-06-30', '02:00:00', '03:00:00', '02:00:00', '03:00:00', 0, '2022-06-30 07:19:24', '2022-06-30 07:19:24'),
(5156, 321, 75, '2022-06-30', '05:00:00', '06:00:00', '05:00:00', '06:00:00', 0, '2022-06-30 07:19:24', '2022-06-30 07:19:24'),
(5157, 321, 75, '2022-06-30', '06:00:00', '07:00:00', '06:00:00', '07:00:00', 0, '2022-06-30 07:19:24', '2022-06-30 07:19:24'),
(5158, 321, 78, '2022-06-30', '01:00:00', '02:00:00', '01:00:00', '02:00:00', 0, '2022-06-30 07:19:24', '2022-06-30 07:19:24'),
(5159, 321, 77, '2022-06-30', '00:00:00', '01:00:00', '00:00:00', '01:00:00', 0, '2022-06-30 07:19:24', '2022-06-30 07:19:24'),
(5164, 334, 90, '2022-06-30', '13:00:00', '14:00:00', '13:00:00', '14:00:00', 0, '2022-06-30 07:20:49', '2022-06-30 07:20:49'),
(5165, 334, 92, '2022-06-30', '01:00:00', '02:00:00', '01:00:00', '02:00:00', 0, '2022-06-30 07:20:49', '2022-06-30 07:20:49'),
(5166, 334, 93, '2022-06-30', '02:00:00', '03:00:00', '02:00:00', '03:00:00', 0, '2022-06-30 07:20:49', '2022-06-30 07:20:49'),
(5167, 334, 93, '2022-06-30', '23:00:00', '00:00:00', '23:00:00', '00:00:00', 0, '2022-06-30 07:20:49', '2022-06-30 07:20:49'),
(5168, 334, 90, '2022-06-30', '05:00:00', '06:00:00', '05:00:00', '06:00:00', 0, '2022-06-30 07:20:49', '2022-06-30 07:20:49'),
(7047, 319, 42, '2022-06-30', '01:00:00', '02:00:00', '01:00:00', '02:00:00', 0, '2022-06-30 11:22:18', '2022-06-30 11:22:18'),
(7048, 319, 44, '2022-06-30', '11:00:00', '12:00:00', '11:00:00', '12:00:00', 0, '2022-06-30 11:22:18', '2022-06-30 11:22:18'),
(7049, 319, 45, '2022-06-30', '20:00:00', '21:00:00', '20:00:00', '21:00:00', 0, '2022-06-30 11:22:18', '2022-06-30 11:22:18'),
(7050, 319, 46, '2022-06-30', '18:00:00', '19:00:00', '18:00:00', '19:00:00', 0, '2022-06-30 11:22:18', '2022-06-30 11:22:18'),
(7051, 319, 46, '2022-06-30', '19:00:00', '20:00:00', '19:00:00', '20:00:00', 0, '2022-06-30 11:22:18', '2022-06-30 11:22:18'),
(7052, 319, 45, '2022-06-30', '20:00:00', '21:00:00', '20:00:00', '21:00:00', 0, '2022-06-30 11:22:18', '2022-06-30 11:22:18'),
(7053, 319, 44, '2022-06-30', '21:00:00', '22:00:00', '21:00:00', '22:00:00', 0, '2022-06-30 11:22:18', '2022-06-30 11:22:18'),
(7054, 319, 45, '2022-06-30', '01:00:00', '02:00:00', '01:00:00', '02:00:00', 0, '2022-06-30 11:22:18', '2022-06-30 11:22:18'),
(7055, 319, 45, '2022-06-30', '01:00:00', '02:00:00', '01:00:00', '02:00:00', 0, '2022-06-30 11:22:18', '2022-06-30 11:22:18'),
(7056, 319, 46, '2022-06-30', '02:00:00', '03:00:00', '02:00:00', '03:00:00', 0, '2022-06-30 11:22:18', '2022-06-30 11:22:18'),
(7057, 319, 46, '2022-06-30', '06:00:00', '07:00:00', '06:00:00', '07:00:00', 0, '2022-06-30 11:22:18', '2022-06-30 11:22:18'),
(7058, 319, 82, '2022-06-30', '02:00:00', '03:00:00', '02:00:00', '03:00:00', 0, '2022-06-30 11:22:18', '2022-06-30 11:22:18'),
(7059, 319, 82, '2022-06-30', '05:00:00', '06:00:00', '05:00:00', '06:00:00', 0, '2022-06-30 11:22:18', '2022-06-30 11:22:18'),
(7060, 319, 82, '2022-06-30', '03:00:00', '04:00:00', '03:00:00', '04:00:00', 0, '2022-06-30 11:22:18', '2022-06-30 11:22:18'),
(7061, 319, 81, '2022-06-30', '05:00:00', '06:00:00', '05:00:00', '06:00:00', 0, '2022-06-30 11:22:18', '2022-06-30 11:22:18'),
(7062, 319, 81, '2022-06-30', '06:00:00', '07:00:00', '06:00:00', '07:00:00', 0, '2022-06-30 11:22:18', '2022-06-30 11:22:18'),
(7063, 319, 44, '2022-06-30', '07:00:00', '08:00:00', '07:00:00', '08:00:00', 0, '2022-06-30 11:22:18', '2022-06-30 11:22:18'),
(7064, 319, 81, '2022-06-30', '01:30:00', '02:00:00', '01:30:00', '02:00:00', 0, '2022-06-30 11:22:18', '2022-06-30 11:22:18'),
(7065, 319, 45, '2022-06-30', '03:30:00', '04:00:00', '03:30:00', '04:00:00', 0, '2022-06-30 11:22:18', '2022-06-30 11:22:18'),
(7066, 319, 45, '2022-06-30', '09:00:00', '10:00:00', '09:00:00', '10:00:00', 0, '2022-06-30 11:22:18', '2022-06-30 11:22:18'),
(7067, 319, 45, '2022-06-30', '00:00:00', '00:00:00', '03:30:00', '04:00:00', 0, '2022-06-30 11:22:18', '2022-06-30 11:22:18'),
(7068, 319, 45, '2022-06-30', '00:00:00', '00:00:00', '03:30:00', '04:00:00', 0, '2022-06-30 11:22:18', '2022-06-30 11:22:18'),
(7069, 319, 45, '2022-06-30', '00:00:00', '00:00:00', '09:00:00', '10:00:00', 0, '2022-06-30 11:22:18', '2022-06-30 11:22:18'),
(7113, 320, 94, '2022-06-30', '08:00:00', '09:00:00', '08:00:00', '09:00:00', 0, '2022-06-30 11:41:33', '2022-06-30 11:41:33'),
(7114, 320, 95, '2022-06-30', '05:00:00', '06:00:00', '05:00:00', '06:00:00', 0, '2022-06-30 11:41:33', '2022-06-30 11:41:33'),
(7115, 320, 96, '2022-06-30', '10:00:00', '11:00:00', '10:00:00', '11:00:00', 0, '2022-06-30 11:41:33', '2022-06-30 11:41:33'),
(7116, 320, 96, '2022-06-30', '10:00:00', '11:30:00', '10:00:00', '11:30:00', 0, '2022-06-30 11:41:33', '2022-06-30 11:41:33'),
(7117, 320, 97, '2022-06-30', '13:00:00', '14:00:00', '13:00:00', '14:00:00', 0, '2022-06-30 11:41:33', '2022-06-30 11:41:33'),
(7118, 320, 97, '2022-06-30', '13:00:00', '17:00:00', '13:00:00', '17:00:00', 0, '2022-06-30 11:41:33', '2022-06-30 11:41:33'),
(7119, 320, 98, '2022-06-30', '12:00:00', '13:00:00', '12:00:00', '13:00:00', 0, '2022-06-30 11:41:33', '2022-06-30 11:41:33'),
(7120, 320, 99, '2022-06-30', '16:00:00', '17:00:00', '16:00:00', '17:00:00', 0, '2022-06-30 11:41:33', '2022-06-30 11:41:33'),
(7121, 320, 99, '2022-06-30', '16:00:00', '17:00:00', '16:00:00', '17:00:00', 0, '2022-06-30 11:41:33', '2022-06-30 11:41:33'),
(7135, 274, 7, '2022-06-30', '04:00:00', '05:00:00', '04:00:00', '05:00:00', 0, '2022-06-30 13:25:48', '2022-06-30 13:25:48'),
(7136, 274, 47, '2022-06-30', '02:00:00', '03:00:00', '02:00:00', '03:00:00', 0, '2022-06-30 13:25:48', '2022-06-30 13:25:48'),
(7137, 274, 55, '2022-06-30', '01:00:00', '02:00:00', '01:00:00', '02:00:00', 0, '2022-06-30 13:25:48', '2022-06-30 13:25:48'),
(7138, 274, 100, '2022-06-30', '05:00:00', '06:00:00', '05:00:00', '06:00:00', 0, '2022-06-30 13:25:48', '2022-06-30 13:25:48'),
(7139, 274, 61, '2022-06-30', '10:00:00', '11:00:00', '10:00:00', '11:00:00', 0, '2022-06-30 13:25:48', '2022-06-30 13:25:48'),
(7140, 274, 61, '2022-06-30', '10:00:00', '13:15:00', '10:00:00', '13:15:00', 0, '2022-06-30 13:25:48', '2022-06-30 13:25:48'),
(7141, 274, 7, '2022-07-01', '04:00:00', '05:00:00', '04:00:00', '05:00:00', 0, '2022-07-01 06:22:14', '2022-07-01 06:22:14'),
(7142, 274, 47, '2022-07-01', '02:00:00', '03:00:00', '02:00:00', '03:00:00', 0, '2022-07-01 06:22:14', '2022-07-01 06:22:14'),
(7143, 274, 55, '2022-07-01', '01:00:00', '02:00:00', '01:00:00', '02:00:00', 0, '2022-07-01 06:22:14', '2022-07-01 06:22:14'),
(7144, 274, 100, '2022-07-01', '05:00:00', '06:00:00', '05:00:00', '06:00:00', 0, '2022-07-01 06:22:14', '2022-07-01 06:22:14'),
(7145, 274, 61, '2022-07-01', '10:00:00', '11:00:00', '10:00:00', '11:00:00', 0, '2022-07-01 06:22:14', '2022-07-01 06:22:14'),
(7146, 274, 61, '2022-07-01', '10:00:00', '13:15:00', '10:00:00', '13:15:00', 0, '2022-07-01 06:22:14', '2022-07-01 06:22:14'),
(7147, 319, 42, '2022-07-01', '01:00:00', '02:00:00', '01:00:00', '02:00:00', 0, '2022-07-01 06:27:37', '2022-07-01 06:27:37'),
(7148, 319, 44, '2022-07-01', '11:00:00', '12:00:00', '11:00:00', '12:00:00', 0, '2022-07-01 06:27:37', '2022-07-01 06:27:37'),
(7149, 319, 45, '2022-07-01', '20:00:00', '21:00:00', '20:00:00', '21:00:00', 0, '2022-07-01 06:27:37', '2022-07-01 06:27:37'),
(7150, 319, 46, '2022-07-01', '18:00:00', '19:00:00', '18:00:00', '19:00:00', 0, '2022-07-01 06:27:37', '2022-07-01 06:27:37'),
(7151, 319, 46, '2022-07-01', '19:00:00', '20:00:00', '19:00:00', '20:00:00', 0, '2022-07-01 06:27:37', '2022-07-01 06:27:37'),
(7152, 319, 45, '2022-07-01', '20:00:00', '21:00:00', '20:00:00', '21:00:00', 0, '2022-07-01 06:27:37', '2022-07-01 06:27:37'),
(7153, 319, 44, '2022-07-01', '21:00:00', '22:00:00', '21:00:00', '22:00:00', 0, '2022-07-01 06:27:37', '2022-07-01 06:27:37'),
(7154, 319, 45, '2022-07-01', '01:00:00', '02:00:00', '01:00:00', '02:00:00', 0, '2022-07-01 06:27:37', '2022-07-01 06:27:37'),
(7155, 319, 45, '2022-07-01', '01:00:00', '02:00:00', '01:00:00', '02:00:00', 0, '2022-07-01 06:27:37', '2022-07-01 06:27:37'),
(7156, 319, 46, '2022-07-01', '02:00:00', '03:00:00', '02:00:00', '03:00:00', 0, '2022-07-01 06:27:37', '2022-07-01 06:27:37'),
(7157, 319, 46, '2022-07-01', '06:00:00', '07:00:00', '06:00:00', '07:00:00', 0, '2022-07-01 06:27:37', '2022-07-01 06:27:37'),
(7158, 319, 82, '2022-07-01', '02:00:00', '03:00:00', '02:00:00', '03:00:00', 0, '2022-07-01 06:27:37', '2022-07-01 06:27:37'),
(7159, 319, 82, '2022-07-01', '05:00:00', '06:00:00', '05:00:00', '06:00:00', 0, '2022-07-01 06:27:37', '2022-07-01 06:27:37'),
(7160, 319, 82, '2022-07-01', '03:00:00', '04:00:00', '03:00:00', '04:00:00', 0, '2022-07-01 06:27:37', '2022-07-01 06:27:37'),
(7161, 319, 81, '2022-07-01', '05:00:00', '06:00:00', '05:00:00', '06:00:00', 0, '2022-07-01 06:27:37', '2022-07-01 06:27:37'),
(7162, 319, 81, '2022-07-01', '06:00:00', '07:00:00', '06:00:00', '07:00:00', 0, '2022-07-01 06:27:37', '2022-07-01 06:27:37'),
(7163, 319, 44, '2022-07-01', '07:00:00', '08:00:00', '07:00:00', '08:00:00', 0, '2022-07-01 06:27:37', '2022-07-01 06:27:37'),
(7164, 319, 81, '2022-07-01', '01:30:00', '02:00:00', '01:30:00', '02:00:00', 0, '2022-07-01 06:27:37', '2022-07-01 06:27:37'),
(7165, 319, 45, '2022-07-01', '03:30:00', '04:00:00', '03:30:00', '04:00:00', 0, '2022-07-01 06:27:37', '2022-07-01 06:27:37'),
(7166, 319, 45, '2022-07-01', '09:00:00', '10:00:00', '09:00:00', '10:00:00', 0, '2022-07-01 06:27:37', '2022-07-01 06:27:37'),
(7167, 321, 76, '2022-07-01', '04:00:00', '05:00:00', '04:00:00', '05:00:00', 0, '2022-07-01 06:38:22', '2022-07-01 06:38:22'),
(7168, 321, 77, '2022-07-01', '02:00:00', '03:00:00', '02:00:00', '03:00:00', 0, '2022-07-01 06:38:22', '2022-07-01 06:38:22'),
(7169, 321, 75, '2022-07-01', '05:00:00', '06:00:00', '05:00:00', '06:00:00', 0, '2022-07-01 06:38:22', '2022-07-01 06:38:22'),
(7170, 321, 75, '2022-07-01', '06:00:00', '07:00:00', '06:00:00', '07:00:00', 0, '2022-07-01 06:38:22', '2022-07-01 06:38:22'),
(7171, 321, 78, '2022-07-01', '01:00:00', '02:00:00', '01:00:00', '02:00:00', 0, '2022-07-01 06:38:22', '2022-07-01 06:38:22'),
(7172, 274, 7, '2022-07-04', '04:00:00', '05:00:00', '04:00:00', '05:00:00', 0, '2022-07-04 04:59:32', '2022-07-04 04:59:32'),
(7173, 274, 47, '2022-07-04', '02:00:00', '03:00:00', '02:00:00', '03:00:00', 0, '2022-07-04 04:59:32', '2022-07-04 04:59:32'),
(7174, 274, 55, '2022-07-04', '01:00:00', '02:00:00', '01:00:00', '02:00:00', 0, '2022-07-04 04:59:32', '2022-07-04 04:59:32'),
(7175, 274, 100, '2022-07-04', '05:00:00', '06:00:00', '05:00:00', '06:00:00', 0, '2022-07-04 04:59:32', '2022-07-04 04:59:32'),
(7176, 274, 61, '2022-07-04', '10:00:00', '11:00:00', '10:00:00', '11:00:00', 0, '2022-07-04 04:59:32', '2022-07-04 04:59:32'),
(7177, 274, 61, '2022-07-04', '10:00:00', '13:15:00', '10:00:00', '13:15:00', 0, '2022-07-04 04:59:32', '2022-07-04 04:59:32'),
(7241, 319, 42, '2022-07-04', '01:00:00', '02:00:00', '01:00:00', '02:00:00', 0, '2022-07-04 11:35:03', '2022-07-04 11:35:03'),
(7242, 319, 44, '2022-07-04', '11:00:00', '12:00:00', '11:00:00', '12:00:00', 0, '2022-07-04 11:35:03', '2022-07-04 11:35:03'),
(7243, 319, 45, '2022-07-04', '20:00:00', '21:00:00', '20:00:00', '21:00:00', 0, '2022-07-04 11:35:03', '2022-07-04 11:35:03'),
(7244, 319, 46, '2022-07-04', '18:00:00', '19:00:00', '18:00:00', '19:00:00', 0, '2022-07-04 11:35:03', '2022-07-04 11:35:03'),
(7245, 319, 46, '2022-07-04', '19:00:00', '20:00:00', '19:00:00', '20:00:00', 0, '2022-07-04 11:35:03', '2022-07-04 11:35:03'),
(7246, 319, 45, '2022-07-04', '20:00:00', '21:00:00', '20:00:00', '21:00:00', 0, '2022-07-04 11:35:03', '2022-07-04 11:35:03'),
(7247, 319, 44, '2022-07-04', '21:00:00', '22:00:00', '21:00:00', '22:00:00', 0, '2022-07-04 11:35:03', '2022-07-04 11:35:03'),
(7248, 319, 45, '2022-07-04', '01:00:00', '02:00:00', '01:00:00', '02:00:00', 0, '2022-07-04 11:35:03', '2022-07-04 11:35:03'),
(7249, 319, 45, '2022-07-04', '01:00:00', '02:00:00', '01:00:00', '02:00:00', 0, '2022-07-04 11:35:03', '2022-07-04 11:35:03'),
(7250, 319, 46, '2022-07-04', '02:00:00', '03:00:00', '02:00:00', '03:00:00', 0, '2022-07-04 11:35:03', '2022-07-04 11:35:03'),
(7251, 319, 46, '2022-07-04', '06:00:00', '07:00:00', '06:00:00', '07:00:00', 0, '2022-07-04 11:35:03', '2022-07-04 11:35:03'),
(7252, 319, 82, '2022-07-04', '02:00:00', '03:00:00', '02:00:00', '03:00:00', 0, '2022-07-04 11:35:03', '2022-07-04 11:35:03'),
(7253, 319, 82, '2022-07-04', '05:00:00', '06:00:00', '05:00:00', '06:00:00', 0, '2022-07-04 11:35:03', '2022-07-04 11:35:03'),
(7254, 319, 82, '2022-07-04', '03:00:00', '04:00:00', '03:00:00', '04:00:00', 0, '2022-07-04 11:35:03', '2022-07-04 11:35:03'),
(7255, 319, 81, '2022-07-04', '05:00:00', '06:00:00', '05:00:00', '06:00:00', 0, '2022-07-04 11:35:03', '2022-07-04 11:35:03'),
(7256, 319, 81, '2022-07-04', '06:00:00', '07:00:00', '06:00:00', '07:00:00', 0, '2022-07-04 11:35:03', '2022-07-04 11:35:03'),
(7257, 319, 44, '2022-07-04', '07:00:00', '08:00:00', '07:00:00', '08:00:00', 0, '2022-07-04 11:35:03', '2022-07-04 11:35:03'),
(7258, 319, 81, '2022-07-04', '01:30:00', '02:00:00', '01:30:00', '02:00:00', 0, '2022-07-04 11:35:03', '2022-07-04 11:35:03'),
(7259, 319, 45, '2022-07-04', '03:30:00', '04:00:00', '03:30:00', '04:00:00', 0, '2022-07-04 11:35:03', '2022-07-04 11:35:03'),
(7260, 319, 45, '2022-07-04', '09:00:00', '10:00:00', '09:00:00', '10:00:00', 0, '2022-07-04 11:35:03', '2022-07-04 11:35:03'),
(7261, 319, 91, '2022-07-04', '04:00:00', '05:00:00', '04:00:00', '05:00:00', 0, '2022-07-04 11:35:03', '2022-07-04 11:35:03'),
(7262, 319, 91, '2022-07-04', '04:00:00', '05:00:00', '04:00:00', '05:00:00', 0, '2022-07-04 11:35:03', '2022-07-04 11:35:03'),
(7263, 319, 91, '2022-07-04', '04:00:00', '05:00:00', '04:00:00', '05:00:00', 0, '2022-07-04 11:35:03', '2022-07-04 11:35:03'),
(7264, 274, 7, '2022-07-05', '04:00:00', '05:00:00', '04:00:00', '05:00:00', 0, '2022-07-05 04:23:54', '2022-07-05 04:23:54'),
(7265, 274, 47, '2022-07-05', '02:00:00', '03:00:00', '02:00:00', '03:00:00', 0, '2022-07-05 04:23:54', '2022-07-05 04:23:54'),
(7266, 274, 55, '2022-07-05', '01:00:00', '02:00:00', '01:00:00', '02:00:00', 0, '2022-07-05 04:23:54', '2022-07-05 04:23:54'),
(7267, 274, 100, '2022-07-05', '05:00:00', '06:00:00', '05:00:00', '06:00:00', 0, '2022-07-05 04:23:54', '2022-07-05 04:23:54'),
(7268, 274, 61, '2022-07-05', '10:00:00', '11:00:00', '10:00:00', '11:00:00', 0, '2022-07-05 04:23:54', '2022-07-05 04:23:54'),
(7269, 274, 61, '2022-07-05', '10:00:00', '13:15:00', '10:00:00', '13:15:00', 0, '2022-07-05 04:23:54', '2022-07-05 04:23:54'),
(8504, 319, 46, '2022-07-05', '19:00:00', '20:00:00', '19:00:00', '20:00:00', 0, '2022-07-05 10:38:03', '2022-07-05 10:38:03'),
(8505, 319, 44, '2022-07-05', '21:00:00', '22:00:00', '21:00:00', '22:00:00', 0, '2022-07-05 10:38:03', '2022-07-05 10:38:03'),
(8506, 319, 46, '2022-07-05', '06:00:00', '07:00:00', '06:00:00', '07:00:00', 0, '2022-07-05 10:38:03', '2022-07-05 10:38:03'),
(8507, 319, 81, '2022-07-05', '06:00:00', '07:00:00', '06:00:00', '07:00:00', 0, '2022-07-05 10:38:03', '2022-07-05 10:38:03'),
(8508, 319, 45, '2022-07-05', '03:30:00', '04:00:00', '03:30:00', '04:00:00', 0, '2022-07-05 10:38:03', '2022-07-05 10:38:03'),
(8509, 319, 91, '2022-07-05', '04:00:00', '05:00:00', '04:00:00', '05:00:00', 0, '2022-07-05 10:38:03', '2022-07-05 10:38:03'),
(8510, 319, 91, '2022-07-05', '04:00:00', '05:00:00', '04:00:00', '05:00:00', 0, '2022-07-05 10:38:03', '2022-07-05 10:38:03'),
(8511, 319, 91, '2022-07-05', '04:00:00', '05:00:00', '04:00:00', '05:00:00', 0, '2022-07-05 10:38:03', '2022-07-05 10:38:03'),
(8512, 319, 44, '2022-07-05', '15:00:00', '16:00:00', '15:00:00', '16:00:00', 0, '2022-07-05 10:38:03', '2022-07-05 10:38:03'),
(8513, 319, 44, '2022-07-05', '15:00:00', '16:00:00', '15:00:00', '16:00:00', 0, '2022-07-05 10:38:03', '2022-07-05 10:38:03'),
(8514, 319, 44, '2022-07-05', '08:00:00', '09:00:00', '08:00:00', '09:00:00', 0, '2022-07-05 10:38:03', '2022-07-05 10:38:03'),
(8515, 319, 44, '2022-07-05', '10:00:00', '11:00:00', '10:00:00', '11:00:00', 0, '2022-07-05 10:38:03', '2022-07-05 10:38:03'),
(8516, 319, 44, '2022-07-05', '10:00:00', '11:00:00', '10:00:00', '11:00:00', 0, '2022-07-05 10:38:03', '2022-07-05 10:38:03'),
(8517, 319, 44, '2022-07-05', '10:00:00', '11:00:00', '10:00:00', '11:00:00', 0, '2022-07-05 10:38:03', '2022-07-05 10:38:03'),
(8518, 319, 44, '2022-07-05', '10:00:00', '11:00:00', '10:00:00', '11:00:00', 0, '2022-07-05 10:38:03', '2022-07-05 10:38:03'),
(8519, 319, 44, '2022-07-05', '10:00:00', '11:00:00', '10:00:00', '11:00:00', 0, '2022-07-05 10:38:03', '2022-07-05 10:38:03'),
(8520, 319, 44, '2022-07-05', '10:00:00', '11:00:00', '10:00:00', '11:00:00', 0, '2022-07-05 10:38:03', '2022-07-05 10:38:03'),
(8521, 319, 44, '2022-07-05', '10:00:00', '11:00:00', '10:00:00', '11:00:00', 0, '2022-07-05 10:38:03', '2022-07-05 10:38:03'),
(8522, 319, 43, '2022-07-05', '13:00:00', '14:00:00', '13:00:00', '14:00:00', 0, '2022-07-05 10:38:03', '2022-07-05 10:38:03'),
(8523, 319, 101, '2022-07-05', '22:00:00', '23:00:00', '22:00:00', '23:00:00', 0, '2022-07-05 10:38:03', '2022-07-05 10:38:03'),
(8524, 319, 101, '2022-07-05', '22:00:00', '23:00:00', '22:00:00', '23:00:00', 0, '2022-07-05 10:38:03', '2022-07-05 10:38:03'),
(8525, 319, 101, '2022-07-05', '22:00:00', '23:00:00', '22:00:00', '23:00:00', 0, '2022-07-05 10:38:03', '2022-07-05 10:38:03'),
(8526, 319, 101, '2022-07-05', '00:00:00', '00:00:00', '22:00:00', '23:00:00', 0, '2022-07-05 10:38:03', '2022-07-05 10:38:03'),
(8527, 319, 101, '2022-07-05', '00:00:00', '00:00:00', '22:00:00', '23:00:00', 0, '2022-07-05 10:38:03', '2022-07-05 10:38:03'),
(8528, 319, 101, '2022-07-05', '00:00:00', '00:00:00', '22:00:00', '23:00:00', 0, '2022-07-05 10:38:03', '2022-07-05 10:38:03'),
(8529, 319, 101, '2022-07-05', '00:00:00', '00:00:00', '22:00:00', '23:00:00', 0, '2022-07-05 10:38:03', '2022-07-05 10:38:03'),
(8530, 319, 101, '2022-07-05', '00:00:00', '00:00:00', '22:00:00', '23:00:00', 0, '2022-07-05 10:38:03', '2022-07-05 10:38:03'),
(8531, 319, 101, '2022-07-05', '00:00:00', '00:00:00', '22:00:00', '23:00:00', 0, '2022-07-05 10:38:03', '2022-07-05 10:38:03'),
(8532, 319, 101, '2022-07-05', '00:00:00', '00:00:00', '22:00:00', '23:00:00', 0, '2022-07-05 10:38:03', '2022-07-05 10:38:03'),
(8533, 319, 101, '2022-07-05', '00:00:00', '00:00:00', '22:00:00', '23:00:00', 0, '2022-07-05 10:38:03', '2022-07-05 10:38:03'),
(8534, 319, 101, '2022-07-05', '00:00:00', '00:00:00', '22:00:00', '23:00:00', 0, '2022-07-05 10:38:03', '2022-07-05 10:38:03'),
(8535, 319, 101, '2022-07-05', '00:00:00', '00:00:00', '22:00:00', '23:00:00', 0, '2022-07-05 10:38:03', '2022-07-05 10:38:03'),
(8536, 319, 101, '2022-07-05', '00:00:00', '00:00:00', '22:00:00', '23:00:00', 0, '2022-07-05 10:38:03', '2022-07-05 10:38:03'),
(8537, 319, 101, '2022-07-05', '00:00:00', '00:00:00', '22:00:00', '23:00:00', 0, '2022-07-05 10:38:03', '2022-07-05 10:38:03'),
(8538, 319, 101, '2022-07-05', '00:00:00', '00:00:00', '22:00:00', '23:00:00', 0, '2022-07-05 10:38:03', '2022-07-05 10:38:03'),
(8539, 319, 101, '2022-07-05', '00:00:00', '00:00:00', '22:00:00', '23:00:00', 0, '2022-07-05 10:38:03', '2022-07-05 10:38:03'),
(8540, 319, 101, '2022-07-05', '00:00:00', '00:00:00', '22:00:00', '23:00:00', 0, '2022-07-05 10:38:03', '2022-07-05 10:38:03'),
(8541, 319, 101, '2022-07-05', '00:00:00', '00:00:00', '22:00:00', '23:00:00', 0, '2022-07-05 10:38:03', '2022-07-05 10:38:03'),
(8542, 319, 101, '2022-07-05', '00:00:00', '00:00:00', '22:00:00', '23:00:00', 0, '2022-07-05 10:38:03', '2022-07-05 10:38:03');

-- --------------------------------------------------------

--
-- Table structure for table `usercards`
--

CREATE TABLE `usercards` (
  `id` bigint(20) UNSIGNED NOT NULL,
  `user_id` int(11) NOT NULL,
  `user_customer_id` int(11) NOT NULL,
  `card_token` varchar(255) COLLATE utf8mb4_unicode_ci NOT NULL,
  `created_at` timestamp NULL DEFAULT NULL,
  `updated_at` timestamp NULL DEFAULT NULL
) ENGINE=InnoDB DEFAULT CHARSET=utf8mb4 COLLATE=utf8mb4_unicode_ci;

--
-- Dumping data for table `usercards`
--

INSERT INTO `usercards` (`id`, `user_id`, `user_customer_id`, `card_token`, `created_at`, `updated_at`) VALUES
(1, 165, 0, 'card_1KlBfLItQT8ZzyO12uy52mD9', NULL, NULL),
(2, 165, 0, 'card_1KlBuUItQT8ZzyO10amlLmpb', NULL, NULL),
(3, 165, 0, 'card_1KlBvlItQT8ZzyO1ZqBUJtOo', NULL, NULL),
(4, 165, 0, 'card_1KlBxXItQT8ZzyO1mumVgL14', NULL, NULL),
(5, 165, 0, 'card_1KlBy8ItQT8ZzyO1zU1zT3xJ', NULL, NULL),
(6, 165, 0, 'card_1KlBytItQT8ZzyO11cGQJQub', NULL, NULL),
(7, 165, 0, 'card_1KlBzMItQT8ZzyO1sYLrvijq', NULL, NULL),
(8, 165, 0, 'card_1KlC9NItQT8ZzyO1JT7ezoLu', NULL, NULL),
(9, 165, 0, 'card_1KlCAXItQT8ZzyO1e4AS6wKK', NULL, NULL),
(10, 165, 0, 'card_1KlCBLItQT8ZzyO13dIlYcWN', NULL, NULL),
(11, 165, 0, 'card_1KlCIhItQT8ZzyO1R8non04R', NULL, NULL),
(12, 165, 0, 'card_1KlCKlItQT8ZzyO1SG70Jq87', NULL, NULL),
(13, 165, 0, 'card_1KlCPQItQT8ZzyO1hEOq4qEa', NULL, NULL),
(14, 165, 0, 'card_1KlCQ2ItQT8ZzyO17lyfYyT8', NULL, NULL),
(15, 165, 0, 'card_1KlCkNItQT8ZzyO1ulXejsuV', NULL, NULL),
(16, 165, 0, 'card_1KlCl0ItQT8ZzyO1FvlLcwz0', NULL, NULL),
(17, 165, 0, 'card_1KlCn4ItQT8ZzyO1fHd8O9rS', NULL, NULL),
(18, 165, 0, 'card_1KlCp9ItQT8ZzyO18FOGkrqm', NULL, NULL),
(19, 165, 0, 'card_1KlCpzItQT8ZzyO1FLUx6OAU', NULL, NULL),
(20, 165, 0, 'card_1KlCqrItQT8ZzyO1IPQnXLsW', NULL, NULL),
(21, 165, 0, 'card_1KlCsDItQT8ZzyO1iZxw2K3c', NULL, NULL),
(22, 165, 0, 'card_1KlCsnItQT8ZzyO1H7eM5Pi4', NULL, NULL),
(23, 165, 0, 'card_1KlCtNItQT8ZzyO17P1Nfr7k', NULL, NULL),
(24, 165, 0, 'card_1KlCusItQT8ZzyO1RzTXuF30', NULL, NULL),
(25, 165, 0, 'card_1KlCxuItQT8ZzyO16FmHsHn1', NULL, NULL),
(26, 165, 0, 'card_1KlCzIItQT8ZzyO1SX17QkUq', NULL, NULL),
(27, 165, 0, 'card_1KlD1BItQT8ZzyO1kNShnXtG', NULL, NULL),
(28, 165, 0, 'card_1KlD29ItQT8ZzyO13Fi0h0Pq', NULL, NULL),
(29, 165, 0, 'card_1KlQDVItQT8ZzyO1LkQrT5ts', NULL, NULL),
(30, 165, 0, 'card_1KlQHcItQT8ZzyO1FPHX1kIX', NULL, NULL),
(31, 165, 0, 'card_1KlQIhItQT8ZzyO14uKhUaFY', NULL, NULL),
(32, 165, 0, 'card_1KlQLYItQT8ZzyO1lMf6yzbJ', NULL, NULL),
(33, 165, 0, 'card_1KlQQBItQT8ZzyO1vlC4SkwE', NULL, NULL),
(34, 165, 0, 'card_1KlQVCItQT8ZzyO1z2vBPGc9', NULL, NULL),
(35, 165, 0, 'card_1KlQX4ItQT8ZzyO1ZgJ97815', NULL, NULL),
(36, 165, 0, 'card_1KlQZsItQT8ZzyO10JuEz1Fi', NULL, NULL),
(37, 165, 0, 'card_1KlQd4ItQT8ZzyO12b2LE7aH', NULL, NULL),
(38, 165, 0, 'card_1KlQdsItQT8ZzyO1ErMHeRCn', NULL, NULL),
(39, 165, 0, 'card_1KlQe7ItQT8ZzyO1F3eTqdrO', NULL, NULL),
(40, 165, 0, 'card_1KlQegItQT8ZzyO1m2xz32JN', NULL, NULL),
(41, 165, 0, 'card_1KlQfaItQT8ZzyO1TDsYdTPJ', NULL, NULL),
(42, 165, 0, 'card_1KlQh0ItQT8ZzyO1YFvwz2Iu', NULL, NULL),
(43, 165, 0, 'card_1KlQjBItQT8ZzyO1rhOhbClT', NULL, NULL),
(44, 165, 0, 'card_1KlQjbItQT8ZzyO1D6gE5OWW', NULL, NULL),
(45, 165, 0, 'card_1KlQjoItQT8ZzyO1PxiSyysR', NULL, NULL),
(46, 165, 0, 'card_1KlQlDItQT8ZzyO1HVowL3dD', NULL, NULL),
(47, 165, 0, 'card_1KlQlrItQT8ZzyO1Lo8X0Cog', NULL, NULL),
(48, 165, 0, 'card_1KlQmkItQT8ZzyO1KPtPtDfU', NULL, NULL),
(49, 165, 0, 'card_1KlQt3ItQT8ZzyO1znPgS5IF', NULL, NULL),
(50, 165, 0, 'card_1KlQwYItQT8ZzyO1uNBfBWHO', NULL, NULL),
(51, 169, 0, 'card_1KlRv1ItQT8ZzyO1lnKL3TfU', NULL, NULL),
(52, 169, 0, 'card_1KlRxRItQT8ZzyO1htShKZyN', NULL, NULL),
(53, 169, 0, 'card_1KlV07ItQT8ZzyO132LMOYEY', NULL, NULL),
(54, 169, 0, 'card_1KlV9VItQT8ZzyO17vIYOlj5', NULL, NULL),
(55, 290, 0, 'card_1L42N5ItQT8ZzyO1MH2DdfFJ', NULL, NULL),
(56, 287, 0, 'card_1L42P1ItQT8ZzyO1D0lZxqQ2', NULL, NULL);

-- --------------------------------------------------------

--
-- Table structure for table `users`
--

CREATE TABLE `users` (
  `id` bigint(20) UNSIGNED NOT NULL,
  `first_name` varchar(255) COLLATE utf8mb4_unicode_ci DEFAULT NULL,
  `last_name` varchar(255) COLLATE utf8mb4_unicode_ci DEFAULT NULL,
  `email` varchar(255) COLLATE utf8mb4_unicode_ci DEFAULT NULL,
  `status` varchar(200) COLLATE utf8mb4_unicode_ci NOT NULL DEFAULT '',
  `verfy_user` varchar(225) COLLATE utf8mb4_unicode_ci DEFAULT NULL,
  `otp_verfied` int(11) DEFAULT '0',
  `otp` varchar(15) COLLATE utf8mb4_unicode_ci NOT NULL,
  `phone` varchar(255) COLLATE utf8mb4_unicode_ci DEFAULT NULL,
  `user_image` mediumtext COLLATE utf8mb4_unicode_ci,
  `email_verified_at` timestamp NULL DEFAULT NULL,
  `password` varchar(255) COLLATE utf8mb4_unicode_ci NOT NULL DEFAULT '',
  `customer_id` varchar(225) COLLATE utf8mb4_unicode_ci DEFAULT NULL,
  `token` text COLLATE utf8mb4_unicode_ci,
  `remember_token` varchar(100) COLLATE utf8mb4_unicode_ci DEFAULT NULL,
  `is_approved` tinyint(4) DEFAULT '1' COMMENT '0-pending,1-approved,2-rejected',
  `subs_status` varchar(225) COLLATE utf8mb4_unicode_ci DEFAULT NULL,
  `notification` tinyint(4) NOT NULL DEFAULT '0',
  `created_at` timestamp NULL DEFAULT NULL,
  `updated_at` timestamp NULL DEFAULT NULL
) ENGINE=InnoDB DEFAULT CHARSET=utf8mb4 COLLATE=utf8mb4_unicode_ci;

--
-- Dumping data for table `users`
--

INSERT INTO `users` (`id`, `first_name`, `last_name`, `email`, `status`, `verfy_user`, `otp_verfied`, `otp`, `phone`, `user_image`, `email_verified_at`, `password`, `customer_id`, `token`, `remember_token`, `is_approved`, `subs_status`, `notification`, `created_at`, `updated_at`) VALUES
(1, 'admin', 'admin', 'admin@admin.com', '1', 'enable', NULL, '0', NULL, NULL, NULL, '$2y$10$RF6yLFrfOvAQBOd9b1.9Suab2uCnnq0/e9v4zoJGRBu58FQH72TMC', '', '', NULL, 1, NULL, 0, '2021-12-10 06:24:33', '2022-05-09 05:09:22'),
(272, 'testing 6 user', NULL, 'testing6@gmail.com', '1', '0', 1, '0', NULL, '20220415135439.jpg', NULL, '$2y$10$T4ZnBsBjoyJY5kQbVUXl1Ok4suqvk9ohRJcODazyChKZ1eXWJTxP.', NULL, NULL, NULL, 1, NULL, 0, '2022-04-15 12:23:01', '2022-04-15 13:54:39'),
(273, 'shobha rajj', NULL, 'shobha@gmail.com', '1', '0', 1, '446636', NULL, '20220415231038.jpg', NULL, '$2y$10$GeCe2GGK0BNJDzLY5.NYROal8VLzinApHQ2Eh/hnzkUv47iQQ6FnW', NULL, NULL, NULL, 1, NULL, 0, '2022-04-15 22:56:16', '2022-04-25 05:16:17'),
(274, 'Sophia 9Hrtz', NULL, 'testing8@gmail.com', '1', '0', 1, '0', NULL, '20220628120709.jpg', NULL, '$2y$10$fF6m87ftnhBEXmCtZ3bzp.UNwyti7UJqnP9g.d97RGfaHHDPkwlU.', NULL, 'dQ7MiEFiQTSiZnSoMBWioW:APA91bGfqjqGDVMFhgFeUTBb4oAN7XB-8lxwjS11l4HXGTpt-6ExOlOk3njZPfhEe929fVTWZhDVW6absPFjA6wBYOCIbAnXaj-JdYeexTO7L4QMWUF3ff6hh8NMhLIB_sYBKL1VXuzn', NULL, 1, '1', 1, '2022-04-16 11:44:34', '2022-07-05 09:41:37'),
(281, 'Test 10', NULL, 'testing10@gmail.com', '1', '0', 1, '0', NULL, '20220425052754.jpg', NULL, '$2y$10$zpjLOjElWY7d9WhwDR5OAubqSoe0pndMU/8axWtsLgHESiXmBZb.e', NULL, NULL, NULL, 1, NULL, 0, '2022-04-25 04:38:02', '2022-05-25 11:56:26'),
(285, 'test 12', NULL, 'testing12@gmail.com', '1', '0', 1, '0', NULL, '20220427092659.jpg', NULL, '$2y$10$bYwv8.ZVcSfEfLLtAOya5eE5dYl6p6lGy8AKrQIJd.tlogRiFUkg.', NULL, NULL, NULL, 1, NULL, 0, '2022-04-27 09:26:16', '2022-05-25 12:05:05'),
(287, 'Tapan Ghosh', 'Ghosh', 'tapang786@gmail.com', '1', 'disable', 1, '0', NULL, '20220624045920.png', NULL, '$2y$10$LcStiaXlNrKUXxTuZHKIx.4hys4qc4/Vg04nDUrAcRwAMUY7R0GCO', 'cus_LlZYb7y2bwprbq', 'e4qq_1R4T2Sq7eYaXeIDNy:APA91bGgyduCrm2wfEBuhM2QImsCkhRdq8Qk41q4eYlK3xu4BW5fKqC9Qp569Jc4QVyHnFSBqme7JsFbV_JrtHJBhzjobQePeuPSdQeEsGwChnJkCClQWC2GxMZ8DWKHEo-h3CzpWb_a', NULL, 1, '1', 1, '2022-04-28 15:59:30', '2022-06-29 09:35:09'),
(294, NULL, NULL, 'jayamathur2000@gmail.com', '1', '0', 0, '267369', NULL, NULL, NULL, '$2y$10$RJp7dEmV.QiLymolxize7.5ADH8dlxj9xxyy10dtIKQSBjgSTx8.y', NULL, NULL, NULL, 1, NULL, 0, '2022-06-13 09:38:14', '2022-06-13 09:38:14'),
(299, NULL, NULL, 'eoxys.mobile.api@gmail.com', '1', '0', 0, '784570', NULL, NULL, NULL, '$2y$10$fy./9HOwNErcHCwpDnGUCu0ulRKSyY4GQdqd34DqAlrBMaAV.y9nS', NULL, NULL, NULL, 1, NULL, 0, '2022-06-13 10:01:36', '2022-06-13 10:01:36'),
(302, 'ewtt', NULL, 'ewtttt@gmail.com', '1', '0', 0, '724772', NULL, NULL, NULL, '$2y$10$7ur/xxrNO8zzOPpYYHse..o0UXvnPP94aeKAq./k9F6DNtNf8iIZK', NULL, NULL, NULL, 1, NULL, 0, '2022-06-13 10:25:37', '2022-06-13 10:25:37'),
(308, 'kartik mariyen', NULL, 'maniyen552@oceore.com', '1', '0', 1, '0', NULL, '20220613104336.jpg', NULL, '$2y$10$eZGaGyJFo92tHwP0eq9lMOkIOeScanYDXxlqDKU5m9RPcHSC2FXDy', NULL, NULL, NULL, 1, NULL, 0, '2022-06-13 10:41:55', '2022-06-13 10:43:36'),
(309, 'Steve', NULL, 'steve@yopmail.com', '1', '0', 1, '0', NULL, '20220614112807.jpg', NULL, '$2y$10$0hxZsCZfeO0Dx6LakSha.eBdfcqahpXNT28za6L7ISQcxd2uOXuT2', NULL, NULL, NULL, 1, NULL, 0, '2022-06-14 11:26:40', '2022-06-14 11:28:07'),
(311, 'Willl', NULL, 'Will@yopmail.com', '1', '0', 1, '0', NULL, '20220615055058.jpg', NULL, '$2y$10$2RW7s.QDDkB/ueyM60xKgONpr9MvXGE2hFyUV9pz.yeByKkl50hGy', NULL, NULL, NULL, 1, NULL, 0, '2022-06-15 05:49:52', '2022-06-15 05:50:58'),
(312, 'Testing 9', NULL, 'testing9@yopmail.com', '1', '0', 1, '0', NULL, '20220617121656.gif', NULL, '$2y$10$pJ4gU8KKOdUdFRw/ho8aOeCPEK4vh2FQJtEfEKbkU70ncF6vInkla', NULL, NULL, NULL, 1, NULL, 0, '2022-06-17 12:16:08', '2022-06-17 12:16:56'),
(313, 'Noah', NULL, 'noah@yopmail.com', '1', '0', 1, '0', NULL, '20220618061854.jpg', NULL, '$2y$10$nAgs0oM0kYOdR80QiDZA4uwn7V6rqq5vifPusivGnlmms9zVQi0X2', NULL, NULL, NULL, 1, NULL, 0, '2022-06-18 06:18:05', '2022-06-18 06:18:54'),
(314, 'testing user', NULL, 'yipefex476@exoacre.com', '1', '0', 1, '0', NULL, '20220620051232.jpg', NULL, '$2y$10$wMOdBczJ4QcTiLwMYI9qV.GenO2enw.joCGK6CuDWn9e6G486qxxq', NULL, NULL, NULL, 1, NULL, 0, '2022-06-20 05:11:20', '2022-06-20 05:12:32'),
(315, 'test123', NULL, 'setrebespa@vusra.com', '1', '0', 1, '0', NULL, '20220620053212.png', NULL, '$2y$10$AeB.tHaZyioaMAZd2dKOtuLP8fWx9R2fF/aBMLFH5FA5qX9WTzspq', NULL, NULL, NULL, 1, NULL, 0, '2022-06-20 05:31:16', '2022-06-20 05:32:12'),
(316, NULL, NULL, 'wiwyly@mailo.icu', '1', '0', 0, '973018', NULL, NULL, NULL, '$2y$10$.yNh1a4T5TJfem9.po5ojuIY02Lw5dazrllj8A6cXaVijcvR41Mx.', NULL, NULL, NULL, 1, NULL, 0, '2022-06-20 05:42:47', '2022-06-20 05:42:47'),
(318, NULL, NULL, 'martha@yopmail.com', '1', '0', 0, '747156', NULL, NULL, NULL, '$2y$10$YAFsocJKQomM/QryMOFG4.t./iV7cjcqlfdckcnTxT6I9NNpEN7hG', NULL, NULL, NULL, 1, NULL, 0, '2022-06-21 12:02:53', '2022-06-21 12:03:45'),
(319, 'marie', NULL, 'marie@yopmail.com', '1', '0', 1, '0', NULL, '20220621120659.jpg', NULL, '$2y$10$n1jr9czSCFCcxW9wXH.NKu8N0hTx6EZcfJQ95xUXA/ywWTKQ7y5US', NULL, 'fadYEFx0S3uanZhEDZP7_K:APA91bGudVk0MKBdytYrDtaFZkjfvGfV7GKqg_vzeyKUdV8v4ymIez2OylN4Uhhrq9bPh5o2rEgmZICer_-4eJhPL7OoLangCXd0so5FH6bc6Sr4g7WjDeNi5VxLKdOtc-jTSdJwLqhZ', NULL, 1, NULL, 1, '2022-06-21 12:05:09', '2022-07-05 10:28:39'),
(320, 'John', NULL, 'john@yopmail.com', '1', '0', 1, '0', NULL, '20220630115000.jpg', NULL, '$2y$10$rYnixg9CsvxMDBeteNg/vegIgbmB9uLxiBcO541k5m4fO8/J.sjsm', NULL, 'dTDucDKkQ5awE_x8yMAUbb:APA91bEc2RAvtILms13CtjGsGwPvOyRY4Wlq3pId8YtlqaG9ijbUNW8rc1nGao8fk0bZfER7gaaTcgGDObo94Lt4cV0ZoWOd22FwdkF-6Q_kGCWjhU8kJRy-s6seHkeArjKUhkVwx4ay', NULL, 1, NULL, 0, '2022-06-21 12:57:05', '2022-06-30 11:50:00'),
(321, 'leo', NULL, 'leo@yopmail.com', '1', '0', 1, '0', NULL, '20220628070802.jpg', NULL, '$2y$10$hZgbC.P1b4OCR88s0wwW7eP0IgEpbs0fFZXWdZC5ot5ItwS1ceXBK', NULL, 'dVQT3m9tTQaHcufXNco69h:APA91bEBkEc90xcwLXsoFQC7Jpqteh6YYfN-p_UREp3adw6SdnDGnLuYf7M3OOwzrMK0Bcvr6J92aJovv5Ifwjqs9UQSdKSF3ttAlAKU6yKUBLOGAae3JnP2orUMy-9J2P5mQz-m-T6l', NULL, 1, NULL, 0, '2022-06-28 07:07:00', '2022-07-01 06:38:21'),
(332, 'Cakka', NULL, 'cakkalurta@vusra.com', '1', '0', 1, '0', NULL, '20220630044323.jpg', NULL, '$2y$10$3iGZ5jrXGe/pzyuS8fqMGOAOYcsF54X3OMd0/e/bgW12lV/XeDuC2', NULL, 'dwaZEbgDTn6Hf49PxFXaTu:APA91bGgMwUcslvSElRV4MhP_oyp76VzPZNm8q5_44LTX2nxuqt_w7Rz6mbTw7FGhpYTuX1d2xEXXFq1B5LFMnKqT7ez7UOubdEbDQWko2NtUhB5N7Ztt8a0KTMUFfrX_U_Y6GE0Vcpu', NULL, 1, NULL, 0, '2022-06-30 04:42:22', '2022-06-30 04:43:45'),
(334, 'dheeraj', NULL, 'ljangid537@gmail.com', '1', '0', 1, '0', NULL, '20220630053604.jpg', NULL, '$2y$10$bQ8GIP2/vcdcujhF/dvmeOE2rQTZuNVnXm2qApVyhT5ssOtasEoQG', NULL, 'e2f3ctYPQjWzmRvIEsdRXC:APA91bGOe6LmbG_6gZCWPkrJNNGe_ErKCRwQGXMb1Lqygg5Apc8ZHevrAC3QFJdJy1q2tyvia9qJ2Z_8tFDRwLBcXaT4qARLQdNBoTJcTx1H99dZTlwv06sTbPlY6Zk-qb-sr8FC7pm6', NULL, 1, '1', 0, '2022-06-30 05:34:02', '2022-06-30 08:56:57'),
(335, 'Keshav', NULL, 'keshav@yopmail.com', '1', '0', 1, '0', NULL, '20220701064022.jpg', NULL, '$2y$10$on4TuQcweUDK/GpBqKmpa.o3gzlOxWN2igjXtJ./r3.NR4EUFWpYK', NULL, 'dVQT3m9tTQaHcufXNco69h:APA91bEBkEc90xcwLXsoFQC7Jpqteh6YYfN-p_UREp3adw6SdnDGnLuYf7M3OOwzrMK0Bcvr6J92aJovv5Ifwjqs9UQSdKSF3ttAlAKU6yKUBLOGAae3JnP2orUMy-9J2P5mQz-m-T6l', NULL, 1, NULL, 0, '2022-07-01 06:39:15', '2022-07-01 06:41:43');

-- --------------------------------------------------------

--
-- Table structure for table `user_privacy_setting`
--

CREATE TABLE `user_privacy_setting` (
  `id` int(11) NOT NULL,
  `user_id` int(11) NOT NULL,
  `profile_photo` tinyint(4) NOT NULL DEFAULT '0',
  `mood_update` tinyint(4) NOT NULL DEFAULT '0',
  `charts` tinyint(4) NOT NULL DEFAULT '0',
  `activity` tinyint(4) NOT NULL DEFAULT '0',
  `group_access` tinyint(4) NOT NULL DEFAULT '0',
  `created_at` timestamp NOT NULL DEFAULT CURRENT_TIMESTAMP,
  `updated_at` timestamp NOT NULL DEFAULT CURRENT_TIMESTAMP
) ENGINE=InnoDB DEFAULT CHARSET=utf8 COLLATE=utf8_unicode_ci;

--
-- Dumping data for table `user_privacy_setting`
--

INSERT INTO `user_privacy_setting` (`id`, `user_id`, `profile_photo`, `mood_update`, `charts`, `activity`, `group_access`, `created_at`, `updated_at`) VALUES
(1, 287, 1, 1, 1, 1, 1, '2022-06-08 07:36:24', '2022-06-30 05:26:03'),
(2, 274, 1, 1, 1, 1, 1, '2022-06-24 08:51:07', '2022-06-28 12:06:38'),
(3, 314, 0, 0, 0, 0, 0, '2022-06-24 13:26:01', '2022-06-24 13:26:32'),
(4, 319, 1, 1, 1, 1, 1, '2022-06-27 06:24:05', '2022-06-29 07:14:34'),
(5, 322, 1, 1, 1, 1, 1, '2022-06-28 11:59:35', '2022-06-28 11:59:40'),
(6, 321, 1, 1, 1, 1, 1, '2022-06-29 07:31:16', '2022-06-29 07:31:18'),
(7, 334, 1, 1, 1, 1, 1, '2022-06-30 05:43:52', '2022-06-30 05:43:55'),
(8, 320, 1, 1, 1, 1, 1, '2022-06-30 11:50:10', '2022-06-30 11:50:11');

--
-- Indexes for dumped tables
--

--
-- Indexes for table `activitys`
--
ALTER TABLE `activitys`
  ADD PRIMARY KEY (`id`);

--
-- Indexes for table `categories`
--
ALTER TABLE `categories`
  ADD PRIMARY KEY (`id`);

--
-- Indexes for table `contactlist`
--
ALTER TABLE `contactlist`
  ADD PRIMARY KEY (`id`),
  ADD KEY `contactlist_group_id_foreign` (`group_id`),
  ADD KEY `contactlist_user_id_foreign` (`user_id`);

--
-- Indexes for table `fillings`
--
ALTER TABLE `fillings`
  ADD PRIMARY KEY (`id`);

--
-- Indexes for table `friends`
--
ALTER TABLE `friends`
  ADD PRIMARY KEY (`id`);

--
-- Indexes for table `group`
--
ALTER TABLE `group`
  ADD PRIMARY KEY (`id`);

--
-- Indexes for table `journal_managements`
--
ALTER TABLE `journal_managements`
  ADD PRIMARY KEY (`id`);

--
-- Indexes for table `mails`
--
ALTER TABLE `mails`
  ADD PRIMARY KEY (`id`);

--
-- Indexes for table `migrations`
--
ALTER TABLE `migrations`
  ADD PRIMARY KEY (`id`);

--
-- Indexes for table `notifications`
--
ALTER TABLE `notifications`
  ADD PRIMARY KEY (`id`);

--
-- Indexes for table `oauth_access_tokens`
--
ALTER TABLE `oauth_access_tokens`
  ADD PRIMARY KEY (`id`),
  ADD KEY `oauth_access_tokens_user_id_index` (`user_id`);

--
-- Indexes for table `oauth_auth_codes`
--
ALTER TABLE `oauth_auth_codes`
  ADD PRIMARY KEY (`id`),
  ADD KEY `oauth_auth_codes_user_id_index` (`user_id`);

--
-- Indexes for table `oauth_clients`
--
ALTER TABLE `oauth_clients`
  ADD PRIMARY KEY (`id`),
  ADD KEY `oauth_clients_user_id_index` (`user_id`);

--
-- Indexes for table `oauth_personal_access_clients`
--
ALTER TABLE `oauth_personal_access_clients`
  ADD PRIMARY KEY (`id`);

--
-- Indexes for table `oauth_refresh_tokens`
--
ALTER TABLE `oauth_refresh_tokens`
  ADD PRIMARY KEY (`id`),
  ADD KEY `oauth_refresh_tokens_access_token_id_index` (`access_token_id`);

--
-- Indexes for table `pages`
--
ALTER TABLE `pages`
  ADD PRIMARY KEY (`id`);

--
-- Indexes for table `page_meta`
--
ALTER TABLE `page_meta`
  ADD PRIMARY KEY (`id`);

--
-- Indexes for table `password_resets`
--
ALTER TABLE `password_resets`
  ADD KEY `password_resets_email_index` (`email`);

--
-- Indexes for table `permissions`
--
ALTER TABLE `permissions`
  ADD PRIMARY KEY (`id`);

--
-- Indexes for table `plan_payments`
--
ALTER TABLE `plan_payments`
  ADD PRIMARY KEY (`id`);

--
-- Indexes for table `roles`
--
ALTER TABLE `roles`
  ADD PRIMARY KEY (`id`);

--
-- Indexes for table `settings`
--
ALTER TABLE `settings`
  ADD PRIMARY KEY (`id`);

--
-- Indexes for table `subscriptions`
--
ALTER TABLE `subscriptions`
  ADD PRIMARY KEY (`id`);

--
-- Indexes for table `tags`
--
ALTER TABLE `tags`
  ADD PRIMARY KEY (`id`),
  ADD KEY `tags_tag_id_foreign` (`tag_id`),
  ADD KEY `tags_user_id_foreign` (`user_id`);

--
-- Indexes for table `usercards`
--
ALTER TABLE `usercards`
  ADD PRIMARY KEY (`id`);

--
-- Indexes for table `users`
--
ALTER TABLE `users`
  ADD PRIMARY KEY (`id`);

--
-- Indexes for table `user_privacy_setting`
--
ALTER TABLE `user_privacy_setting`
  ADD PRIMARY KEY (`id`);

--
-- AUTO_INCREMENT for dumped tables
--

--
-- AUTO_INCREMENT for table `activitys`
--
ALTER TABLE `activitys`
  MODIFY `id` bigint(20) UNSIGNED NOT NULL AUTO_INCREMENT, AUTO_INCREMENT=102;

--
-- AUTO_INCREMENT for table `categories`
--
ALTER TABLE `categories`
  MODIFY `id` bigint(20) UNSIGNED NOT NULL AUTO_INCREMENT, AUTO_INCREMENT=24;

--
-- AUTO_INCREMENT for table `contactlist`
--
ALTER TABLE `contactlist`
  MODIFY `id` bigint(20) UNSIGNED NOT NULL AUTO_INCREMENT, AUTO_INCREMENT=233;

--
-- AUTO_INCREMENT for table `fillings`
--
ALTER TABLE `fillings`
  MODIFY `id` bigint(20) UNSIGNED NOT NULL AUTO_INCREMENT, AUTO_INCREMENT=16;

--
-- AUTO_INCREMENT for table `friends`
--
ALTER TABLE `friends`
  MODIFY `id` bigint(20) UNSIGNED NOT NULL AUTO_INCREMENT, AUTO_INCREMENT=74;

--
-- AUTO_INCREMENT for table `group`
--
ALTER TABLE `group`
  MODIFY `id` bigint(20) UNSIGNED NOT NULL AUTO_INCREMENT, AUTO_INCREMENT=111;

--
-- AUTO_INCREMENT for table `journal_managements`
--
ALTER TABLE `journal_managements`
  MODIFY `id` bigint(20) UNSIGNED NOT NULL AUTO_INCREMENT, AUTO_INCREMENT=65;

--
-- AUTO_INCREMENT for table `mails`
--
ALTER TABLE `mails`
  MODIFY `id` bigint(20) UNSIGNED NOT NULL AUTO_INCREMENT, AUTO_INCREMENT=10;

--
-- AUTO_INCREMENT for table `migrations`
--
ALTER TABLE `migrations`
  MODIFY `id` int(10) UNSIGNED NOT NULL AUTO_INCREMENT, AUTO_INCREMENT=89;

--
-- AUTO_INCREMENT for table `notifications`
--
ALTER TABLE `notifications`
  MODIFY `id` bigint(20) UNSIGNED NOT NULL AUTO_INCREMENT, AUTO_INCREMENT=126;

--
-- AUTO_INCREMENT for table `oauth_clients`
--
ALTER TABLE `oauth_clients`
  MODIFY `id` bigint(20) UNSIGNED NOT NULL AUTO_INCREMENT, AUTO_INCREMENT=7;

--
-- AUTO_INCREMENT for table `oauth_personal_access_clients`
--
ALTER TABLE `oauth_personal_access_clients`
  MODIFY `id` bigint(20) UNSIGNED NOT NULL AUTO_INCREMENT, AUTO_INCREMENT=4;

--
-- AUTO_INCREMENT for table `pages`
--
ALTER TABLE `pages`
  MODIFY `id` bigint(20) UNSIGNED NOT NULL AUTO_INCREMENT, AUTO_INCREMENT=5;

--
-- AUTO_INCREMENT for table `page_meta`
--
ALTER TABLE `page_meta`
  MODIFY `id` bigint(20) UNSIGNED NOT NULL AUTO_INCREMENT, AUTO_INCREMENT=19;

--
-- AUTO_INCREMENT for table `permissions`
--
ALTER TABLE `permissions`
  MODIFY `id` int(10) UNSIGNED NOT NULL AUTO_INCREMENT, AUTO_INCREMENT=67;

--
-- AUTO_INCREMENT for table `plan_payments`
--
ALTER TABLE `plan_payments`
  MODIFY `id` bigint(20) UNSIGNED NOT NULL AUTO_INCREMENT, AUTO_INCREMENT=41;

--
-- AUTO_INCREMENT for table `roles`
--
ALTER TABLE `roles`
  MODIFY `id` bigint(20) UNSIGNED NOT NULL AUTO_INCREMENT, AUTO_INCREMENT=5;

--
-- AUTO_INCREMENT for table `settings`
--
ALTER TABLE `settings`
  MODIFY `id` bigint(20) UNSIGNED NOT NULL AUTO_INCREMENT, AUTO_INCREMENT=70;

--
-- AUTO_INCREMENT for table `subscriptions`
--
ALTER TABLE `subscriptions`
  MODIFY `id` bigint(20) UNSIGNED NOT NULL AUTO_INCREMENT, AUTO_INCREMENT=12;

--
-- AUTO_INCREMENT for table `tags`
--
ALTER TABLE `tags`
  MODIFY `id` bigint(20) UNSIGNED NOT NULL AUTO_INCREMENT, AUTO_INCREMENT=8543;

--
-- AUTO_INCREMENT for table `usercards`
--
ALTER TABLE `usercards`
  MODIFY `id` bigint(20) UNSIGNED NOT NULL AUTO_INCREMENT, AUTO_INCREMENT=57;

--
-- AUTO_INCREMENT for table `users`
--
ALTER TABLE `users`
  MODIFY `id` bigint(20) UNSIGNED NOT NULL AUTO_INCREMENT, AUTO_INCREMENT=336;

--
-- AUTO_INCREMENT for table `user_privacy_setting`
--
ALTER TABLE `user_privacy_setting`
  MODIFY `id` int(11) NOT NULL AUTO_INCREMENT, AUTO_INCREMENT=9;

--
-- Constraints for dumped tables
--

--
-- Constraints for table `contactlist`
--
ALTER TABLE `contactlist`
  ADD CONSTRAINT `contactlist_group_id_foreign` FOREIGN KEY (`group_id`) REFERENCES `group` (`id`) ON DELETE CASCADE,
  ADD CONSTRAINT `contactlist_user_id_foreign` FOREIGN KEY (`user_id`) REFERENCES `users` (`id`) ON DELETE CASCADE;
COMMIT;

/*!40101 SET CHARACTER_SET_CLIENT=@OLD_CHARACTER_SET_CLIENT */;
/*!40101 SET CHARACTER_SET_RESULTS=@OLD_CHARACTER_SET_RESULTS */;
/*!40101 SET COLLATION_CONNECTION=@OLD_COLLATION_CONNECTION */;
